😀	grinning face	嘿嘿	grinning face | 嘿嘿 | cheerful | cheery | face | grin | grinning | happy | laugh | nice | smile | smiling | teeth | 笑脸 | 脸 | 高兴
😃	grinning face with big eyes	哈哈	grinning face with big eyes | 哈哈 | awesome | big | eyes | face | grin | grinning | happy | mouth | open | smile | smiling | teeth | yay | 太棒了 | 开口笑 | 开口笑脸 | 笑脸 | 脸 | 高兴
😄	grinning face with smiling eyes	大笑	grinning face with smiling eyes | 大笑 | eye | eyes | face | grin | grinning | happy | laugh | lol | mouth | open | smile | smiling | 哈哈 | 开口而笑的脸 | 开心 | 笑 | 脸 | 露齿而笑 | 高兴
😁	beaming face with smiling eyes	嘻嘻	beaming face with smiling eyes | 嘻嘻 | beaming | eye | eyes | face | grin | grinning | happy | nice | smile | smiling | teeth | 笑脸 | 笑颜 | 脸 | 露齿而笑
😆	grinning squinting face	斜眼笑	grinning squinting face | 斜眼笑 | closed | eyes | face | grinning | haha | hahaha | happy | laugh | lol | mouth | open | rofl | smile | smiling | squinting | 咧嘴笑 | 哈哈 | 开心 | 眯眼 | 眯眼大笑 | 笑 | 脸 | 高兴
😅	grinning face with sweat	苦笑	grinning face with sweat | 苦笑 | cold | dejected | excited | face | grinning | mouth | nervous | open | smile | smiling | stress | stressed | sweat | 冷汗 | 出汗 | 开口冒冷汗的脸 | 汗 | 泄气 | 紧张 | 脸
🤣	rolling on the floor laughing	笑得满地打滚	rolling on the floor laughing | 笑得满地打滚 | crying | face | floor | funny | haha | happy | hehe | hilarious | joy | laugh | lmao | lol | rofl | roflmao | rolling | tear | lolol | 乐翻了 | 哈哈 | 地板 | 太扯了 | 打滚 | 满地打滚的笑 | 笑 | 笑得流泪 | 脸 | 超扯
😂	face with tears of joy	笑哭了	face with tears of joy | 笑哭了 | crying | face | feels | funny | haha | happy | hehe | hilarious | joy | laugh | lmao | lol | rofl | roflmao | tear | 喜极而泣 | 大笑 | 眼泪 | 笑 | 笑哭 | 脸
🙂	slightly smiling face	呵呵	slightly smiling face | 呵呵 | face | happy | slightly | smile | smiling | 开心 | 浅笑的脸 | 笑 | 脸
🙃	upside-down face	倒脸	upside down face | 倒脸 | face | hehe | smile | upside down | 好玩 | 好笑 | 脸 | 颠倒 | 颠倒的脸
🫠	melting face	融化	melting face | 融化 | disappear | dissolve | embarrassed | face | haha | heat | hot | liquid | lol | melt | melting | sarcasm | sarcastic | 冷笑 | 哈哈 | 尴尬 | 微笑 | 消失 | 液体 | 溶解 | 热
😉	winking face	眨眼	winking face | 眨眼 | face | flirt | heartbreaker | sexy | slide | tease | wink | winking | winks | 媚眼 | 撩拨 | 眨眼的脸 | 笑 | 脸
😊	smiling face with smiling eyes	羞涩微笑	smiling face with smiling eyes | 羞涩微笑 | blush | eye | eyes | face | glad | satisfied | smile | smiling | 害羞 | 微笑 | 满意 | 笑脸相迎 | 羞涩 | 脸 | 脸红
😇	smiling face with halo	微笑天使	smiling face with halo | 微笑天使 | angel | angelic | angels | blessed | face | fairy | fairytale | fantasy | halo | happy | innocent | peaceful | smile | smiling | spirit | tale | 光环 | 天使 | 天真 | 幻想 | 微笑 | 脸 | 顶罩光环的笑脸
🥰	smiling face with hearts	喜笑颜开	smiling face with hearts | 喜笑颜开 | 3 | adore | crush | face | heart | hearts | ily | love | romance | smile | smiling | you | 三颗爱心的笑脸 | 心 | 我爱你 | 爱慕 | 相爱 | 笑脸 | 迷恋 | 陷入爱河
😍	smiling face with heart-eyes	花痴	smiling face with heart eyes | 花痴 | 143 | bae | eye | face | feels | heart eyes | hearts | ily | kisses | love | romance | romantic | smile | xoxo | 我爱你 | 爱 | 红心 | 脸
🤩	star-struck	好崇拜哦	star struck | 好崇拜哦 | excited | eyes | face | grinning | smile | star | starry eyed | wow | 兴奋 | 咧嘴笑 | 满天星 | 满眼星 | 脸 | 追星族 | 露齿笑
😘	face blowing a kiss	飞吻	face blowing a kiss | 飞吻 | adorbs | bae | blowing | face | flirt | heart | ily | kiss | love | lover | miss | muah | romantic | smooch | xoxo | you | 亲亲 | 想你 | 我爱你 | 眨眼 | 脸
😗	kissing face	亲亲	kissing face | 亲亲 | 143 | date | dating | face | flirt | ily | kiss | love | smooch | smooches | xoxo | you | 亲吻 | 吻 | 脸
☺️	smiling face	微笑	smiling face | 微笑 | face | happy | outlined | relaxed | smile | smiling | 呵呵 | 开心 | 放松 | 笑 | 脸
😚	kissing face with closed eyes	羞涩亲亲	kissing face with closed eyes | 羞涩亲亲 | 143 | bae | blush | closed | date | dating | eye | eyes | face | flirt | ily | kisses | kissing | smooches | xoxo | 亲亲 | 吻 | 我爱你 | 羞涩 | 脸 | 闭眼 | 闭眼亲吻
😙	kissing face with smiling eyes	微笑亲亲	kissing face with smiling eyes | 微笑亲亲 | 143 | closed | date | dating | eye | eyes | face | flirt | ily | kiss | kisses | kissing | love | night | smile | smiling | 亲亲 | 吻 | 微笑 | 笑颜亲吻 | 脸
🥲	smiling face with tear	含泪的笑脸	smiling face with tear | 含泪的笑脸 | face | glad | grateful | happy | joy | pain | proud | relieved | smile | smiley | smiling | tear | touched | 喜悦 | 喜极而泣 | 幸福 | 微笑 | 微笑的 | 感动 | 感动的 | 感恩的 | 感激 | 眼泪 | 笑中带泪 | 笑脸 | 自豪 | 苦中作乐 | 释怀的 | 骄傲的
😋	face savoring food	好吃	face savoring food | 好吃 | delicious | eat | face | food | full | hungry | savor | smile | smiling | tasty | um | yum | yummy | 口水 | 哈喇子 | 津津有味 | 流口水 | 美味 | 脸
😛	face with tongue	吐舌	face with tongue | 吐舌 | awesome | cool | face | nice | party | stuck out | sweet | tongue | 吐舌头的脸 | 太好了 | 脸 | 舌头 | 调皮
😜	winking face with tongue	单眼吐舌	winking face with tongue | 单眼吐舌 | crazy | epic | eye | face | funny | joke | loopy | nutty | party | stuck out | tongue | wacky | weirdo | wink | winking | yolo | 单眼 | 古怪 | 吐舌 | 开玩笑 | 怪人 | 挤眉弄眼 | 脸
🤪	zany face	滑稽	zany face | 滑稽 | crazy | eye | eyes | face | goofy | large | small | zany | 大小眼 | 大眼 | 小眼 | 滑稽的脸 | 疯狂的脸 | 疯眼 | 疯脸 | 脸
😝	squinting face with tongue	眯眼吐舌	squinting face with tongue | 眯眼吐舌 | closed | eye | eyes | face | gross | horrible | omg | squinting | stuck out | taste | tongue | whatever | yolo | 可怕 | 吐舌 | 尝 | 眯眼 | 眼睛 | 脸 | 都好 | 随便
🤑	money-mouth face	发财	money mouth face | 发财 | face | money | money mouth | mouth | paid | 拜金 | 脸 | 见钱眼开 | 金钱至上 | 钱
🤗	smiling face with open hands	抱抱	smiling face with open hands | 抱抱 | face | hands | hug | hugging | open | smiling | 抱 | 拥抱 | 笑 | 脸
🤭	face with hand over mouth	不说	face with hand over mouth | 不说 | face | giggle | giggling | hand | mouth | oops | realization | secret | shock | sudden | surprise | whoops | 不可说 | 傻笑 | 吃吃傻笑 | 哎呀 | 意外 | 捂嘴而笑 | 猛然发现 | 秘密 | 脸
🫢	face with open eyes and hand over mouth	睁眼捂嘴	face with open eyes and hand over mouth | 睁眼捂嘴 | amazement | awe | disbelief | embarrass | eyes | face | gasp | hand | mouth | omg | open | over | quiet | scared | shock | surprise | 哇塞 | 哑口无言 | 害怕 | 尴尬 | 怀疑 | 惊奇 | 惊愕 | 惊讶 | 敬畏 | 震惊
🫣	face with peeking eye	偷看	face with peeking eye | 偷看 | captivated | embarrass | eye | face | hide | hiding | peek | peeking | peep | scared | shy | stare | 偷窥 | 凝视 | 害怕 | 害羞 | 尴尬 | 迷住
🤫	shushing face	安静的脸	shushing face | 安静的脸 | face | quiet | shh | shush | shushing | 嘘 | 嘘声手势的脸 | 安静
🤔	thinking face	想一想	thinking face | 想一想 | chin | consider | face | hmm | ponder | pondering | thinking | wondering | 思考 | 想 | 想事情 | 脸
🫡	saluting face	致敬	saluting face | 致敬 | face | good | luck | ma’am | ok | respect | salute | saluting | sir | troops | yes | 军队 | 好 | 好的 | 收到 | 敬礼 | 是 | 阳光
🤐	zipper-mouth face	闭嘴	zipper mouth face | 闭嘴 | face | keep | mouth | quiet | secret | shut | zip | zipper | zipper mouth | 住嘴 | 嘴 | 封口 | 秘密 | 脸
🤨	face with raised eyebrow	挑眉	face with raised eyebrow | 挑眉 | disapproval | disbelief | distrust | emoji | eyebrow | face | hmm | mild | raised | skeptic | skeptical | skepticism | surprise | what | 不信任 | 不敢置信 | 不赞同 | 怀疑 | 氧起眉毛的脸 | 眉毛上挑的脸 | 脸
😐	neutral face	冷漠	neutral face | 冷漠 | awkward | blank | deadpan | expressionless | face | fine | jealous | meh | neutral | oh | shade | straight | unamused | unhappy | unimpressed | whatever | 无感 | 脸 | 表情空洞 | 面无表情
😑	expressionless face	无语	expressionless face | 无语 | awkward | dead | expressionless | face | fine | inexpressive | jealous | meh | not | oh | omg | straight | uh | unhappy | unimpressed | whatever | 没有反应 | 绷着脸 | 脸 | 茫然 | 面无表情
😶	face without mouth	沉默	face without mouth | 沉默 | awkward | blank | expressionless | face | mouth | mouthless | mute | quiet | secret | silence | silent | speechless | 嘴 | 安静 | 没嘴 | 秘密 | 脸
🫥	dotted line face	虚线脸	dotted line face | 虚线脸 | depressed | disappear | dotted | face | hidden | hide | introvert | invisible | line | meh | whatever | wtv | 内向 | 无所谓 | 沮丧 | 消失 | 隐形 | 隐藏
😶‍🌫️	face in clouds	迷茫	face in clouds | 迷茫 | absentminded | clouds | face | fog | head
😏	smirking face	得意	smirking face | 得意 | boss | dapper | face | flirt | homie | kidding | leer | shade | slick | sly | smirk | smug | snicker | suave | suspicious | swag | 假笑 | 冷笑 | 得意的笑 | 脸 | 诡异地笑
😒	unamused face	不高兴	unamused face | 不高兴 | ... | bored | face | fine | jealous | jel | jelly | pissed | smh | ugh | uhh | unamused | unhappy | weird | whatever | 不屑 | 不服 | 不爽的脸 | 脸 | 郁闷 | 鄙视 | 随便啦
🙄	face with rolling eyes	翻白眼	face with rolling eyes | 翻白眼 | eyeroll | eyes | face | rolling | shade | ugh | whatever | 不敢苟同 | 无语 | 白眼 | 脸 | 随便啦
😬	grimacing face	龇牙咧嘴	grimacing face | 龇牙咧嘴 | awk | awkward | dentist | face | grimace | grimacing | grinning | smile | smiling | 咬牙切齿 | 尴尬 | 牙医 | 脸 | 露齿 | 露齿而笑 | 鬼脸
😮‍💨	face exhaling	呼气	face exhaling | 呼气 | blow | blowing | exhale | exhaling | exhausted | face | gasp | groan | relief | sigh | smiley | smoke | whisper | whistle | 叹息 | 叹气 | 吹气 | 呼气的脸 | 唉 | 无奈 | 松一口气 | 疲惫 | 笑脸 | 释然
🤥	lying face	说谎	lying face | 说谎 | face | liar | lie | lying | pinocchio | 匹诺曹 | 脸 | 长鼻子 | 长鼻子脸
🫨	shaking face	颤抖	shaking face | 颤抖 | crazy | daze | earthquake | face | omg | panic | shaking | shock | surprise | vibrate | whoa | wow | 哇 | 地震 | 天啊 | 惊喜 | 惊慌 | 晕头转向 | 疯狂 | 脸 | 震动 | 震惊
🙂‍↔️	head shaking horizontally	左右摇头	head shaking horizontally | 左右摇头 | head | horizontally | no | shake | shaking | 否定 | 摇头
🙂‍↕️	head shaking vertically	上下点头	head shaking vertically | 上下点头 | head | nod | shaking | vertically | yes | 点头，肯定
😌	relieved face	松了口气	relieved face | 松了口气 | calm | face | peace | relief | relieved | zen | 如释重负 | 松口气 | 脸 | 蝉
😔	pensive face	沉思	pensive face | 沉思 | awful | bored | dejected | died | disappointed | face | losing | lost | pensive | sad | sucks | 失落 | 心事重重 | 忧虑 | 脸
😪	sleepy face	困	sleepy face | 困 | crying | face | good | night | sad | sleep | sleeping | sleepy | tired | 哭 | 想睡 | 满脸睡容 | 疲惫 | 睡觉 | 瞌睡 | 脸
🤤	drooling face	流口水	drooling face | 流口水 | drooling | face | 口水 | 垂涎 | 垂涎三尺 | 流口水的脸 | 脸
😴	sleeping face	睡着了	sleeping face | 睡着了 | bed | bedtime | face | good | goodnight | nap | night | sleep | sleeping | tired | whatever | yawn | zzz | 呼噜 | 小睡 | 想睡 | 打呼 | 晚安 | 睡容 | 睡觉 | 累 | 累了 | 脸
🫩	face with bags under eyes	有眼袋	face with bags under eyes | 有眼袋 | bags | bored | exhausted | eyes | face | fatigued | late | sleepy | tired | weary | 厌倦 | 困倦 | 晚睡 | 熬夜 | 疲倦 | 疲劳 | 疲惫 | 眼 | 眼袋 | 脸
😷	face with medical mask	感冒	face with medical mask | 感冒 | cold | dentist | dermatologist | doctor | dr | face | germs | mask | medical | medicine | sick | 医生 | 口罩 | 戴口罩 | 戴口罩的脸 | 生病 | 病菌 | 脸
🤒	face with thermometer	发烧	face with thermometer | 发烧 | face | ill | sick | thermometer | 体温计 | 咬着体温计的脸 | 温度计 | 生病 | 脸 | 量体温
🤕	face with head-bandage	受伤	face with head bandage | 受伤 | bandage | face | head bandage | hurt | injury | ouch | 头绑绷带 | 打绷带 | 脸
🤢	nauseated face	恶心	nauseated face | 恶心 | face | gross | nasty | nauseated | sick | vomit | 吐 | 呕 | 恶心作呕的脸 | 脸 | 脸绿了
🤮	face vomiting	呕吐	face vomiting | 呕吐 | barf | ew | face | gross | puke | sick | spew | throw | up | vomit | vomiting | 不舒服 | 吐 | 呕吐的脸 | 生病 | 病容 | 病恹恹 | 脸
🤧	sneezing face	打喷嚏	sneezing face | 打喷嚏 | face | fever | flu | gesundheit | sick | sneeze | sneezing | 喷嚏 | 打喷嚏的脸 | 生病 | 脸 | 鼻涕
🥵	hot face	脸发烧	hot face | 脸发烧 | dying | face | feverish | heat | hot | panting | red faced | stroke | sweating | tongue | 中暑 | 冒汗 | 出汗 | 发烧 | 发热 | 吐舌 | 心狂跳 | 热 | 脸红
🥶	cold face	冷脸	cold face | 冷脸 | blue | blue faced | cold | face | freezing | frostbite | icicles | subzero | teeth | 冰柱 | 冷 | 冷冰冰 | 冻 | 冻僵 | 满面寒霜 | 脸 | 脸色发青 | 蓝色 | 零下
🥴	woozy face	头昏眼花	woozy face | 头昏眼花 | dizzy | drunk | eyes | face | intoxicated | mouth | tipsy | uneven | wavy | woozy | 两眼不平 | 喝醉 | 嘴唇颤抖 | 头晕目眩 | 头晕眼花 | 微醉 | 微醺 | 波浪嘴形 | 眩晕的脸 | 眼花 | 醉醺醺
😵	face with crossed-out eyes	晕头转向	face with crossed out eyes | 晕头转向 | crossed out | dead | dizzy | eyes | face | feels | knocked | out | sick | tired | 头晕 | 头晕眼花 | 晕头 | 晕头的脸 | 脸
😵‍💫	face with spiral eyes	晕	face with spiral eyes | 晕 | confused | dizzy | eyes | face | hypnotized | omg | smiley | spiral | trouble | whoa | woah | woozy | 哇 | 哎呀 | 头晕 | 笑脸 | 迷糊
🤯	exploding head	爆炸头	exploding head | 爆炸头 | blown | explode | exploding | head | mind | mindblown | no | shocked | way | 不可能 | 印象深刻 | 吓到了 | 惊吓 | 震惊
🤠	cowboy hat face	牛仔帽脸	cowboy hat face | 牛仔帽脸 | cowboy | cowgirl | face | hat | 帽 | 牛仔 | 脸
🥳	partying face	聚会笑脸	partying face | 聚会笑脸 | bday | birthday | celebrate | celebration | excited | face | happy | hat | hooray | horn | party | partying | 号角 | 喝彩 | 帽子 | 庆祝 | 派对 | 狂欢的脸 | 生日 | 聚会 | 脸 | 节日快乐
🥸	disguised face	伪装的脸	disguised face | 伪装的脸 | disguise | eyebrow | face | glasses | incognito | moustache | mustache | nose | person | spy | tache | tash | 人物 | 伪装 | 眉毛 | 眼镜 | 胡子 | 脸 | 间谍 | 隐瞒身份 | 鼻子
😎	smiling face with sunglasses	墨镜笑脸	smiling face with sunglasses | 墨镜笑脸 | awesome | beach | bright | bro | chilling | cool | face | rad | relaxed | shades | slay | smile | style | sunglasses | swag | win | 太阳镜 | 眼镜 | 耶 | 脸 | 酷 | 墨镜
🤓	nerd face	书呆子脸	nerd face | 书呆子脸 | brainy | clever | expert | face | geek | gifted | glasses | intelligent | nerd | smart | 专家 | 书呆子 | 天才 | 奇葩 | 宅男 | 极客 | 眼镜 | 眼镜笑脸 | 聪明 | 脸
🧐	face with monocle	带单片眼镜的脸	face with monocle | 带单片眼镜的脸 | classy | face | fancy | monocle | rich | stuffy | wealthy | 单眼镜 | 古板 | 奢华 | 富有 | 戴单眼镜的脸
😕	confused face	困扰	confused face | 困扰 | befuddled | confused | confusing | dunno | face | frown | hm | meh | not | sad | sorry | sure | 不懂 | 不确定 | 困惑 | 疑惑 | 脸
🫤	face with diagonal mouth	郁闷	face with diagonal mouth | 郁闷 | confused | confusion | diagonal | disappointed | doubt | doubtful | face | frustrated | frustration | meh | mouth | skeptical | unsure | whatever | wtv | 不相信 | 不确定 | 困惑 | 失望 | 怀疑 | 无所谓 | 无聊 | 沮丧 | 疑惑 | 迷惘
😟	worried face	担心	worried face | 担心 | anxious | butterflies | face | nerves | nervous | sad | stress | stressed | surprised | worried | worry | 不高兴 | 伤心 | 忧心的脸 | 意外 | 担忧 | 焦虑 | 紧张 | 脸
🙁	slightly frowning face	微微不满	slightly frowning face | 微微不满 | face | frown | frowning | sad | slightly | 不开心 | 不高兴 | 不高兴的脸 | 委屈 | 小委屈 | 心情不好 | 脸
☹️	frowning face	不满	frowning face | 不满 | face | frown | frowning | sad | 不爽 | 不高兴 | 委屈 | 皱眉 | 皱眉的脸 | 脸
😮	face with open mouth	吃惊	face with open mouth | 吃惊 | believe | face | forgot | mouth | omg | open | shocked | surprised | sympathy | unbelievable | unreal | whoa | wow | you | 同情 | 啊 | 忘记 | 我不信 | 我的天 | 脸
😯	hushed face	缄默	hushed face | 缄默 | epic | face | hushed | omg | stunned | surprised | whoa | woah | 吃惊 | 哦 | 我的天 | 脸 | 静而无语
😲	astonished face	震惊	astonished face | 震惊 | astonished | cost | face | no | omg | shocked | totally | way | 不可以 | 惊 | 惊讶 | 惊讶的脸 | 没可能 | 绝不 | 脸
😳	flushed face	脸红	flushed face | 脸红 | amazed | awkward | crazy | dazed | dead | disbelief | embarrassed | face | flushed | geez | heat | hot | impressed | jeez | what | wow | 困惑 | 天呀 | 害羞 | 羞涩 | 脸 | 茫然 | 迷茫 | 难以置信
🥺	pleading face	恳求的脸	pleading face | 恳求的脸 | begging | big | eyes | face | mercy | not | pleading | please | pretty | puppy | sad | why | 可怜兮兮的眼神 | 大眼睛 | 小狗的脸 | 怜悯 | 祈求 | 祈求的脸 | 脸 | 请求
🥹	face holding back tears	忍住泪水	face holding back tears | 忍住泪水 | admiration | aww | back | cry | embarrassed | face | feelings | grateful | gratitude | holding | joy | please | proud | resist | sad | tears | 哭泣 | 喜极而泣 | 尴尬 | 悲伤 | 情绪 | 感激 | 感谢 | 抗拒 | 拜托 | 生气 | 自豪
😦	frowning face with open mouth	啊	frowning face with open mouth | 啊 | caught | face | frown | frowning | guard | mouth | open | scared | scary | surprise | what | wow | 惊讶 | 意外 | 目瞪口呆 | 脸
😧	anguished face	极度痛苦	anguished face | 极度痛苦 | anguished | face | forgot | scared | scary | stressed | surprise | unhappy | what | wow | 痛 | 痛啊 | 痛苦 | 脸 | 难受
😨	fearful face	害怕	fearful face | 害怕 | afraid | anxious | blame | face | fear | fearful | scared | worried | 不安 | 怕 | 恐怖 | 恐惧 | 脸
😰	anxious face with sweat	冷汗	anxious face with sweat | 冷汗 | anxious | blue | cold | eek | face | mouth | nervous | open | rushed | scared | sweat | yikes | 张嘴冒冷汗的脸 | 惊讶 | 无语 | 汗 | 焦虑 | 紧张 | 脸
😥	sad but relieved face	失望但如释重负	sad but relieved face | 失望但如释重负 | anxious | call | close | complicated | disappointed | face | not | relieved | sad | sweat | time | whew | 下次吧 | 出冷汗 | 失望 | 失望但解脱 | 如释重负 | 脸
😢	crying face	哭	crying face | 哭 | awful | cry | crying | face | feels | miss | sad | tear | triste | unhappy | 伤心 | 哀伤 | 哭脸 | 泪 | 脸
😭	loudly crying face	放声大哭	loudly crying face | 放声大哭 | bawling | cry | crying | face | loudly | sad | sob | tear | tears | unhappy | 哭 | 大哭 | 放声大哭的脸 | 泪 | 痛哭 | 脸
😱	face screaming in fear	吓死了	face screaming in fear | 吓死了 | epic | face | fear | fearful | munch | scared | scream | screamer | screaming | shocked | surprised | woah | 吓死 | 害怕 | 尖叫 | 恐怖 | 惊吓大叫的脸 | 脸
😖	confounded face	困惑	confounded face | 困惑 | annoyed | confounded | confused | cringe | distraught | face | feels | frustrated | mad | sad | 困惑的脸 | 焦头烂额 | 纠结 | 脸
😣	persevering face	痛苦	persevering face | 痛苦 | concentrate | concentration | face | focus | headache | persevere | persevering | 专注 | 入定 | 头痛 | 忍耐 | 脸 | 难受
😞	disappointed face	失望	disappointed face | 失望 | awful | blame | dejected | disappointed | face | fail | losing | sad | unhappy | 不高兴 | 失望的脸 | 脸 | 难过
😓	downcast face with sweat	汗	downcast face with sweat | 汗 | close | cold | downcast | face | feels | headache | nervous | sad | scared | sweat | yikes | 冒冷汗 | 冒汗 | 冷 | 尴尬 | 担心 | 脸
😩	weary face	累死了	weary face | 累死了 | crying | face | fail | feels | hungry | mad | nooo | sad | sleepy | tired | unhappy | weary | 疲倦 | 疲劳 | 疲惫 | 累 | 脸
😫	tired face	累	tired face | 累 | cost | face | feels | nap | sad | sneeze | tired | 倦容 | 疲倦 | 疲劳 | 疲惫 | 脸
🥱	yawning face	打呵欠	yawning face | 打呵欠 | bedtime | bored | face | goodnight | nap | night | sleep | sleepy | tired | whatever | yawn | yawning | zzz | 呵欠 | 哈欠 | 困 | 困倦 | 夜里 | 打哈欠 | 打哈欠的脸 | 无聊 | 昏昏欲睡 | 晚安 | 疲倦 | 累
😤	face with steam from nose	傲慢	face with steam from nose | 傲慢 | anger | angry | face | feels | fume | fuming | furious | fury | mad | nose | steam | triumph | unhappy | won | 不爽 | 愤怒 | 气炸了 | 胜利 | 自负 | 赢 | 趾高气昂
😡	enraged face	怒火中烧	enraged face | 怒火中烧 | anger | angry | enraged | face | feels | mad | maddening | pouting | rage | red | shade | unhappy | upset | 发火 | 发飙 | 怒 | 生气 | 脸
😠	angry face	生气	angry face | 生气 | anger | angry | blame | face | feels | frustrated | mad | maddening | rage | shade | unhappy | upset | 不爽 | 不高兴 | 怒 | 愤怒 | 脸
🤬	face with symbols on mouth	嘴上有符号的脸	face with symbols on mouth | 嘴上有符号的脸 | censor | cursing | cussing | face | mad | mouth | pissed | swearing | symbols | 不爽 | 发誓 | 咒骂 | 生气 | 碎碎唸的脸 | 脸 | 诅咒
😈	smiling face with horns	恶魔微笑	smiling face with horns | 恶魔微笑 | demon | devil | evil | face | fairy | fairytale | fantasy | horns | purple | shade | smile | smiling | tale | 幻想 | 微笑 | 犄角 | 神话故事 | 脸 | 邪魔
👿	angry face with horns	生气的恶魔	angry face with horns | 生气的恶魔 | angry | demon | devil | evil | face | fairy | fairytale | fantasy | horns | imp | mischievous | purple | shade | tale | 带角的怒容 | 幻想 | 恶魔 | 犄角 | 脸 | 顽童
💀	skull	头骨	skull | 头骨 | body | dead | death | face | fairy | fairytale | i’m | lmao | monster | tale | yolo | 妖怪 | 怪兽 | 死亡 | 神话故事 | 脸 | 身体 | 骷髅
☠️	skull and crossbones	骷髅	skull and crossbones | 骷髅 | bone | crossbones | dead | death | face | monster | skull | 交叉股骨 | 头骨 | 妖怪 | 怪物 | 死亡 | 海盗 | 脸 | 骨头
💩	pile of poo	大便	pile of poo | 大便 | bs | comic | doo | dung | face | fml | monster | pile | poo | poop | smelly | smh | stink | stinks | stinky | turd | 好臭 | 屎 | 怪物 | 粑粑 | 脸 | 臭
🤡	clown face	小丑脸	clown face | 小丑脸 | clown | face | 小丑 | 脸
👹	ogre	食人魔	ogre | 食人魔 | creature | devil | face | fairy | fairytale | fantasy | mask | monster | scary | tale | 吓人 | 妖怪 | 幻想 | 日本 | 神话故事 | 脸 | 面具 | 鬼 | 魔鬼
👺	goblin	小妖精	goblin | 小妖精 | angry | creature | face | fairy | fairytale | fantasy | mask | mean | monster | tale | 妖怪 | 幻想 | 怪物 | 日本 | 神话故事 | 脸 | 鬼
👻	ghost	鬼	ghost | 鬼 | boo | creature | excited | face | fairy | fairytale | fantasy | halloween | haunting | monster | scary | silly | tale | 万圣节 | 妖怪 | 幻想 | 幽灵 | 怪物 | 神话故事 | 脸 | 鬼脸
👽	alien	外星人	alien | 外星人 | creature | extraterrestrial | face | fairy | fairytale | fantasy | monster | space | tale | ufo | 外太空 | 外星 | 太空 | 幻想 | 星际 | 脸 | 飞碟
👾	alien monster	外星怪物	alien monster | 外星怪物 | alien | creature | extraterrestrial | face | fairy | fairytale | fantasy | game | gamer | games | monster | pixelated | space | tale | ufo | 外星 | 外星人 | 太空 | 怪物 | 星际 | 脸 | 飞碟
🤖	robot	机器人	robot | 机器人 | face | monster | 怪物 | 脸
😺	grinning cat	大笑的猫	grinning cat | 大笑的猫 | animal | cat | face | grinning | mouth | open | smile | smiling | 哈哈 | 大笑的猫脸 | 猫脸 | 笑 | 脸
😸	grinning cat with smiling eyes	微笑的猫	grinning cat with smiling eyes | 微笑的猫 | animal | cat | eye | eyes | face | grin | grinning | smile | smiling | 呵呵 | 微笑的猫脸 | 猫脸 | 笑 | 笑颜逐开 | 脸
😹	cat with tears of joy	笑出眼泪的猫	cat with tears of joy | 笑出眼泪的猫 | animal | cat | face | joy | laugh | laughing | lol | tear | tears | 喜极而泣 | 快乐 | 猫脸 | 眼泪 | 笑出眼泪 | 笑出眼泪的猫脸 | 脸
😻	smiling cat with heart-eyes	花痴的猫	smiling cat with heart eyes | 花痴的猫 | animal | cat | eye | face | heart | heart eyes | love | smile | smiling | wc | 喜欢 | 心 | 猫 | 猫脸 | 脸 | 花痴 | 花痴的猫脸
😼	cat with wry smile	奸笑的猫	cat with wry smile | 奸笑的猫 | animal | cat | face | ironic | smile | wry | 嘲讽笑容 | 奸笑 | 奸笑的猫脸 | 猫脸 | 脸 | 讽刺
😽	kissing cat	亲亲猫	kissing cat | 亲亲猫 | animal | cat | closed | eye | eyes | face | kiss | kissing | 亲亲 | 吻 | 猫脸 | 猫脸亲亲 | 脸 | 闭眼亲亲的猫脸
🙀	weary cat	疲倦的猫	weary cat | 疲倦的猫 | animal | cat | face | oh | surprised | weary | 惊讶 | 猫脸 | 疲倦 | 疲倦的猫脸 | 疲劳 | 疲惫 | 累 | 脸
😿	crying cat	哭泣的猫	crying cat | 哭泣的猫 | animal | cat | cry | crying | face | sad | tear | 哭 | 哭泣的猫脸 | 泪 | 猫脸 | 眼泪 | 脸 | 难过
😾	pouting cat	生气的猫	pouting cat | 生气的猫 | animal | cat | face | pouting | 猫脸 | 生气 | 生气的猫脸 | 脸
🙈	see-no-evil monkey	非礼勿视	see no evil monkey | 非礼勿视 | embarrassed | evil | face | forbidden | forgot | gesture | hide | monkey | no | omg | prohibited | scared | secret | smh | watch | 不许看 | 别看 | 尴尬 | 糗 | 脸 | 蒙住眼睛 | 蒙眼
🙉	hear-no-evil monkey	非礼勿听	hear no evil monkey | 非礼勿听 | animal | ears | evil | face | forbidden | gesture | hear | listen | monkey | no | not | prohibited | secret | shh | tmi | 嘘 | 堵上耳朵 | 堵耳 | 猴子 | 脸
🙊	speak-no-evil monkey	非礼勿言	speak no evil monkey | 非礼勿言 | animal | evil | face | forbidden | gesture | monkey | no | not | oops | prohibited | quiet | secret | speak | stealth | 不许说 | 捂上嘴巴 | 捂嘴 | 秘密 | 脸
💌	love letter	情书	love letter | 情书 | heart | letter | love | mail | romance | valentine | 信 | 心 | 邮件
💘	heart with arrow	心中箭了	heart with arrow | 心中箭了 | 143 | adorbs | arrow | cupid | date | emotion | heart | ily | love | romance | valentine | 一箭穿心 | 丘比特 | 我爱你 | 浪漫 | 爱情 | 箭 | 红心
💝	heart with ribbon	系有缎带的心	heart with ribbon | 系有缎带的心 | 143 | anniversary | emotion | heart | ily | kisses | ribbon | valentine | xoxo | 我爱你 | 爱的礼物 | 绑丝带的心 | 送你一颗心
💖	sparkling heart	闪亮的心	sparkling heart | 闪亮的心 | 143 | emotion | excited | good | heart | ily | kisses | morning | night | sparkle | sparkling | xoxo | 我爱你 | 激动 | 红心 | 闪亮
💗	growing heart	搏动的心	growing heart | 搏动的心 | 143 | emotion | excited | growing | heart | heartpulse | ily | kisses | muah | nervous | pulse | xoxo | 亲亲 | 吻 | 我爱你 | 搏动 | 激动 | 红心 | 紧张
💓	beating heart	心跳	beating heart | 心跳 | 143 | beating | cardio | emotion | heart | heartbeat | ily | love | pulsating | pulse | 心动 | 我爱你 | 爱
💞	revolving hearts	舞动的心	revolving hearts | 舞动的心 | 143 | adorbs | anniversary | emotion | heart | hearts | revolving | 我爱你 | 旋转 | 涌动 | 跃动
💕	two hearts	两颗心	two hearts | 两颗心 | 143 | anniversary | date | dating | emotion | heart | hearts | ily | kisses | love | loving | two | xoxo | 我爱你 | 爱情
💟	heart decoration	心型装饰	heart decoration | 心型装饰 | 143 | decoration | emotion | heart | hearth | purple | white | 心 | 我爱你 | 装饰
❣️	heart exclamation	心叹号	heart exclamation | 心叹号 | exclamation | heart | heavy | mark | punctuation | 叹号 | 心动 | 标点符号
💔	broken heart	心碎	broken heart | 心碎 | break | broken | crushed | emotion | heart | heartbroken | lonely | sad | 伤心
❤️‍🔥	heart on fire	火上之心	heart on fire | 火上之心 | burn | fire | heart | love | lust | sacred | 渴望 | 燃烧 | 爱
❤️‍🩹	mending heart	修复受伤的心灵	mending heart | 修复受伤的心灵 | healthier | heart | improving | mending | recovering | recuperating | well | 修补 | 恢复 | 痊愈
❤️	red heart	红心	red heart | 红心 | emotion | heart | love | red | 心 | 爱
🩷	pink heart	粉红色的心	pink heart | 粉红色的心 | 143 | adorable | cute | emotion | heart | ily | like | love | pink | special | sweet | 可爱 | 喜欢 | 心 | 感情 | 我爱你 | 爱 | 特殊 | 甜蜜 | 粉红 | 讨人喜欢
🧡	orange heart	橙心	orange heart | 橙心 | 143 | heart | orange | 橘心 | 橘色 | 橘色的心 | 橙
💛	yellow heart	黄心	yellow heart | 黄心 | 143 | cardiac | emotion | heart | ily | love | yellow | 我爱你 | 黄
💚	green heart	绿心	green heart | 绿心 | 143 | emotion | green | heart | ily | love | romantic | 我爱你 | 绿
💙	blue heart	蓝心	blue heart | 蓝心 | 143 | blue | emotion | heart | ily | love | romance | 我爱你 | 蓝
🩵	light blue heart	浅蓝色的心	light blue heart | 浅蓝色的心 | 143 | blue | cute | cyan | emotion | heart | ily | light | like | love | sky | special | teal | 可爱 | 喜欢 | 天蓝 | 心 | 感情 | 我爱你 | 浅蓝 | 爱 | 特殊 | 蓝绿 | 蓝绿色 | 青色
💜	purple heart	紫心	purple heart | 紫心 | 143 | bestest | emotion | heart | ily | love | purple | 我爱你 | 紫
🤎	brown heart	棕心	brown heart | 棕心 | 143 | brown | heart | 心 | 心形 | 棕 | 棕色 | 棕色爱心 | 爱心
🖤	black heart	黑心	black heart | 黑心 | black | evil | heart | wicked | 心 | 邪恶 | 黑 | 黑色 | 黑色的心
🩶	grey heart	灰心	grey heart | 灰心 | 143 | emotion | gray | grey | heart | ily | love | silver | slate | special | 心 | 感情 | 我爱你 | 暗灰 | 灰 | 灰色 | 爱 | 特殊 | 银 | 银色
🤍	white heart	白心	white heart | 白心 | 143 | heart | white | 心 | 心形 | 爱心 | 白 | 白色 | 白色爱心
💋	kiss mark	唇印	kiss mark | 唇印 | dating | emotion | heart | kiss | kissing | lips | mark | romance | sexy | 亲吻 | 吻 | 唇 | 性感 | 接吻 | 浪漫
💯	hundred points	一百分	hundred points | 一百分 | 100 | a+ | agree | clearly | definitely | faithful | fleek | full | hundred | keep | perfect | point | score | true | truth | yup | 满分 | 百分百 | 绝对 | 考试
💢	anger symbol	怒	anger symbol | 怒 | anger | angry | comic | mad | symbol | upset | 火大 | 生气 | 青筋
💥	collision	爆炸	collision | 爆炸 | bomb | boom | collide | comic | explode | 撞 | 旺 | 炸 | 爆
💫	dizzy	头晕	dizzy | 头晕 | comic | shining | shooting | star | stars | 头晕目眩 | 星星 | 流星
💦	sweat droplets	汗滴	sweat droplets | 汗滴 | comic | drip | droplet | droplets | drops | splashing | squirt | sweat | water | wet | work | workout | 喷溅 | 小水滴 | 小水珠 | 汗 | 泼贱 | 溅
💨	dashing away	尾气	dashing away | 尾气 | away | cloud | comic | dash | dashing | fart | fast | go | gone | gotta | running | smoke | 扬尘而去 | 放屁 | 烟 | 疾驰而去 | 飞奔而去
🕳️	hole	洞	hole | 洞 | 井盖 | 坑 | 陷阱
💬	speech balloon	话语气泡	speech balloon | 话语气泡 | balloon | bubble | comic | dialog | message | sms | speech | talk | text | typing | 发言 | 对话框 | 气泡 | 气泡对话框 | 气球 | 漫画
👁️‍🗨️	eye in speech bubble	眼睛对话框	eye in speech bubble | 眼睛对话框 | balloon | bubble | eye | speech | witness | 对话框 | 目擊 | 眼睛
🗨️	left speech bubble	朝左的话语气泡	left speech bubble | 朝左的话语气泡 | balloon | bubble | dialog | left | speech | 对话框 | 话语
🗯️	right anger bubble	愤怒话语气泡	right anger bubble | 愤怒话语气泡 | anger | angry | balloon | bubble | mad | right | 右倾愤怒对话框 | 对话框 | 愤怒
💭	thought balloon	内心活动气泡	thought balloon | 内心活动气泡 | balloon | bubble | cartoon | cloud | comic | daydream | decisions | dream | idea | invent | invention | realize | think | thoughts | wonder | 对话框 | 思想 | 思想活动 | 想法 | 梦 | 气泡 | 泡泡对话框 | 白日梦
💤	ZZZ	睡着	zzz | 睡着 | comic | good | goodnight | night | sleep | sleeping | sleepy | tired | 呼噜 | 困了 | 想睡 | 打呼 | 晚安 | 疲倦
👋	waving hand	挥手	waving hand | 挥手 | bye | cya | g2g | greetings | gtg | hand | hello | hey | hi | later | outtie | ttfn | ttyl | wave | yo | you | 你好 | 再见 | 嗨 | 在吗 | 手 | 等一下 | 等等 | 该走了
👋🏻	waving hand: light skin tone	挥手: 较浅肤色	waving hand light skin tone | 挥手 较浅肤色 | bye | cya | g2g | greetings | gtg | hand | hello | hey | hi | later | light skin tone | outtie | ttfn | ttyl | wave | yo | you | 你好 | 再见 | 嗨 | 在吗 | 手 | 挥手 | 等一下 | 等等 | 该走了 | 较浅肤色
👋🏼	waving hand: medium-light skin tone	挥手: 中等-浅肤色	waving hand medium light skin tone | 挥手 中等 浅肤色 | bye | cya | g2g | greetings | gtg | hand | hello | hey | hi | later | medium light skin tone | outtie | ttfn | ttyl | wave | yo | you | 中等 浅肤色 | 你好 | 再见 | 嗨 | 在吗 | 手 | 挥手 | 等一下 | 等等 | 该走了
👋🏽	waving hand: medium skin tone	挥手: 中等肤色	waving hand medium skin tone | 挥手 中等肤色 | bye | cya | g2g | greetings | gtg | hand | hello | hey | hi | later | medium skin tone | outtie | ttfn | ttyl | wave | yo | you | 中等肤色 | 你好 | 再见 | 嗨 | 在吗 | 手 | 挥手 | 等一下 | 等等 | 该走了
👋🏾	waving hand: medium-dark skin tone	挥手: 中等-深肤色	waving hand medium dark skin tone | 挥手 中等 深肤色 | bye | cya | g2g | greetings | gtg | hand | hello | hey | hi | later | medium dark skin tone | outtie | ttfn | ttyl | wave | yo | you | 中等 深肤色 | 你好 | 再见 | 嗨 | 在吗 | 手 | 挥手 | 等一下 | 等等 | 该走了
👋🏿	waving hand: dark skin tone	挥手: 较深肤色	waving hand dark skin tone | 挥手 较深肤色 | bye | cya | dark skin tone | g2g | greetings | gtg | hand | hello | hey | hi | later | outtie | ttfn | ttyl | wave | yo | you | 你好 | 再见 | 嗨 | 在吗 | 手 | 挥手 | 等一下 | 等等 | 该走了 | 较深肤色
🤚	raised back of hand	立起的手背	raised back of hand | 立起的手背 | back | backhand | hand | raised | 举起 | 举起手背 | 手 | 手背 | 立起
🤚🏻	raised back of hand: light skin tone	立起的手背: 较浅肤色	raised back of hand light skin tone | 立起的手背 较浅肤色 | back | backhand | hand | light skin tone | raised | 举起 | 举起手背 | 手 | 手背 | 立起 | 立起的手背 | 较浅肤色
🤚🏼	raised back of hand: medium-light skin tone	立起的手背: 中等-浅肤色	raised back of hand medium light skin tone | 立起的手背 中等 浅肤色 | back | backhand | hand | medium light skin tone | raised | 中等 浅肤色 | 举起 | 举起手背 | 手 | 手背 | 立起 | 立起的手背
🤚🏽	raised back of hand: medium skin tone	立起的手背: 中等肤色	raised back of hand medium skin tone | 立起的手背 中等肤色 | back | backhand | hand | medium skin tone | raised | 中等肤色 | 举起 | 举起手背 | 手 | 手背 | 立起 | 立起的手背
🤚🏾	raised back of hand: medium-dark skin tone	立起的手背: 中等-深肤色	raised back of hand medium dark skin tone | 立起的手背 中等 深肤色 | back | backhand | hand | medium dark skin tone | raised | 中等 深肤色 | 举起 | 举起手背 | 手 | 手背 | 立起 | 立起的手背
🤚🏿	raised back of hand: dark skin tone	立起的手背: 较深肤色	raised back of hand dark skin tone | 立起的手背 较深肤色 | back | backhand | dark skin tone | hand | raised | 举起 | 举起手背 | 手 | 手背 | 立起 | 立起的手背 | 较深肤色
🖐️	hand with fingers splayed	手掌	hand with fingers splayed | 手掌 | finger | fingers | hand | raised | splayed | stop | 举起张开的手掌 | 击掌 | 布 | 手 | 禁止
🖐🏻	hand with fingers splayed: light skin tone	手掌: 较浅肤色	hand with fingers splayed light skin tone | 手掌 较浅肤色 | finger | fingers | hand | light skin tone | raised | splayed | stop | 举起张开的手掌 | 击掌 | 布 | 手 | 手掌 | 禁止 | 较浅肤色
🖐🏼	hand with fingers splayed: medium-light skin tone	手掌: 中等-浅肤色	hand with fingers splayed medium light skin tone | 手掌 中等 浅肤色 | finger | fingers | hand | medium light skin tone | raised | splayed | stop | 中等 浅肤色 | 举起张开的手掌 | 击掌 | 布 | 手 | 手掌 | 禁止
🖐🏽	hand with fingers splayed: medium skin tone	手掌: 中等肤色	hand with fingers splayed medium skin tone | 手掌 中等肤色 | finger | fingers | hand | medium skin tone | raised | splayed | stop | 中等肤色 | 举起张开的手掌 | 击掌 | 布 | 手 | 手掌 | 禁止
🖐🏾	hand with fingers splayed: medium-dark skin tone	手掌: 中等-深肤色	hand with fingers splayed medium dark skin tone | 手掌 中等 深肤色 | finger | fingers | hand | medium dark skin tone | raised | splayed | stop | 中等 深肤色 | 举起张开的手掌 | 击掌 | 布 | 手 | 手掌 | 禁止
🖐🏿	hand with fingers splayed: dark skin tone	手掌: 较深肤色	hand with fingers splayed dark skin tone | 手掌 较深肤色 | dark skin tone | finger | fingers | hand | raised | splayed | stop | 举起张开的手掌 | 击掌 | 布 | 手 | 手掌 | 禁止 | 较深肤色
✋	raised hand	举起手	raised hand | 举起手 | 5 | five | hand | high | raised | stop | 举手 | 举起的手 | 五指 | 停 | 击掌 | 手
✋🏻	raised hand: light skin tone	举起手: 较浅肤色	raised hand light skin tone | 举起手 较浅肤色 | 5 | five | hand | high | light skin tone | raised | stop | 举手 | 举起手 | 举起的手 | 五指 | 停 | 击掌 | 手 | 较浅肤色
✋🏼	raised hand: medium-light skin tone	举起手: 中等-浅肤色	raised hand medium light skin tone | 举起手 中等 浅肤色 | 5 | five | hand | high | medium light skin tone | raised | stop | 中等 浅肤色 | 举手 | 举起手 | 举起的手 | 五指 | 停 | 击掌 | 手
✋🏽	raised hand: medium skin tone	举起手: 中等肤色	raised hand medium skin tone | 举起手 中等肤色 | 5 | five | hand | high | medium skin tone | raised | stop | 中等肤色 | 举手 | 举起手 | 举起的手 | 五指 | 停 | 击掌 | 手
✋🏾	raised hand: medium-dark skin tone	举起手: 中等-深肤色	raised hand medium dark skin tone | 举起手 中等 深肤色 | 5 | five | hand | high | medium dark skin tone | raised | stop | 中等 深肤色 | 举手 | 举起手 | 举起的手 | 五指 | 停 | 击掌 | 手
✋🏿	raised hand: dark skin tone	举起手: 较深肤色	raised hand dark skin tone | 举起手 较深肤色 | 5 | dark skin tone | five | hand | high | raised | stop | 举手 | 举起手 | 举起的手 | 五指 | 停 | 击掌 | 手 | 较深肤色
🖖	vulcan salute	瓦肯举手礼	vulcan salute | 瓦肯举手礼 | finger | hand | hands | salute | vulcan | 手 | 敬礼 | 斯波克 | 星际迷航 | 瓦肯
🖖🏻	vulcan salute: light skin tone	瓦肯举手礼: 较浅肤色	vulcan salute light skin tone | 瓦肯举手礼 较浅肤色 | finger | hand | hands | light skin tone | salute | vulcan | 手 | 敬礼 | 斯波克 | 星际迷航 | 瓦肯 | 瓦肯举手礼 | 较浅肤色
🖖🏼	vulcan salute: medium-light skin tone	瓦肯举手礼: 中等-浅肤色	vulcan salute medium light skin tone | 瓦肯举手礼 中等 浅肤色 | finger | hand | hands | medium light skin tone | salute | vulcan | 中等 浅肤色 | 手 | 敬礼 | 斯波克 | 星际迷航 | 瓦肯 | 瓦肯举手礼
🖖🏽	vulcan salute: medium skin tone	瓦肯举手礼: 中等肤色	vulcan salute medium skin tone | 瓦肯举手礼 中等肤色 | finger | hand | hands | medium skin tone | salute | vulcan | 中等肤色 | 手 | 敬礼 | 斯波克 | 星际迷航 | 瓦肯 | 瓦肯举手礼
🖖🏾	vulcan salute: medium-dark skin tone	瓦肯举手礼: 中等-深肤色	vulcan salute medium dark skin tone | 瓦肯举手礼 中等 深肤色 | finger | hand | hands | medium dark skin tone | salute | vulcan | 中等 深肤色 | 手 | 敬礼 | 斯波克 | 星际迷航 | 瓦肯 | 瓦肯举手礼
🖖🏿	vulcan salute: dark skin tone	瓦肯举手礼: 较深肤色	vulcan salute dark skin tone | 瓦肯举手礼 较深肤色 | dark skin tone | finger | hand | hands | salute | vulcan | 手 | 敬礼 | 斯波克 | 星际迷航 | 瓦肯 | 瓦肯举手礼 | 较深肤色
🫱	rightwards hand	向右的手	rightwards hand | 向右的手 | hand | handshake | hold | reach | right | rightward | rightwards | shake | 伸手 | 右 | 右手 | 向右 | 手 | 握手
🫱🏻	rightwards hand: light skin tone	向右的手: 较浅肤色	rightwards hand light skin tone | 向右的手 较浅肤色 | hand | handshake | hold | light skin tone | reach | right | rightward | rightwards | shake | 伸手 | 右 | 右手 | 向右 | 向右的手 | 手 | 握手 | 较浅肤色
🫱🏼	rightwards hand: medium-light skin tone	向右的手: 中等-浅肤色	rightwards hand medium light skin tone | 向右的手 中等 浅肤色 | hand | handshake | hold | medium light skin tone | reach | right | rightward | rightwards | shake | 中等 浅肤色 | 伸手 | 右 | 右手 | 向右 | 向右的手 | 手 | 握手
🫱🏽	rightwards hand: medium skin tone	向右的手: 中等肤色	rightwards hand medium skin tone | 向右的手 中等肤色 | hand | handshake | hold | medium skin tone | reach | right | rightward | rightwards | shake | 中等肤色 | 伸手 | 右 | 右手 | 向右 | 向右的手 | 手 | 握手
🫱🏾	rightwards hand: medium-dark skin tone	向右的手: 中等-深肤色	rightwards hand medium dark skin tone | 向右的手 中等 深肤色 | hand | handshake | hold | medium dark skin tone | reach | right | rightward | rightwards | shake | 中等 深肤色 | 伸手 | 右 | 右手 | 向右 | 向右的手 | 手 | 握手
🫱🏿	rightwards hand: dark skin tone	向右的手: 较深肤色	rightwards hand dark skin tone | 向右的手 较深肤色 | dark skin tone | hand | handshake | hold | reach | right | rightward | rightwards | shake | 伸手 | 右 | 右手 | 向右 | 向右的手 | 手 | 握手 | 较深肤色
🫲	leftwards hand	向左的手	leftwards hand | 向左的手 | hand | handshake | hold | left | leftward | leftwards | reach | shake | 伸手 | 向左 | 左 | 左手 | 手 | 握手
🫲🏻	leftwards hand: light skin tone	向左的手: 较浅肤色	leftwards hand light skin tone | 向左的手 较浅肤色 | hand | handshake | hold | left | leftward | leftwards | light skin tone | reach | shake | 伸手 | 向左 | 向左的手 | 左 | 左手 | 手 | 握手 | 较浅肤色
🫲🏼	leftwards hand: medium-light skin tone	向左的手: 中等-浅肤色	leftwards hand medium light skin tone | 向左的手 中等 浅肤色 | hand | handshake | hold | left | leftward | leftwards | medium light skin tone | reach | shake | 中等 浅肤色 | 伸手 | 向左 | 向左的手 | 左 | 左手 | 手 | 握手
🫲🏽	leftwards hand: medium skin tone	向左的手: 中等肤色	leftwards hand medium skin tone | 向左的手 中等肤色 | hand | handshake | hold | left | leftward | leftwards | medium skin tone | reach | shake | 中等肤色 | 伸手 | 向左 | 向左的手 | 左 | 左手 | 手 | 握手
🫲🏾	leftwards hand: medium-dark skin tone	向左的手: 中等-深肤色	leftwards hand medium dark skin tone | 向左的手 中等 深肤色 | hand | handshake | hold | left | leftward | leftwards | medium dark skin tone | reach | shake | 中等 深肤色 | 伸手 | 向左 | 向左的手 | 左 | 左手 | 手 | 握手
🫲🏿	leftwards hand: dark skin tone	向左的手: 较深肤色	leftwards hand dark skin tone | 向左的手 较深肤色 | dark skin tone | hand | handshake | hold | left | leftward | leftwards | reach | shake | 伸手 | 向左 | 向左的手 | 左 | 左手 | 手 | 握手 | 较深肤色
🫳	palm down hand	掌心向下的手	palm down hand | 掌心向下的手 | dismiss | down | drop | dropped | hand | palm | pick | shoo | up | 下投 | 手 | 扔掉 | 拿起 | 捡起 | 解散 | 驱赶
🫳🏻	palm down hand: light skin tone	掌心向下的手: 较浅肤色	palm down hand light skin tone | 掌心向下的手 较浅肤色 | dismiss | down | drop | dropped | hand | light skin tone | palm | pick | shoo | up | 下投 | 手 | 扔掉 | 拿起 | 捡起 | 掌心向下的手 | 解散 | 较浅肤色 | 驱赶
🫳🏼	palm down hand: medium-light skin tone	掌心向下的手: 中等-浅肤色	palm down hand medium light skin tone | 掌心向下的手 中等 浅肤色 | dismiss | down | drop | dropped | hand | medium light skin tone | palm | pick | shoo | up | 下投 | 中等 浅肤色 | 手 | 扔掉 | 拿起 | 捡起 | 掌心向下的手 | 解散 | 驱赶
🫳🏽	palm down hand: medium skin tone	掌心向下的手: 中等肤色	palm down hand medium skin tone | 掌心向下的手 中等肤色 | dismiss | down | drop | dropped | hand | medium skin tone | palm | pick | shoo | up | 下投 | 中等肤色 | 手 | 扔掉 | 拿起 | 捡起 | 掌心向下的手 | 解散 | 驱赶
🫳🏾	palm down hand: medium-dark skin tone	掌心向下的手: 中等-深肤色	palm down hand medium dark skin tone | 掌心向下的手 中等 深肤色 | dismiss | down | drop | dropped | hand | medium dark skin tone | palm | pick | shoo | up | 下投 | 中等 深肤色 | 手 | 扔掉 | 拿起 | 捡起 | 掌心向下的手 | 解散 | 驱赶
🫳🏿	palm down hand: dark skin tone	掌心向下的手: 较深肤色	palm down hand dark skin tone | 掌心向下的手 较深肤色 | dark skin tone | dismiss | down | drop | dropped | hand | palm | pick | shoo | up | 下投 | 手 | 扔掉 | 拿起 | 捡起 | 掌心向下的手 | 解散 | 较深肤色 | 驱赶
🫴	palm up hand	掌心向上的手	palm up hand | 掌心向上的手 | beckon | catch | come | hand | hold | know | lift | me | offer | palm | tell | 不知道 | 召唤 | 告诉我 | 手 | 拿着 | 接住 | 提供 | 过来 | 送出
🫴🏻	palm up hand: light skin tone	掌心向上的手: 较浅肤色	palm up hand light skin tone | 掌心向上的手 较浅肤色 | beckon | catch | come | hand | hold | know | lift | light skin tone | me | offer | palm | tell | 不知道 | 召唤 | 告诉我 | 手 | 拿着 | 掌心向上的手 | 接住 | 提供 | 较浅肤色 | 过来 | 送出
🫴🏼	palm up hand: medium-light skin tone	掌心向上的手: 中等-浅肤色	palm up hand medium light skin tone | 掌心向上的手 中等 浅肤色 | beckon | catch | come | hand | hold | know | lift | me | medium light skin tone | offer | palm | tell | 不知道 | 中等 浅肤色 | 召唤 | 告诉我 | 手 | 拿着 | 掌心向上的手 | 接住 | 提供 | 过来 | 送出
🫴🏽	palm up hand: medium skin tone	掌心向上的手: 中等肤色	palm up hand medium skin tone | 掌心向上的手 中等肤色 | beckon | catch | come | hand | hold | know | lift | me | medium skin tone | offer | palm | tell | 不知道 | 中等肤色 | 召唤 | 告诉我 | 手 | 拿着 | 掌心向上的手 | 接住 | 提供 | 过来 | 送出
🫴🏾	palm up hand: medium-dark skin tone	掌心向上的手: 中等-深肤色	palm up hand medium dark skin tone | 掌心向上的手 中等 深肤色 | beckon | catch | come | hand | hold | know | lift | me | medium dark skin tone | offer | palm | tell | 不知道 | 中等 深肤色 | 召唤 | 告诉我 | 手 | 拿着 | 掌心向上的手 | 接住 | 提供 | 过来 | 送出
🫴🏿	palm up hand: dark skin tone	掌心向上的手: 较深肤色	palm up hand dark skin tone | 掌心向上的手 较深肤色 | beckon | catch | come | dark skin tone | hand | hold | know | lift | me | offer | palm | tell | 不知道 | 召唤 | 告诉我 | 手 | 拿着 | 掌心向上的手 | 接住 | 提供 | 较深肤色 | 过来 | 送出
🫷	leftwards pushing hand	向左推	leftwards pushing hand | 向左推 | block | five | halt | hand | high | hold | leftward | leftwards | pause | push | pushing | refuse | slap | stop | wait | 中止 | 停止 | 击掌 | 向左 | 往左 | 手 | 拒绝 | 推 | 暂停 | 等等 | 阻挡
🫷🏻	leftwards pushing hand: light skin tone	向左推: 较浅肤色	leftwards pushing hand light skin tone | 向左推 较浅肤色 | block | five | halt | hand | high | hold | leftward | leftwards | light skin tone | pause | push | pushing | refuse | slap | stop | wait | 中止 | 停止 | 击掌 | 向左 | 向左推 | 往左 | 手 | 拒绝 | 推 | 暂停 | 等等 | 较浅肤色 | 阻挡
🫷🏼	leftwards pushing hand: medium-light skin tone	向左推: 中等-浅肤色	leftwards pushing hand medium light skin tone | 向左推 中等 浅肤色 | block | five | halt | hand | high | hold | leftward | leftwards | medium light skin tone | pause | push | pushing | refuse | slap | stop | wait | 中止 | 中等 浅肤色 | 停止 | 击掌 | 向左 | 向左推 | 往左 | 手 | 拒绝 | 推 | 暂停 | 等等 | 阻挡
🫷🏽	leftwards pushing hand: medium skin tone	向左推: 中等肤色	leftwards pushing hand medium skin tone | 向左推 中等肤色 | block | five | halt | hand | high | hold | leftward | leftwards | medium skin tone | pause | push | pushing | refuse | slap | stop | wait | 中止 | 中等肤色 | 停止 | 击掌 | 向左 | 向左推 | 往左 | 手 | 拒绝 | 推 | 暂停 | 等等 | 阻挡
🫷🏾	leftwards pushing hand: medium-dark skin tone	向左推: 中等-深肤色	leftwards pushing hand medium dark skin tone | 向左推 中等 深肤色 | block | five | halt | hand | high | hold | leftward | leftwards | medium dark skin tone | pause | push | pushing | refuse | slap | stop | wait | 中止 | 中等 深肤色 | 停止 | 击掌 | 向左 | 向左推 | 往左 | 手 | 拒绝 | 推 | 暂停 | 等等 | 阻挡
🫷🏿	leftwards pushing hand: dark skin tone	向左推: 较深肤色	leftwards pushing hand dark skin tone | 向左推 较深肤色 | block | dark skin tone | five | halt | hand | high | hold | leftward | leftwards | pause | push | pushing | refuse | slap | stop | wait | 中止 | 停止 | 击掌 | 向左 | 向左推 | 往左 | 手 | 拒绝 | 推 | 暂停 | 等等 | 较深肤色 | 阻挡
🫸	rightwards pushing hand	向右推	rightwards pushing hand | 向右推 | block | five | halt | hand | high | hold | pause | push | pushing | refuse | rightward | rightwards | slap | stop | wait | 中止 | 停止 | 击掌 | 向右 | 往右 | 手 | 拒绝 | 推 | 暂停 | 等等 | 阻挡
🫸🏻	rightwards pushing hand: light skin tone	向右推: 较浅肤色	rightwards pushing hand light skin tone | 向右推 较浅肤色 | block | five | halt | hand | high | hold | light skin tone | pause | push | pushing | refuse | rightward | rightwards | slap | stop | wait | 中止 | 停止 | 击掌 | 向右 | 向右推 | 往右 | 手 | 拒绝 | 推 | 暂停 | 等等 | 较浅肤色 | 阻挡
🫸🏼	rightwards pushing hand: medium-light skin tone	向右推: 中等-浅肤色	rightwards pushing hand medium light skin tone | 向右推 中等 浅肤色 | block | five | halt | hand | high | hold | medium light skin tone | pause | push | pushing | refuse | rightward | rightwards | slap | stop | wait | 中止 | 中等 浅肤色 | 停止 | 击掌 | 向右 | 向右推 | 往右 | 手 | 拒绝 | 推 | 暂停 | 等等 | 阻挡
🫸🏽	rightwards pushing hand: medium skin tone	向右推: 中等肤色	rightwards pushing hand medium skin tone | 向右推 中等肤色 | block | five | halt | hand | high | hold | medium skin tone | pause | push | pushing | refuse | rightward | rightwards | slap | stop | wait | 中止 | 中等肤色 | 停止 | 击掌 | 向右 | 向右推 | 往右 | 手 | 拒绝 | 推 | 暂停 | 等等 | 阻挡
🫸🏾	rightwards pushing hand: medium-dark skin tone	向右推: 中等-深肤色	rightwards pushing hand medium dark skin tone | 向右推 中等 深肤色 | block | five | halt | hand | high | hold | medium dark skin tone | pause | push | pushing | refuse | rightward | rightwards | slap | stop | wait | 中止 | 中等 深肤色 | 停止 | 击掌 | 向右 | 向右推 | 往右 | 手 | 拒绝 | 推 | 暂停 | 等等 | 阻挡
🫸🏿	rightwards pushing hand: dark skin tone	向右推: 较深肤色	rightwards pushing hand dark skin tone | 向右推 较深肤色 | block | dark skin tone | five | halt | hand | high | hold | pause | push | pushing | refuse | rightward | rightwards | slap | stop | wait | 中止 | 停止 | 击掌 | 向右 | 向右推 | 往右 | 手 | 拒绝 | 推 | 暂停 | 等等 | 较深肤色 | 阻挡
👌	OK hand	OK	ok hand | ok | awesome | bet | dope | fleek | fosho | got | gotcha | hand | legit | okay | pinch | rad | sure | sweet | three | ok 手势 | 可以 | 同意 | 好的 | 当然 | 手 | 没问题 | 确定
👌🏻	OK hand: light skin tone	OK: 较浅肤色	ok hand light skin tone | ok 较浅肤色 | awesome | bet | dope | fleek | fosho | got | gotcha | hand | legit | light skin tone | ok | okay | pinch | rad | sure | sweet | three | ok 手势 | 可以 | 同意 | 好的 | 当然 | 手 | 没问题 | 确定 | 较浅肤色
👌🏼	OK hand: medium-light skin tone	OK: 中等-浅肤色	ok hand medium light skin tone | ok 中等 浅肤色 | awesome | bet | dope | fleek | fosho | got | gotcha | hand | legit | medium light skin tone | ok | okay | pinch | rad | sure | sweet | three | ok 手势 | 中等 浅肤色 | 可以 | 同意 | 好的 | 当然 | 手 | 没问题 | 确定
👌🏽	OK hand: medium skin tone	OK: 中等肤色	ok hand medium skin tone | ok 中等肤色 | awesome | bet | dope | fleek | fosho | got | gotcha | hand | legit | medium skin tone | ok | okay | pinch | rad | sure | sweet | three | ok 手势 | 中等肤色 | 可以 | 同意 | 好的 | 当然 | 手 | 没问题 | 确定
👌🏾	OK hand: medium-dark skin tone	OK: 中等-深肤色	ok hand medium dark skin tone | ok 中等 深肤色 | awesome | bet | dope | fleek | fosho | got | gotcha | hand | legit | medium dark skin tone | ok | okay | pinch | rad | sure | sweet | three | ok 手势 | 中等 深肤色 | 可以 | 同意 | 好的 | 当然 | 手 | 没问题 | 确定
👌🏿	OK hand: dark skin tone	OK: 较深肤色	ok hand dark skin tone | ok 较深肤色 | awesome | bet | dark skin tone | dope | fleek | fosho | got | gotcha | hand | legit | ok | okay | pinch | rad | sure | sweet | three | ok 手势 | 可以 | 同意 | 好的 | 当然 | 手 | 没问题 | 确定 | 较深肤色
🤌	pinched fingers	捏手指	pinched fingers | 捏手指 | fingers | gesture | hand | hold | huh | interrogation | patience | pinched | relax | sarcastic | ugh | what | zip | 为什么 | 你到底在说什么 | 匮乏 | 审讯 | 强调 | 您要什么 | 手势 | 手指 | 挖苦 | 放松点
🤌🏻	pinched fingers: light skin tone	捏手指: 较浅肤色	pinched fingers light skin tone | 捏手指 较浅肤色 | fingers | gesture | hand | hold | huh | interrogation | light skin tone | patience | pinched | relax | sarcastic | ugh | what | zip | 为什么 | 你到底在说什么 | 匮乏 | 审讯 | 强调 | 您要什么 | 手势 | 手指 | 挖苦 | 捏手指 | 放松点 | 较浅肤色
🤌🏼	pinched fingers: medium-light skin tone	捏手指: 中等-浅肤色	pinched fingers medium light skin tone | 捏手指 中等 浅肤色 | fingers | gesture | hand | hold | huh | interrogation | medium light skin tone | patience | pinched | relax | sarcastic | ugh | what | zip | 中等 浅肤色 | 为什么 | 你到底在说什么 | 匮乏 | 审讯 | 强调 | 您要什么 | 手势 | 手指 | 挖苦 | 捏手指 | 放松点
🤌🏽	pinched fingers: medium skin tone	捏手指: 中等肤色	pinched fingers medium skin tone | 捏手指 中等肤色 | fingers | gesture | hand | hold | huh | interrogation | medium skin tone | patience | pinched | relax | sarcastic | ugh | what | zip | 中等肤色 | 为什么 | 你到底在说什么 | 匮乏 | 审讯 | 强调 | 您要什么 | 手势 | 手指 | 挖苦 | 捏手指 | 放松点
🤌🏾	pinched fingers: medium-dark skin tone	捏手指: 中等-深肤色	pinched fingers medium dark skin tone | 捏手指 中等 深肤色 | fingers | gesture | hand | hold | huh | interrogation | medium dark skin tone | patience | pinched | relax | sarcastic | ugh | what | zip | 中等 深肤色 | 为什么 | 你到底在说什么 | 匮乏 | 审讯 | 强调 | 您要什么 | 手势 | 手指 | 挖苦 | 捏手指 | 放松点
🤌🏿	pinched fingers: dark skin tone	捏手指: 较深肤色	pinched fingers dark skin tone | 捏手指 较深肤色 | dark skin tone | fingers | gesture | hand | hold | huh | interrogation | patience | pinched | relax | sarcastic | ugh | what | zip | 为什么 | 你到底在说什么 | 匮乏 | 审讯 | 强调 | 您要什么 | 手势 | 手指 | 挖苦 | 捏手指 | 放松点 | 较深肤色
🤏	pinching hand	捏合的手势	pinching hand | 捏合的手势 | amount | bit | fingers | hand | little | pinching | small | sort | 一点 | 一点点 | 小 | 少 | 少量 | 手指 | 捏着 | 某种程度上
🤏🏻	pinching hand: light skin tone	捏合的手势: 较浅肤色	pinching hand light skin tone | 捏合的手势 较浅肤色 | amount | bit | fingers | hand | light skin tone | little | pinching | small | sort | 一点 | 一点点 | 小 | 少 | 少量 | 手指 | 捏合的手势 | 捏着 | 某种程度上 | 较浅肤色
🤏🏼	pinching hand: medium-light skin tone	捏合的手势: 中等-浅肤色	pinching hand medium light skin tone | 捏合的手势 中等 浅肤色 | amount | bit | fingers | hand | little | medium light skin tone | pinching | small | sort | 一点 | 一点点 | 中等 浅肤色 | 小 | 少 | 少量 | 手指 | 捏合的手势 | 捏着 | 某种程度上
🤏🏽	pinching hand: medium skin tone	捏合的手势: 中等肤色	pinching hand medium skin tone | 捏合的手势 中等肤色 | amount | bit | fingers | hand | little | medium skin tone | pinching | small | sort | 一点 | 一点点 | 中等肤色 | 小 | 少 | 少量 | 手指 | 捏合的手势 | 捏着 | 某种程度上
🤏🏾	pinching hand: medium-dark skin tone	捏合的手势: 中等-深肤色	pinching hand medium dark skin tone | 捏合的手势 中等 深肤色 | amount | bit | fingers | hand | little | medium dark skin tone | pinching | small | sort | 一点 | 一点点 | 中等 深肤色 | 小 | 少 | 少量 | 手指 | 捏合的手势 | 捏着 | 某种程度上
🤏🏿	pinching hand: dark skin tone	捏合的手势: 较深肤色	pinching hand dark skin tone | 捏合的手势 较深肤色 | amount | bit | dark skin tone | fingers | hand | little | pinching | small | sort | 一点 | 一点点 | 小 | 少 | 少量 | 手指 | 捏合的手势 | 捏着 | 某种程度上 | 较深肤色
✌️	victory hand	胜利手势	victory hand | 胜利手势 | hand | peace | v | victory | 和平 | 成功 | 手 | 胜利
✌🏻	victory hand: light skin tone	胜利手势: 较浅肤色	victory hand light skin tone | 胜利手势 较浅肤色 | hand | light skin tone | peace | v | victory | 和平 | 成功 | 手 | 胜利 | 胜利手势 | 较浅肤色
✌🏼	victory hand: medium-light skin tone	胜利手势: 中等-浅肤色	victory hand medium light skin tone | 胜利手势 中等 浅肤色 | hand | medium light skin tone | peace | v | victory | 中等 浅肤色 | 和平 | 成功 | 手 | 胜利 | 胜利手势
✌🏽	victory hand: medium skin tone	胜利手势: 中等肤色	victory hand medium skin tone | 胜利手势 中等肤色 | hand | medium skin tone | peace | v | victory | 中等肤色 | 和平 | 成功 | 手 | 胜利 | 胜利手势
✌🏾	victory hand: medium-dark skin tone	胜利手势: 中等-深肤色	victory hand medium dark skin tone | 胜利手势 中等 深肤色 | hand | medium dark skin tone | peace | v | victory | 中等 深肤色 | 和平 | 成功 | 手 | 胜利 | 胜利手势
✌🏿	victory hand: dark skin tone	胜利手势: 较深肤色	victory hand dark skin tone | 胜利手势 较深肤色 | dark skin tone | hand | peace | v | victory | 和平 | 成功 | 手 | 胜利 | 胜利手势 | 较深肤色
🤞	crossed fingers	交叉的手指	crossed fingers | 交叉的手指 | cross | crossed | finger | fingers | hand | luck | 交叉 | 幸运 | 手 | 手指 | 祝好运
🤞🏻	crossed fingers: light skin tone	交叉的手指: 较浅肤色	crossed fingers light skin tone | 交叉的手指 较浅肤色 | cross | crossed | finger | fingers | hand | light skin tone | luck | 交叉 | 交叉的手指 | 幸运 | 手 | 手指 | 祝好运 | 较浅肤色
🤞🏼	crossed fingers: medium-light skin tone	交叉的手指: 中等-浅肤色	crossed fingers medium light skin tone | 交叉的手指 中等 浅肤色 | cross | crossed | finger | fingers | hand | luck | medium light skin tone | 中等 浅肤色 | 交叉 | 交叉的手指 | 幸运 | 手 | 手指 | 祝好运
🤞🏽	crossed fingers: medium skin tone	交叉的手指: 中等肤色	crossed fingers medium skin tone | 交叉的手指 中等肤色 | cross | crossed | finger | fingers | hand | luck | medium skin tone | 中等肤色 | 交叉 | 交叉的手指 | 幸运 | 手 | 手指 | 祝好运
🤞🏾	crossed fingers: medium-dark skin tone	交叉的手指: 中等-深肤色	crossed fingers medium dark skin tone | 交叉的手指 中等 深肤色 | cross | crossed | finger | fingers | hand | luck | medium dark skin tone | 中等 深肤色 | 交叉 | 交叉的手指 | 幸运 | 手 | 手指 | 祝好运
🤞🏿	crossed fingers: dark skin tone	交叉的手指: 较深肤色	crossed fingers dark skin tone | 交叉的手指 较深肤色 | cross | crossed | dark skin tone | finger | fingers | hand | luck | 交叉 | 交叉的手指 | 幸运 | 手 | 手指 | 祝好运 | 较深肤色
🫰	hand with index finger and thumb crossed	食指与拇指交叉的手	hand with index finger and thumb crossed | 食指与拇指交叉的手 | <3 | crossed | expensive | finger | hand | heart | index | love | money | snap | thumb | 响指 | 心 | 手 | 昂贵 | 比心 | 爱 | 爱心 | 金钱 | 钞票
🫰🏻	hand with index finger and thumb crossed: light skin tone	食指与拇指交叉的手: 较浅肤色	hand with index finger and thumb crossed light skin tone | 食指与拇指交叉的手 较浅肤色 | <3 | crossed | expensive | finger | hand | heart | index | light skin tone | love | money | snap | thumb | 响指 | 心 | 手 | 昂贵 | 比心 | 爱 | 爱心 | 较浅肤色 | 金钱 | 钞票 | 食指与拇指交叉的手
🫰🏼	hand with index finger and thumb crossed: medium-light skin tone	食指与拇指交叉的手: 中等-浅肤色	hand with index finger and thumb crossed medium light skin tone | 食指与拇指交叉的手 中等 浅肤色 | <3 | crossed | expensive | finger | hand | heart | index | love | medium light skin tone | money | snap | thumb | 中等 浅肤色 | 响指 | 心 | 手 | 昂贵 | 比心 | 爱 | 爱心 | 金钱 | 钞票 | 食指与拇指交叉的手
🫰🏽	hand with index finger and thumb crossed: medium skin tone	食指与拇指交叉的手: 中等肤色	hand with index finger and thumb crossed medium skin tone | 食指与拇指交叉的手 中等肤色 | <3 | crossed | expensive | finger | hand | heart | index | love | medium skin tone | money | snap | thumb | 中等肤色 | 响指 | 心 | 手 | 昂贵 | 比心 | 爱 | 爱心 | 金钱 | 钞票 | 食指与拇指交叉的手
🫰🏾	hand with index finger and thumb crossed: medium-dark skin tone	食指与拇指交叉的手: 中等-深肤色	hand with index finger and thumb crossed medium dark skin tone | 食指与拇指交叉的手 中等 深肤色 | <3 | crossed | expensive | finger | hand | heart | index | love | medium dark skin tone | money | snap | thumb | 中等 深肤色 | 响指 | 心 | 手 | 昂贵 | 比心 | 爱 | 爱心 | 金钱 | 钞票 | 食指与拇指交叉的手
🫰🏿	hand with index finger and thumb crossed: dark skin tone	食指与拇指交叉的手: 较深肤色	hand with index finger and thumb crossed dark skin tone | 食指与拇指交叉的手 较深肤色 | <3 | crossed | dark skin tone | expensive | finger | hand | heart | index | love | money | snap | thumb | 响指 | 心 | 手 | 昂贵 | 比心 | 爱 | 爱心 | 较深肤色 | 金钱 | 钞票 | 食指与拇指交叉的手
🤟	love-you gesture	爱你的手势	love you gesture | 爱你的手势 | fingers | gesture | hand | ily | love | love you | three | you | 三种 | 我爱你 | 手 | 爱你
🤟🏻	love-you gesture: light skin tone	爱你的手势: 较浅肤色	love you gesture light skin tone | 爱你的手势 较浅肤色 | fingers | gesture | hand | ily | light skin tone | love | love you | three | you | 三种 | 我爱你 | 手 | 爱你 | 爱你的手势 | 较浅肤色
🤟🏼	love-you gesture: medium-light skin tone	爱你的手势: 中等-浅肤色	love you gesture medium light skin tone | 爱你的手势 中等 浅肤色 | fingers | gesture | hand | ily | love | love you | medium light skin tone | three | you | 三种 | 中等 浅肤色 | 我爱你 | 手 | 爱你 | 爱你的手势
🤟🏽	love-you gesture: medium skin tone	爱你的手势: 中等肤色	love you gesture medium skin tone | 爱你的手势 中等肤色 | fingers | gesture | hand | ily | love | love you | medium skin tone | three | you | 三种 | 中等肤色 | 我爱你 | 手 | 爱你 | 爱你的手势
🤟🏾	love-you gesture: medium-dark skin tone	爱你的手势: 中等-深肤色	love you gesture medium dark skin tone | 爱你的手势 中等 深肤色 | fingers | gesture | hand | ily | love | love you | medium dark skin tone | three | you | 三种 | 中等 深肤色 | 我爱你 | 手 | 爱你 | 爱你的手势
🤟🏿	love-you gesture: dark skin tone	爱你的手势: 较深肤色	love you gesture dark skin tone | 爱你的手势 较深肤色 | dark skin tone | fingers | gesture | hand | ily | love | love you | three | you | 三种 | 我爱你 | 手 | 爱你 | 爱你的手势 | 较深肤色
🤘	sign of the horns	摇滚	sign of the horns | 摇滚 | finger | hand | horns | rock on | sign | 手 | 摇滚精神 | 燥起来 | 角 | 金属礼
🤘🏻	sign of the horns: light skin tone	摇滚: 较浅肤色	sign of the horns light skin tone | 摇滚 较浅肤色 | finger | hand | horns | light skin tone | rock on | sign | 手 | 摇滚 | 摇滚精神 | 燥起来 | 角 | 较浅肤色 | 金属礼
🤘🏼	sign of the horns: medium-light skin tone	摇滚: 中等-浅肤色	sign of the horns medium light skin tone | 摇滚 中等 浅肤色 | finger | hand | horns | medium light skin tone | rock on | sign | 中等 浅肤色 | 手 | 摇滚 | 摇滚精神 | 燥起来 | 角 | 金属礼
🤘🏽	sign of the horns: medium skin tone	摇滚: 中等肤色	sign of the horns medium skin tone | 摇滚 中等肤色 | finger | hand | horns | medium skin tone | rock on | sign | 中等肤色 | 手 | 摇滚 | 摇滚精神 | 燥起来 | 角 | 金属礼
🤘🏾	sign of the horns: medium-dark skin tone	摇滚: 中等-深肤色	sign of the horns medium dark skin tone | 摇滚 中等 深肤色 | finger | hand | horns | medium dark skin tone | rock on | sign | 中等 深肤色 | 手 | 摇滚 | 摇滚精神 | 燥起来 | 角 | 金属礼
🤘🏿	sign of the horns: dark skin tone	摇滚: 较深肤色	sign of the horns dark skin tone | 摇滚 较深肤色 | dark skin tone | finger | hand | horns | rock on | sign | 手 | 摇滚 | 摇滚精神 | 燥起来 | 角 | 较深肤色 | 金属礼
🤙	call me hand	给我打电话	call me hand | 给我打电话 | call | hand | hang | loose | me | shaka | 手 | 打电话给我 | 电话 | 给我打电话的手势
🤙🏻	call me hand: light skin tone	给我打电话: 较浅肤色	call me hand light skin tone | 给我打电话 较浅肤色 | call | hand | hang | light skin tone | loose | me | shaka | 手 | 打电话给我 | 电话 | 给我打电话 | 给我打电话的手势 | 较浅肤色
🤙🏼	call me hand: medium-light skin tone	给我打电话: 中等-浅肤色	call me hand medium light skin tone | 给我打电话 中等 浅肤色 | call | hand | hang | loose | me | medium light skin tone | shaka | 中等 浅肤色 | 手 | 打电话给我 | 电话 | 给我打电话 | 给我打电话的手势
🤙🏽	call me hand: medium skin tone	给我打电话: 中等肤色	call me hand medium skin tone | 给我打电话 中等肤色 | call | hand | hang | loose | me | medium skin tone | shaka | 中等肤色 | 手 | 打电话给我 | 电话 | 给我打电话 | 给我打电话的手势
🤙🏾	call me hand: medium-dark skin tone	给我打电话: 中等-深肤色	call me hand medium dark skin tone | 给我打电话 中等 深肤色 | call | hand | hang | loose | me | medium dark skin tone | shaka | 中等 深肤色 | 手 | 打电话给我 | 电话 | 给我打电话 | 给我打电话的手势
🤙🏿	call me hand: dark skin tone	给我打电话: 较深肤色	call me hand dark skin tone | 给我打电话 较深肤色 | call | dark skin tone | hand | hang | loose | me | shaka | 手 | 打电话给我 | 电话 | 给我打电话 | 给我打电话的手势 | 较深肤色
👈	backhand index pointing left	反手食指向左指	backhand index pointing left | 反手食指向左指 | backhand | finger | hand | index | left | point | pointing | 反手 | 向左指 | 手 | 指左 | 食指
👈🏻	backhand index pointing left: light skin tone	反手食指向左指: 较浅肤色	backhand index pointing left light skin tone | 反手食指向左指 较浅肤色 | backhand | finger | hand | index | left | light skin tone | point | pointing | 反手 | 反手食指向左指 | 向左指 | 手 | 指左 | 较浅肤色 | 食指
👈🏼	backhand index pointing left: medium-light skin tone	反手食指向左指: 中等-浅肤色	backhand index pointing left medium light skin tone | 反手食指向左指 中等 浅肤色 | backhand | finger | hand | index | left | medium light skin tone | point | pointing | 中等 浅肤色 | 反手 | 反手食指向左指 | 向左指 | 手 | 指左 | 食指
👈🏽	backhand index pointing left: medium skin tone	反手食指向左指: 中等肤色	backhand index pointing left medium skin tone | 反手食指向左指 中等肤色 | backhand | finger | hand | index | left | medium skin tone | point | pointing | 中等肤色 | 反手 | 反手食指向左指 | 向左指 | 手 | 指左 | 食指
👈🏾	backhand index pointing left: medium-dark skin tone	反手食指向左指: 中等-深肤色	backhand index pointing left medium dark skin tone | 反手食指向左指 中等 深肤色 | backhand | finger | hand | index | left | medium dark skin tone | point | pointing | 中等 深肤色 | 反手 | 反手食指向左指 | 向左指 | 手 | 指左 | 食指
👈🏿	backhand index pointing left: dark skin tone	反手食指向左指: 较深肤色	backhand index pointing left dark skin tone | 反手食指向左指 较深肤色 | backhand | dark skin tone | finger | hand | index | left | point | pointing | 反手 | 反手食指向左指 | 向左指 | 手 | 指左 | 较深肤色 | 食指
👉	backhand index pointing right	反手食指向右指	backhand index pointing right | 反手食指向右指 | backhand | finger | hand | index | point | pointing | right | 反手 | 向右指 | 手 | 指右 | 食指
👉🏻	backhand index pointing right: light skin tone	反手食指向右指: 较浅肤色	backhand index pointing right light skin tone | 反手食指向右指 较浅肤色 | backhand | finger | hand | index | light skin tone | point | pointing | right | 反手 | 反手食指向右指 | 向右指 | 手 | 指右 | 较浅肤色 | 食指
👉🏼	backhand index pointing right: medium-light skin tone	反手食指向右指: 中等-浅肤色	backhand index pointing right medium light skin tone | 反手食指向右指 中等 浅肤色 | backhand | finger | hand | index | medium light skin tone | point | pointing | right | 中等 浅肤色 | 反手 | 反手食指向右指 | 向右指 | 手 | 指右 | 食指
👉🏽	backhand index pointing right: medium skin tone	反手食指向右指: 中等肤色	backhand index pointing right medium skin tone | 反手食指向右指 中等肤色 | backhand | finger | hand | index | medium skin tone | point | pointing | right | 中等肤色 | 反手 | 反手食指向右指 | 向右指 | 手 | 指右 | 食指
👉🏾	backhand index pointing right: medium-dark skin tone	反手食指向右指: 中等-深肤色	backhand index pointing right medium dark skin tone | 反手食指向右指 中等 深肤色 | backhand | finger | hand | index | medium dark skin tone | point | pointing | right | 中等 深肤色 | 反手 | 反手食指向右指 | 向右指 | 手 | 指右 | 食指
👉🏿	backhand index pointing right: dark skin tone	反手食指向右指: 较深肤色	backhand index pointing right dark skin tone | 反手食指向右指 较深肤色 | backhand | dark skin tone | finger | hand | index | point | pointing | right | 反手 | 反手食指向右指 | 向右指 | 手 | 指右 | 较深肤色 | 食指
👆	backhand index pointing up	反手食指向上指	backhand index pointing up | 反手食指向上指 | backhand | finger | hand | index | point | pointing | up | 反手 | 向上指 | 手 | 指上 | 食指
👆🏻	backhand index pointing up: light skin tone	反手食指向上指: 较浅肤色	backhand index pointing up light skin tone | 反手食指向上指 较浅肤色 | backhand | finger | hand | index | light skin tone | point | pointing | up | 反手 | 反手食指向上指 | 向上指 | 手 | 指上 | 较浅肤色 | 食指
👆🏼	backhand index pointing up: medium-light skin tone	反手食指向上指: 中等-浅肤色	backhand index pointing up medium light skin tone | 反手食指向上指 中等 浅肤色 | backhand | finger | hand | index | medium light skin tone | point | pointing | up | 中等 浅肤色 | 反手 | 反手食指向上指 | 向上指 | 手 | 指上 | 食指
👆🏽	backhand index pointing up: medium skin tone	反手食指向上指: 中等肤色	backhand index pointing up medium skin tone | 反手食指向上指 中等肤色 | backhand | finger | hand | index | medium skin tone | point | pointing | up | 中等肤色 | 反手 | 反手食指向上指 | 向上指 | 手 | 指上 | 食指
👆🏾	backhand index pointing up: medium-dark skin tone	反手食指向上指: 中等-深肤色	backhand index pointing up medium dark skin tone | 反手食指向上指 中等 深肤色 | backhand | finger | hand | index | medium dark skin tone | point | pointing | up | 中等 深肤色 | 反手 | 反手食指向上指 | 向上指 | 手 | 指上 | 食指
👆🏿	backhand index pointing up: dark skin tone	反手食指向上指: 较深肤色	backhand index pointing up dark skin tone | 反手食指向上指 较深肤色 | backhand | dark skin tone | finger | hand | index | point | pointing | up | 反手 | 反手食指向上指 | 向上指 | 手 | 指上 | 较深肤色 | 食指
🖕	middle finger	竖中指	middle finger | 竖中指 | finger | hand | middle | 中指 | 反手 | 手
🖕🏻	middle finger: light skin tone	竖中指: 较浅肤色	middle finger light skin tone | 竖中指 较浅肤色 | finger | hand | light skin tone | middle | 中指 | 反手 | 手 | 竖中指 | 较浅肤色
🖕🏼	middle finger: medium-light skin tone	竖中指: 中等-浅肤色	middle finger medium light skin tone | 竖中指 中等 浅肤色 | finger | hand | medium light skin tone | middle | 中指 | 中等 浅肤色 | 反手 | 手 | 竖中指
🖕🏽	middle finger: medium skin tone	竖中指: 中等肤色	middle finger medium skin tone | 竖中指 中等肤色 | finger | hand | medium skin tone | middle | 中指 | 中等肤色 | 反手 | 手 | 竖中指
🖕🏾	middle finger: medium-dark skin tone	竖中指: 中等-深肤色	middle finger medium dark skin tone | 竖中指 中等 深肤色 | finger | hand | medium dark skin tone | middle | 中指 | 中等 深肤色 | 反手 | 手 | 竖中指
🖕🏿	middle finger: dark skin tone	竖中指: 较深肤色	middle finger dark skin tone | 竖中指 较深肤色 | dark skin tone | finger | hand | middle | 中指 | 反手 | 手 | 竖中指 | 较深肤色
👇	backhand index pointing down	反手食指向下指	backhand index pointing down | 反手食指向下指 | backhand | down | finger | hand | index | point | pointing | 反手 | 向下指 | 手 | 指下 | 食指
👇🏻	backhand index pointing down: light skin tone	反手食指向下指: 较浅肤色	backhand index pointing down light skin tone | 反手食指向下指 较浅肤色 | backhand | down | finger | hand | index | light skin tone | point | pointing | 反手 | 反手食指向下指 | 向下指 | 手 | 指下 | 较浅肤色 | 食指
👇🏼	backhand index pointing down: medium-light skin tone	反手食指向下指: 中等-浅肤色	backhand index pointing down medium light skin tone | 反手食指向下指 中等 浅肤色 | backhand | down | finger | hand | index | medium light skin tone | point | pointing | 中等 浅肤色 | 反手 | 反手食指向下指 | 向下指 | 手 | 指下 | 食指
👇🏽	backhand index pointing down: medium skin tone	反手食指向下指: 中等肤色	backhand index pointing down medium skin tone | 反手食指向下指 中等肤色 | backhand | down | finger | hand | index | medium skin tone | point | pointing | 中等肤色 | 反手 | 反手食指向下指 | 向下指 | 手 | 指下 | 食指
👇🏾	backhand index pointing down: medium-dark skin tone	反手食指向下指: 中等-深肤色	backhand index pointing down medium dark skin tone | 反手食指向下指 中等 深肤色 | backhand | down | finger | hand | index | medium dark skin tone | point | pointing | 中等 深肤色 | 反手 | 反手食指向下指 | 向下指 | 手 | 指下 | 食指
👇🏿	backhand index pointing down: dark skin tone	反手食指向下指: 较深肤色	backhand index pointing down dark skin tone | 反手食指向下指 较深肤色 | backhand | dark skin tone | down | finger | hand | index | point | pointing | 反手 | 反手食指向下指 | 向下指 | 手 | 指下 | 较深肤色 | 食指
☝️	index pointing up	食指向上指	index pointing up | 食指向上指 | finger | hand | index | point | pointing | this | up | 向上指 | 手 | 指上 | 食指
☝🏻	index pointing up: light skin tone	食指向上指: 较浅肤色	index pointing up light skin tone | 食指向上指 较浅肤色 | finger | hand | index | light skin tone | point | pointing | this | up | 向上指 | 手 | 指上 | 较浅肤色 | 食指 | 食指向上指
☝🏼	index pointing up: medium-light skin tone	食指向上指: 中等-浅肤色	index pointing up medium light skin tone | 食指向上指 中等 浅肤色 | finger | hand | index | medium light skin tone | point | pointing | this | up | 中等 浅肤色 | 向上指 | 手 | 指上 | 食指 | 食指向上指
☝🏽	index pointing up: medium skin tone	食指向上指: 中等肤色	index pointing up medium skin tone | 食指向上指 中等肤色 | finger | hand | index | medium skin tone | point | pointing | this | up | 中等肤色 | 向上指 | 手 | 指上 | 食指 | 食指向上指
☝🏾	index pointing up: medium-dark skin tone	食指向上指: 中等-深肤色	index pointing up medium dark skin tone | 食指向上指 中等 深肤色 | finger | hand | index | medium dark skin tone | point | pointing | this | up | 中等 深肤色 | 向上指 | 手 | 指上 | 食指 | 食指向上指
☝🏿	index pointing up: dark skin tone	食指向上指: 较深肤色	index pointing up dark skin tone | 食指向上指 较深肤色 | dark skin tone | finger | hand | index | point | pointing | this | up | 向上指 | 手 | 指上 | 较深肤色 | 食指 | 食指向上指
🫵	index pointing at the viewer	指向观察者的食指	index pointing at the viewer | 指向观察者的食指 | at | finger | hand | index | pointing | poke | viewer | you | 伸出手指 | 你 | 戳 | 手指 | 指 | 指向
🫵🏻	index pointing at the viewer: light skin tone	指向观察者的食指: 较浅肤色	index pointing at the viewer light skin tone | 指向观察者的食指 较浅肤色 | at | finger | hand | index | light skin tone | pointing | poke | viewer | you | 伸出手指 | 你 | 戳 | 手指 | 指 | 指向 | 指向观察者的食指 | 较浅肤色
🫵🏼	index pointing at the viewer: medium-light skin tone	指向观察者的食指: 中等-浅肤色	index pointing at the viewer medium light skin tone | 指向观察者的食指 中等 浅肤色 | at | finger | hand | index | medium light skin tone | pointing | poke | viewer | you | 中等 浅肤色 | 伸出手指 | 你 | 戳 | 手指 | 指 | 指向 | 指向观察者的食指
🫵🏽	index pointing at the viewer: medium skin tone	指向观察者的食指: 中等肤色	index pointing at the viewer medium skin tone | 指向观察者的食指 中等肤色 | at | finger | hand | index | medium skin tone | pointing | poke | viewer | you | 中等肤色 | 伸出手指 | 你 | 戳 | 手指 | 指 | 指向 | 指向观察者的食指
🫵🏾	index pointing at the viewer: medium-dark skin tone	指向观察者的食指: 中等-深肤色	index pointing at the viewer medium dark skin tone | 指向观察者的食指 中等 深肤色 | at | finger | hand | index | medium dark skin tone | pointing | poke | viewer | you | 中等 深肤色 | 伸出手指 | 你 | 戳 | 手指 | 指 | 指向 | 指向观察者的食指
🫵🏿	index pointing at the viewer: dark skin tone	指向观察者的食指: 较深肤色	index pointing at the viewer dark skin tone | 指向观察者的食指 较深肤色 | at | dark skin tone | finger | hand | index | pointing | poke | viewer | you | 伸出手指 | 你 | 戳 | 手指 | 指 | 指向 | 指向观察者的食指 | 较深肤色
👍	thumbs up	拇指向上	thumbs up | 拇指向上 | +1 | good | hand | like | thumb | up | yes | 同意 | 好 | 手 | 拇指 | 真棒 | 赞 | 赞成 | 顶一下
👍🏻	thumbs up: light skin tone	拇指向上: 较浅肤色	thumbs up light skin tone | 拇指向上 较浅肤色 | +1 | good | hand | light skin tone | like | thumb | up | yes | 同意 | 好 | 手 | 拇指 | 拇指向上 | 真棒 | 赞 | 赞成 | 较浅肤色 | 顶一下
👍🏼	thumbs up: medium-light skin tone	拇指向上: 中等-浅肤色	thumbs up medium light skin tone | 拇指向上 中等 浅肤色 | +1 | good | hand | like | medium light skin tone | thumb | up | yes | 中等 浅肤色 | 同意 | 好 | 手 | 拇指 | 拇指向上 | 真棒 | 赞 | 赞成 | 顶一下
👍🏽	thumbs up: medium skin tone	拇指向上: 中等肤色	thumbs up medium skin tone | 拇指向上 中等肤色 | +1 | good | hand | like | medium skin tone | thumb | up | yes | 中等肤色 | 同意 | 好 | 手 | 拇指 | 拇指向上 | 真棒 | 赞 | 赞成 | 顶一下
👍🏾	thumbs up: medium-dark skin tone	拇指向上: 中等-深肤色	thumbs up medium dark skin tone | 拇指向上 中等 深肤色 | +1 | good | hand | like | medium dark skin tone | thumb | up | yes | 中等 深肤色 | 同意 | 好 | 手 | 拇指 | 拇指向上 | 真棒 | 赞 | 赞成 | 顶一下
👍🏿	thumbs up: dark skin tone	拇指向上: 较深肤色	thumbs up dark skin tone | 拇指向上 较深肤色 | +1 | dark skin tone | good | hand | like | thumb | up | yes | 同意 | 好 | 手 | 拇指 | 拇指向上 | 真棒 | 赞 | 赞成 | 较深肤色 | 顶一下
👎	thumbs down	拇指向下	thumbs down | 拇指向下 | 1 | bad | dislike | down | good | hand | no | nope | thumb | thumbs | 不赞成 | 反对 | 否决 | 手 | 责备
👎🏻	thumbs down: light skin tone	拇指向下: 较浅肤色	thumbs down light skin tone | 拇指向下 较浅肤色 | 1 | bad | dislike | down | good | hand | light skin tone | no | nope | thumb | thumbs | 不赞成 | 反对 | 否决 | 手 | 拇指向下 | 责备 | 较浅肤色
👎🏼	thumbs down: medium-light skin tone	拇指向下: 中等-浅肤色	thumbs down medium light skin tone | 拇指向下 中等 浅肤色 | 1 | bad | dislike | down | good | hand | medium light skin tone | no | nope | thumb | thumbs | 不赞成 | 中等 浅肤色 | 反对 | 否决 | 手 | 拇指向下 | 责备
👎🏽	thumbs down: medium skin tone	拇指向下: 中等肤色	thumbs down medium skin tone | 拇指向下 中等肤色 | 1 | bad | dislike | down | good | hand | medium skin tone | no | nope | thumb | thumbs | 不赞成 | 中等肤色 | 反对 | 否决 | 手 | 拇指向下 | 责备
👎🏾	thumbs down: medium-dark skin tone	拇指向下: 中等-深肤色	thumbs down medium dark skin tone | 拇指向下 中等 深肤色 | 1 | bad | dislike | down | good | hand | medium dark skin tone | no | nope | thumb | thumbs | 不赞成 | 中等 深肤色 | 反对 | 否决 | 手 | 拇指向下 | 责备
👎🏿	thumbs down: dark skin tone	拇指向下: 较深肤色	thumbs down dark skin tone | 拇指向下 较深肤色 | 1 | bad | dark skin tone | dislike | down | good | hand | no | nope | thumb | thumbs | 不赞成 | 反对 | 否决 | 手 | 拇指向下 | 责备 | 较深肤色
✊	raised fist	举起拳头	raised fist | 举起拳头 | clenched | fist | hand | punch | raised | solidarity | 举拳 | 团结 | 手 | 拳头 | 握拳
✊🏻	raised fist: light skin tone	举起拳头: 较浅肤色	raised fist light skin tone | 举起拳头 较浅肤色 | clenched | fist | hand | light skin tone | punch | raised | solidarity | 举拳 | 举起拳头 | 团结 | 手 | 拳头 | 握拳 | 较浅肤色
✊🏼	raised fist: medium-light skin tone	举起拳头: 中等-浅肤色	raised fist medium light skin tone | 举起拳头 中等 浅肤色 | clenched | fist | hand | medium light skin tone | punch | raised | solidarity | 中等 浅肤色 | 举拳 | 举起拳头 | 团结 | 手 | 拳头 | 握拳
✊🏽	raised fist: medium skin tone	举起拳头: 中等肤色	raised fist medium skin tone | 举起拳头 中等肤色 | clenched | fist | hand | medium skin tone | punch | raised | solidarity | 中等肤色 | 举拳 | 举起拳头 | 团结 | 手 | 拳头 | 握拳
✊🏾	raised fist: medium-dark skin tone	举起拳头: 中等-深肤色	raised fist medium dark skin tone | 举起拳头 中等 深肤色 | clenched | fist | hand | medium dark skin tone | punch | raised | solidarity | 中等 深肤色 | 举拳 | 举起拳头 | 团结 | 手 | 拳头 | 握拳
✊🏿	raised fist: dark skin tone	举起拳头: 较深肤色	raised fist dark skin tone | 举起拳头 较深肤色 | clenched | dark skin tone | fist | hand | punch | raised | solidarity | 举拳 | 举起拳头 | 团结 | 手 | 拳头 | 握拳 | 较深肤色
👊	oncoming fist	出拳	oncoming fist | 出拳 | absolutely | agree | boom | bro | bruh | bump | clenched | correct | fist | hand | knuckle | oncoming | pound | punch | rock | ttyl | 完全同意 | 手 | 打 | 拳 | 挥拳过来 | 绝对正确
👊🏻	oncoming fist: light skin tone	出拳: 较浅肤色	oncoming fist light skin tone | 出拳 较浅肤色 | absolutely | agree | boom | bro | bruh | bump | clenched | correct | fist | hand | knuckle | light skin tone | oncoming | pound | punch | rock | ttyl | 出拳 | 完全同意 | 手 | 打 | 拳 | 挥拳过来 | 绝对正确 | 较浅肤色
👊🏼	oncoming fist: medium-light skin tone	出拳: 中等-浅肤色	oncoming fist medium light skin tone | 出拳 中等 浅肤色 | absolutely | agree | boom | bro | bruh | bump | clenched | correct | fist | hand | knuckle | medium light skin tone | oncoming | pound | punch | rock | ttyl | 中等 浅肤色 | 出拳 | 完全同意 | 手 | 打 | 拳 | 挥拳过来 | 绝对正确
👊🏽	oncoming fist: medium skin tone	出拳: 中等肤色	oncoming fist medium skin tone | 出拳 中等肤色 | absolutely | agree | boom | bro | bruh | bump | clenched | correct | fist | hand | knuckle | medium skin tone | oncoming | pound | punch | rock | ttyl | 中等肤色 | 出拳 | 完全同意 | 手 | 打 | 拳 | 挥拳过来 | 绝对正确
👊🏾	oncoming fist: medium-dark skin tone	出拳: 中等-深肤色	oncoming fist medium dark skin tone | 出拳 中等 深肤色 | absolutely | agree | boom | bro | bruh | bump | clenched | correct | fist | hand | knuckle | medium dark skin tone | oncoming | pound | punch | rock | ttyl | 中等 深肤色 | 出拳 | 完全同意 | 手 | 打 | 拳 | 挥拳过来 | 绝对正确
👊🏿	oncoming fist: dark skin tone	出拳: 较深肤色	oncoming fist dark skin tone | 出拳 较深肤色 | absolutely | agree | boom | bro | bruh | bump | clenched | correct | dark skin tone | fist | hand | knuckle | oncoming | pound | punch | rock | ttyl | 出拳 | 完全同意 | 手 | 打 | 拳 | 挥拳过来 | 绝对正确 | 较深肤色
🤛	left-facing fist	朝左的拳头	left facing fist | 朝左的拳头 | fist | left facing | leftwards | 拳头 | 朝左
🤛🏻	left-facing fist: light skin tone	朝左的拳头: 较浅肤色	left facing fist light skin tone | 朝左的拳头 较浅肤色 | fist | left facing | leftwards | light skin tone | 拳头 | 朝左 | 朝左的拳头 | 较浅肤色
🤛🏼	left-facing fist: medium-light skin tone	朝左的拳头: 中等-浅肤色	left facing fist medium light skin tone | 朝左的拳头 中等 浅肤色 | fist | left facing | leftwards | medium light skin tone | 中等 浅肤色 | 拳头 | 朝左 | 朝左的拳头
🤛🏽	left-facing fist: medium skin tone	朝左的拳头: 中等肤色	left facing fist medium skin tone | 朝左的拳头 中等肤色 | fist | left facing | leftwards | medium skin tone | 中等肤色 | 拳头 | 朝左 | 朝左的拳头
🤛🏾	left-facing fist: medium-dark skin tone	朝左的拳头: 中等-深肤色	left facing fist medium dark skin tone | 朝左的拳头 中等 深肤色 | fist | left facing | leftwards | medium dark skin tone | 中等 深肤色 | 拳头 | 朝左 | 朝左的拳头
🤛🏿	left-facing fist: dark skin tone	朝左的拳头: 较深肤色	left facing fist dark skin tone | 朝左的拳头 较深肤色 | dark skin tone | fist | left facing | leftwards | 拳头 | 朝左 | 朝左的拳头 | 较深肤色
🤜	right-facing fist	朝右的拳头	right facing fist | 朝右的拳头 | fist | right facing | rightwards | 手 | 拳头 | 朝右
🤜🏻	right-facing fist: light skin tone	朝右的拳头: 较浅肤色	right facing fist light skin tone | 朝右的拳头 较浅肤色 | fist | light skin tone | right facing | rightwards | 手 | 拳头 | 朝右 | 朝右的拳头 | 较浅肤色
🤜🏼	right-facing fist: medium-light skin tone	朝右的拳头: 中等-浅肤色	right facing fist medium light skin tone | 朝右的拳头 中等 浅肤色 | fist | medium light skin tone | right facing | rightwards | 中等 浅肤色 | 手 | 拳头 | 朝右 | 朝右的拳头
🤜🏽	right-facing fist: medium skin tone	朝右的拳头: 中等肤色	right facing fist medium skin tone | 朝右的拳头 中等肤色 | fist | medium skin tone | right facing | rightwards | 中等肤色 | 手 | 拳头 | 朝右 | 朝右的拳头
🤜🏾	right-facing fist: medium-dark skin tone	朝右的拳头: 中等-深肤色	right facing fist medium dark skin tone | 朝右的拳头 中等 深肤色 | fist | medium dark skin tone | right facing | rightwards | 中等 深肤色 | 手 | 拳头 | 朝右 | 朝右的拳头
🤜🏿	right-facing fist: dark skin tone	朝右的拳头: 较深肤色	right facing fist dark skin tone | 朝右的拳头 较深肤色 | dark skin tone | fist | right facing | rightwards | 手 | 拳头 | 朝右 | 朝右的拳头 | 较深肤色
👏	clapping hands	鼓掌	clapping hands | 鼓掌 | applause | approval | awesome | clap | congrats | congratulations | excited | good | great | hand | homie | job | nice | prayed | well | yay | 干得好 | 恭喜 | 拍手 | 赞成
👏🏻	clapping hands: light skin tone	鼓掌: 较浅肤色	clapping hands light skin tone | 鼓掌 较浅肤色 | applause | approval | awesome | clap | congrats | congratulations | excited | good | great | hand | homie | job | light skin tone | nice | prayed | well | yay | 干得好 | 恭喜 | 拍手 | 赞成 | 较浅肤色 | 鼓掌
👏🏼	clapping hands: medium-light skin tone	鼓掌: 中等-浅肤色	clapping hands medium light skin tone | 鼓掌 中等 浅肤色 | applause | approval | awesome | clap | congrats | congratulations | excited | good | great | hand | homie | job | medium light skin tone | nice | prayed | well | yay | 中等 浅肤色 | 干得好 | 恭喜 | 拍手 | 赞成 | 鼓掌
👏🏽	clapping hands: medium skin tone	鼓掌: 中等肤色	clapping hands medium skin tone | 鼓掌 中等肤色 | applause | approval | awesome | clap | congrats | congratulations | excited | good | great | hand | homie | job | medium skin tone | nice | prayed | well | yay | 中等肤色 | 干得好 | 恭喜 | 拍手 | 赞成 | 鼓掌
👏🏾	clapping hands: medium-dark skin tone	鼓掌: 中等-深肤色	clapping hands medium dark skin tone | 鼓掌 中等 深肤色 | applause | approval | awesome | clap | congrats | congratulations | excited | good | great | hand | homie | job | medium dark skin tone | nice | prayed | well | yay | 中等 深肤色 | 干得好 | 恭喜 | 拍手 | 赞成 | 鼓掌
👏🏿	clapping hands: dark skin tone	鼓掌: 较深肤色	clapping hands dark skin tone | 鼓掌 较深肤色 | applause | approval | awesome | clap | congrats | congratulations | dark skin tone | excited | good | great | hand | homie | job | nice | prayed | well | yay | 干得好 | 恭喜 | 拍手 | 赞成 | 较深肤色 | 鼓掌
🙌	raising hands	举双手	raising hands | 举双手 | celebration | gesture | hand | hands | hooray | praise | raised | raising | 举手 | 击掌 | 双手 | 庆祝 | 手
🙌🏻	raising hands: light skin tone	举双手: 较浅肤色	raising hands light skin tone | 举双手 较浅肤色 | celebration | gesture | hand | hands | hooray | light skin tone | praise | raised | raising | 举双手 | 举手 | 击掌 | 双手 | 庆祝 | 手 | 较浅肤色
🙌🏼	raising hands: medium-light skin tone	举双手: 中等-浅肤色	raising hands medium light skin tone | 举双手 中等 浅肤色 | celebration | gesture | hand | hands | hooray | medium light skin tone | praise | raised | raising | 中等 浅肤色 | 举双手 | 举手 | 击掌 | 双手 | 庆祝 | 手
🙌🏽	raising hands: medium skin tone	举双手: 中等肤色	raising hands medium skin tone | 举双手 中等肤色 | celebration | gesture | hand | hands | hooray | medium skin tone | praise | raised | raising | 中等肤色 | 举双手 | 举手 | 击掌 | 双手 | 庆祝 | 手
🙌🏾	raising hands: medium-dark skin tone	举双手: 中等-深肤色	raising hands medium dark skin tone | 举双手 中等 深肤色 | celebration | gesture | hand | hands | hooray | medium dark skin tone | praise | raised | raising | 中等 深肤色 | 举双手 | 举手 | 击掌 | 双手 | 庆祝 | 手
🙌🏿	raising hands: dark skin tone	举双手: 较深肤色	raising hands dark skin tone | 举双手 较深肤色 | celebration | dark skin tone | gesture | hand | hands | hooray | praise | raised | raising | 举双手 | 举手 | 击掌 | 双手 | 庆祝 | 手 | 较深肤色
🫶	heart hands	做成心形的双手	heart hands | 做成心形的双手 | <3 | hands | heart | love | you | 手 | 比心 | 爱 | 爱你 | 爱心
🫶🏻	heart hands: light skin tone	做成心形的双手: 较浅肤色	heart hands light skin tone | 做成心形的双手 较浅肤色 | <3 | hands | heart | light skin tone | love | you | 做成心形的双手 | 手 | 比心 | 爱 | 爱你 | 爱心 | 较浅肤色
🫶🏼	heart hands: medium-light skin tone	做成心形的双手: 中等-浅肤色	heart hands medium light skin tone | 做成心形的双手 中等 浅肤色 | <3 | hands | heart | love | medium light skin tone | you | 中等 浅肤色 | 做成心形的双手 | 手 | 比心 | 爱 | 爱你 | 爱心
🫶🏽	heart hands: medium skin tone	做成心形的双手: 中等肤色	heart hands medium skin tone | 做成心形的双手 中等肤色 | <3 | hands | heart | love | medium skin tone | you | 中等肤色 | 做成心形的双手 | 手 | 比心 | 爱 | 爱你 | 爱心
🫶🏾	heart hands: medium-dark skin tone	做成心形的双手: 中等-深肤色	heart hands medium dark skin tone | 做成心形的双手 中等 深肤色 | <3 | hands | heart | love | medium dark skin tone | you | 中等 深肤色 | 做成心形的双手 | 手 | 比心 | 爱 | 爱你 | 爱心
🫶🏿	heart hands: dark skin tone	做成心形的双手: 较深肤色	heart hands dark skin tone | 做成心形的双手 较深肤色 | <3 | dark skin tone | hands | heart | love | you | 做成心形的双手 | 手 | 比心 | 爱 | 爱你 | 爱心 | 较深肤色
👐	open hands	张开双手	open hands | 张开双手 | hand | hands | hug | jazz | open | swerve | 十 | 双手 | 摊手
👐🏻	open hands: light skin tone	张开双手: 较浅肤色	open hands light skin tone | 张开双手 较浅肤色 | hand | hands | hug | jazz | light skin tone | open | swerve | 十 | 双手 | 张开双手 | 摊手 | 较浅肤色
👐🏼	open hands: medium-light skin tone	张开双手: 中等-浅肤色	open hands medium light skin tone | 张开双手 中等 浅肤色 | hand | hands | hug | jazz | medium light skin tone | open | swerve | 中等 浅肤色 | 十 | 双手 | 张开双手 | 摊手
👐🏽	open hands: medium skin tone	张开双手: 中等肤色	open hands medium skin tone | 张开双手 中等肤色 | hand | hands | hug | jazz | medium skin tone | open | swerve | 中等肤色 | 十 | 双手 | 张开双手 | 摊手
👐🏾	open hands: medium-dark skin tone	张开双手: 中等-深肤色	open hands medium dark skin tone | 张开双手 中等 深肤色 | hand | hands | hug | jazz | medium dark skin tone | open | swerve | 中等 深肤色 | 十 | 双手 | 张开双手 | 摊手
👐🏿	open hands: dark skin tone	张开双手: 较深肤色	open hands dark skin tone | 张开双手 较深肤色 | dark skin tone | hand | hands | hug | jazz | open | swerve | 十 | 双手 | 张开双手 | 摊手 | 较深肤色
🤲	palms up together	掌心向上托起	palms up together | 掌心向上托起 | cupped | dua | hands | palms | pray | prayer | together | up | wish | 双掌 | 双掌向上 | 希望 | 祈祷 | 祷告
🤲🏻	palms up together: light skin tone	掌心向上托起: 较浅肤色	palms up together light skin tone | 掌心向上托起 较浅肤色 | cupped | dua | hands | light skin tone | palms | pray | prayer | together | up | wish | 双掌 | 双掌向上 | 希望 | 掌心向上托起 | 祈祷 | 祷告 | 较浅肤色
🤲🏼	palms up together: medium-light skin tone	掌心向上托起: 中等-浅肤色	palms up together medium light skin tone | 掌心向上托起 中等 浅肤色 | cupped | dua | hands | medium light skin tone | palms | pray | prayer | together | up | wish | 中等 浅肤色 | 双掌 | 双掌向上 | 希望 | 掌心向上托起 | 祈祷 | 祷告
🤲🏽	palms up together: medium skin tone	掌心向上托起: 中等肤色	palms up together medium skin tone | 掌心向上托起 中等肤色 | cupped | dua | hands | medium skin tone | palms | pray | prayer | together | up | wish | 中等肤色 | 双掌 | 双掌向上 | 希望 | 掌心向上托起 | 祈祷 | 祷告
🤲🏾	palms up together: medium-dark skin tone	掌心向上托起: 中等-深肤色	palms up together medium dark skin tone | 掌心向上托起 中等 深肤色 | cupped | dua | hands | medium dark skin tone | palms | pray | prayer | together | up | wish | 中等 深肤色 | 双掌 | 双掌向上 | 希望 | 掌心向上托起 | 祈祷 | 祷告
🤲🏿	palms up together: dark skin tone	掌心向上托起: 较深肤色	palms up together dark skin tone | 掌心向上托起 较深肤色 | cupped | dark skin tone | dua | hands | palms | pray | prayer | together | up | wish | 双掌 | 双掌向上 | 希望 | 掌心向上托起 | 祈祷 | 祷告 | 较深肤色
🤝	handshake	握手	handshake | 握手 | agreement | deal | hand | meeting | shake | 一言为定 | 会面 | 协议 | 君子协定
🤝🏻	handshake: light skin tone	握手: 较浅肤色	handshake light skin tone | 握手 较浅肤色 | agreement | deal | hand | handshake | light skin tone | meeting | shake | 一言为定 | 会面 | 协议 | 君子协定 | 握手 | 较浅肤色
🤝🏼	handshake: medium-light skin tone	握手: 中等-浅肤色	handshake medium light skin tone | 握手 中等 浅肤色 | agreement | deal | hand | handshake | medium light skin tone | meeting | shake | 一言为定 | 中等 浅肤色 | 会面 | 协议 | 君子协定 | 握手
🤝🏽	handshake: medium skin tone	握手: 中等肤色	handshake medium skin tone | 握手 中等肤色 | agreement | deal | hand | handshake | medium skin tone | meeting | shake | 一言为定 | 中等肤色 | 会面 | 协议 | 君子协定 | 握手
🤝🏾	handshake: medium-dark skin tone	握手: 中等-深肤色	handshake medium dark skin tone | 握手 中等 深肤色 | agreement | deal | hand | handshake | medium dark skin tone | meeting | shake | 一言为定 | 中等 深肤色 | 会面 | 协议 | 君子协定 | 握手
🤝🏿	handshake: dark skin tone	握手: 较深肤色	handshake dark skin tone | 握手 较深肤色 | agreement | dark skin tone | deal | hand | handshake | meeting | shake | 一言为定 | 会面 | 协议 | 君子协定 | 握手 | 较深肤色
🫱🏻‍🫲🏼	handshake: light skin tone, medium-light skin tone	握手: 较浅肤色中等-浅肤色	handshake light skin tone, medium light skin tone | 握手 较浅肤色中等 浅肤色 | agreement | deal | hand | handshake | light skin tone | medium light skin tone | meeting | shake | 一言为定 | 中等 浅肤色 | 会面 | 协议 | 君子协定 | 握手 | 较浅肤色
🫱🏻‍🫲🏽	handshake: light skin tone, medium skin tone	握手: 较浅肤色中等肤色	handshake light skin tone, medium skin tone | 握手 较浅肤色中等肤色 | agreement | deal | hand | handshake | light skin tone | medium skin tone | meeting | shake | 一言为定 | 中等肤色 | 会面 | 协议 | 君子协定 | 握手 | 较浅肤色
🫱🏻‍🫲🏾	handshake: light skin tone, medium-dark skin tone	握手: 较浅肤色中等-深肤色	handshake light skin tone, medium dark skin tone | 握手 较浅肤色中等 深肤色 | agreement | deal | hand | handshake | light skin tone | medium dark skin tone | meeting | shake | 一言为定 | 中等 深肤色 | 会面 | 协议 | 君子协定 | 握手 | 较浅肤色
🫱🏻‍🫲🏿	handshake: light skin tone, dark skin tone	握手: 较浅肤色较深肤色	handshake light skin tone, dark skin tone | 握手 较浅肤色较深肤色 | agreement | dark skin tone | deal | hand | handshake | light skin tone | meeting | shake | 一言为定 | 会面 | 协议 | 君子协定 | 握手 | 较浅肤色 | 较深肤色
🫱🏼‍🫲🏻	handshake: medium-light skin tone, light skin tone	握手: 中等-浅肤色较浅肤色	handshake medium light skin tone, light skin tone | 握手 中等 浅肤色较浅肤色 | agreement | deal | hand | handshake | light skin tone | medium light skin tone | meeting | shake | 一言为定 | 中等 浅肤色 | 会面 | 协议 | 君子协定 | 握手 | 较浅肤色
🫱🏼‍🫲🏽	handshake: medium-light skin tone, medium skin tone	握手: 中等-浅肤色中等肤色	handshake medium light skin tone, medium skin tone | 握手 中等 浅肤色中等肤色 | agreement | deal | hand | handshake | medium skin tone | medium light skin tone | meeting | shake | 一言为定 | 中等 浅肤色 | 中等肤色 | 会面 | 协议 | 君子协定 | 握手
🫱🏼‍🫲🏾	handshake: medium-light skin tone, medium-dark skin tone	握手: 中等-浅肤色中等-深肤色	handshake medium light skin tone, medium dark skin tone | 握手 中等 浅肤色中等 深肤色 | agreement | deal | hand | handshake | medium dark skin tone | medium light skin tone | meeting | shake | 一言为定 | 中等 浅肤色 | 中等 深肤色 | 会面 | 协议 | 君子协定 | 握手
🫱🏼‍🫲🏿	handshake: medium-light skin tone, dark skin tone	握手: 中等-浅肤色较深肤色	handshake medium light skin tone, dark skin tone | 握手 中等 浅肤色较深肤色 | agreement | dark skin tone | deal | hand | handshake | medium light skin tone | meeting | shake | 一言为定 | 中等 浅肤色 | 会面 | 协议 | 君子协定 | 握手 | 较深肤色
🫱🏽‍🫲🏻	handshake: medium skin tone, light skin tone	握手: 中等肤色较浅肤色	handshake medium skin tone, light skin tone | 握手 中等肤色较浅肤色 | agreement | deal | hand | handshake | light skin tone | medium skin tone | meeting | shake | 一言为定 | 中等肤色 | 会面 | 协议 | 君子协定 | 握手 | 较浅肤色
🫱🏽‍🫲🏼	handshake: medium skin tone, medium-light skin tone	握手: 中等肤色中等-浅肤色	handshake medium skin tone, medium light skin tone | 握手 中等肤色中等 浅肤色 | agreement | deal | hand | handshake | medium skin tone | medium light skin tone | meeting | shake | 一言为定 | 中等 浅肤色 | 中等肤色 | 会面 | 协议 | 君子协定 | 握手
🫱🏽‍🫲🏾	handshake: medium skin tone, medium-dark skin tone	握手: 中等肤色中等-深肤色	handshake medium skin tone, medium dark skin tone | 握手 中等肤色中等 深肤色 | agreement | deal | hand | handshake | medium skin tone | medium dark skin tone | meeting | shake | 一言为定 | 中等 深肤色 | 中等肤色 | 会面 | 协议 | 君子协定 | 握手
🫱🏽‍🫲🏿	handshake: medium skin tone, dark skin tone	握手: 中等肤色较深肤色	handshake medium skin tone, dark skin tone | 握手 中等肤色较深肤色 | agreement | dark skin tone | deal | hand | handshake | medium skin tone | meeting | shake | 一言为定 | 中等肤色 | 会面 | 协议 | 君子协定 | 握手 | 较深肤色
🫱🏾‍🫲🏻	handshake: medium-dark skin tone, light skin tone	握手: 中等-深肤色较浅肤色	handshake medium dark skin tone, light skin tone | 握手 中等 深肤色较浅肤色 | agreement | deal | hand | handshake | light skin tone | medium dark skin tone | meeting | shake | 一言为定 | 中等 深肤色 | 会面 | 协议 | 君子协定 | 握手 | 较浅肤色
🫱🏾‍🫲🏼	handshake: medium-dark skin tone, medium-light skin tone	握手: 中等-深肤色中等-浅肤色	handshake medium dark skin tone, medium light skin tone | 握手 中等 深肤色中等 浅肤色 | agreement | deal | hand | handshake | medium dark skin tone | medium light skin tone | meeting | shake | 一言为定 | 中等 浅肤色 | 中等 深肤色 | 会面 | 协议 | 君子协定 | 握手
🫱🏾‍🫲🏽	handshake: medium-dark skin tone, medium skin tone	握手: 中等-深肤色中等肤色	handshake medium dark skin tone, medium skin tone | 握手 中等 深肤色中等肤色 | agreement | deal | hand | handshake | medium skin tone | medium dark skin tone | meeting | shake | 一言为定 | 中等 深肤色 | 中等肤色 | 会面 | 协议 | 君子协定 | 握手
🫱🏾‍🫲🏿	handshake: medium-dark skin tone, dark skin tone	握手: 中等-深肤色较深肤色	handshake medium dark skin tone, dark skin tone | 握手 中等 深肤色较深肤色 | agreement | dark skin tone | deal | hand | handshake | medium dark skin tone | meeting | shake | 一言为定 | 中等 深肤色 | 会面 | 协议 | 君子协定 | 握手 | 较深肤色
🫱🏿‍🫲🏻	handshake: dark skin tone, light skin tone	握手: 较深肤色较浅肤色	handshake dark skin tone, light skin tone | 握手 较深肤色较浅肤色 | agreement | dark skin tone | deal | hand | handshake | light skin tone | meeting | shake | 一言为定 | 会面 | 协议 | 君子协定 | 握手 | 较浅肤色 | 较深肤色
🫱🏿‍🫲🏼	handshake: dark skin tone, medium-light skin tone	握手: 较深肤色中等-浅肤色	handshake dark skin tone, medium light skin tone | 握手 较深肤色中等 浅肤色 | agreement | dark skin tone | deal | hand | handshake | medium light skin tone | meeting | shake | 一言为定 | 中等 浅肤色 | 会面 | 协议 | 君子协定 | 握手 | 较深肤色
🫱🏿‍🫲🏽	handshake: dark skin tone, medium skin tone	握手: 较深肤色中等肤色	handshake dark skin tone, medium skin tone | 握手 较深肤色中等肤色 | agreement | dark skin tone | deal | hand | handshake | medium skin tone | meeting | shake | 一言为定 | 中等肤色 | 会面 | 协议 | 君子协定 | 握手 | 较深肤色
🫱🏿‍🫲🏾	handshake: dark skin tone, medium-dark skin tone	握手: 较深肤色中等-深肤色	handshake dark skin tone, medium dark skin tone | 握手 较深肤色中等 深肤色 | agreement | dark skin tone | deal | hand | handshake | medium dark skin tone | meeting | shake | 一言为定 | 中等 深肤色 | 会面 | 协议 | 君子协定 | 握手 | 较深肤色
🙏	folded hands	双手合十	folded hands | 双手合十 | appreciate | ask | beg | blessed | bow | cmon | five | folded | gesture | hand | high | please | pray | thanks | thx | 合掌 | 感恩 | 拜托 | 祈求 | 祈祷 | 祈福 | 祝福 | 谢谢
🙏🏻	folded hands: light skin tone	双手合十: 较浅肤色	folded hands light skin tone | 双手合十 较浅肤色 | appreciate | ask | beg | blessed | bow | cmon | five | folded | gesture | hand | high | light skin tone | please | pray | thanks | thx | 双手合十 | 合掌 | 感恩 | 拜托 | 祈求 | 祈祷 | 祈福 | 祝福 | 谢谢 | 较浅肤色
🙏🏼	folded hands: medium-light skin tone	双手合十: 中等-浅肤色	folded hands medium light skin tone | 双手合十 中等 浅肤色 | appreciate | ask | beg | blessed | bow | cmon | five | folded | gesture | hand | high | medium light skin tone | please | pray | thanks | thx | 中等 浅肤色 | 双手合十 | 合掌 | 感恩 | 拜托 | 祈求 | 祈祷 | 祈福 | 祝福 | 谢谢
🙏🏽	folded hands: medium skin tone	双手合十: 中等肤色	folded hands medium skin tone | 双手合十 中等肤色 | appreciate | ask | beg | blessed | bow | cmon | five | folded | gesture | hand | high | medium skin tone | please | pray | thanks | thx | 中等肤色 | 双手合十 | 合掌 | 感恩 | 拜托 | 祈求 | 祈祷 | 祈福 | 祝福 | 谢谢
🙏🏾	folded hands: medium-dark skin tone	双手合十: 中等-深肤色	folded hands medium dark skin tone | 双手合十 中等 深肤色 | appreciate | ask | beg | blessed | bow | cmon | five | folded | gesture | hand | high | medium dark skin tone | please | pray | thanks | thx | 中等 深肤色 | 双手合十 | 合掌 | 感恩 | 拜托 | 祈求 | 祈祷 | 祈福 | 祝福 | 谢谢
🙏🏿	folded hands: dark skin tone	双手合十: 较深肤色	folded hands dark skin tone | 双手合十 较深肤色 | appreciate | ask | beg | blessed | bow | cmon | dark skin tone | five | folded | gesture | hand | high | please | pray | thanks | thx | 双手合十 | 合掌 | 感恩 | 拜托 | 祈求 | 祈祷 | 祈福 | 祝福 | 谢谢 | 较深肤色
✍️	writing hand	写字	writing hand | 写字 | hand | write | writing | 写 | 手 | 笔
✍🏻	writing hand: light skin tone	写字: 较浅肤色	writing hand light skin tone | 写字 较浅肤色 | hand | light skin tone | write | writing | 写 | 写字 | 手 | 笔 | 较浅肤色
✍🏼	writing hand: medium-light skin tone	写字: 中等-浅肤色	writing hand medium light skin tone | 写字 中等 浅肤色 | hand | medium light skin tone | write | writing | 中等 浅肤色 | 写 | 写字 | 手 | 笔
✍🏽	writing hand: medium skin tone	写字: 中等肤色	writing hand medium skin tone | 写字 中等肤色 | hand | medium skin tone | write | writing | 中等肤色 | 写 | 写字 | 手 | 笔
✍🏾	writing hand: medium-dark skin tone	写字: 中等-深肤色	writing hand medium dark skin tone | 写字 中等 深肤色 | hand | medium dark skin tone | write | writing | 中等 深肤色 | 写 | 写字 | 手 | 笔
✍🏿	writing hand: dark skin tone	写字: 较深肤色	writing hand dark skin tone | 写字 较深肤色 | dark skin tone | hand | write | writing | 写 | 写字 | 手 | 笔 | 较深肤色
💅	nail polish	涂指甲油	nail polish | 涂指甲油 | bored | care | cosmetics | done | makeup | manicure | nail | polish | whatever | 修指甲 | 忙完了 | 护手 | 指甲油 | 美甲 | 闷 | 随便啦
💅🏻	nail polish: light skin tone	涂指甲油: 较浅肤色	nail polish light skin tone | 涂指甲油 较浅肤色 | bored | care | cosmetics | done | light skin tone | makeup | manicure | nail | polish | whatever | 修指甲 | 忙完了 | 护手 | 指甲油 | 涂指甲油 | 美甲 | 较浅肤色 | 闷 | 随便啦
💅🏼	nail polish: medium-light skin tone	涂指甲油: 中等-浅肤色	nail polish medium light skin tone | 涂指甲油 中等 浅肤色 | bored | care | cosmetics | done | makeup | manicure | medium light skin tone | nail | polish | whatever | 中等 浅肤色 | 修指甲 | 忙完了 | 护手 | 指甲油 | 涂指甲油 | 美甲 | 闷 | 随便啦
💅🏽	nail polish: medium skin tone	涂指甲油: 中等肤色	nail polish medium skin tone | 涂指甲油 中等肤色 | bored | care | cosmetics | done | makeup | manicure | medium skin tone | nail | polish | whatever | 中等肤色 | 修指甲 | 忙完了 | 护手 | 指甲油 | 涂指甲油 | 美甲 | 闷 | 随便啦
💅🏾	nail polish: medium-dark skin tone	涂指甲油: 中等-深肤色	nail polish medium dark skin tone | 涂指甲油 中等 深肤色 | bored | care | cosmetics | done | makeup | manicure | medium dark skin tone | nail | polish | whatever | 中等 深肤色 | 修指甲 | 忙完了 | 护手 | 指甲油 | 涂指甲油 | 美甲 | 闷 | 随便啦
💅🏿	nail polish: dark skin tone	涂指甲油: 较深肤色	nail polish dark skin tone | 涂指甲油 较深肤色 | bored | care | cosmetics | dark skin tone | done | makeup | manicure | nail | polish | whatever | 修指甲 | 忙完了 | 护手 | 指甲油 | 涂指甲油 | 美甲 | 较深肤色 | 闷 | 随便啦
🤳	selfie	自拍	selfie | 自拍 | camera | phone | 手机 | 相机
🤳🏻	selfie: light skin tone	自拍: 较浅肤色	selfie light skin tone | 自拍 较浅肤色 | camera | light skin tone | phone | selfie | 手机 | 相机 | 自拍 | 较浅肤色
🤳🏼	selfie: medium-light skin tone	自拍: 中等-浅肤色	selfie medium light skin tone | 自拍 中等 浅肤色 | camera | medium light skin tone | phone | selfie | 中等 浅肤色 | 手机 | 相机 | 自拍
🤳🏽	selfie: medium skin tone	自拍: 中等肤色	selfie medium skin tone | 自拍 中等肤色 | camera | medium skin tone | phone | selfie | 中等肤色 | 手机 | 相机 | 自拍
🤳🏾	selfie: medium-dark skin tone	自拍: 中等-深肤色	selfie medium dark skin tone | 自拍 中等 深肤色 | camera | medium dark skin tone | phone | selfie | 中等 深肤色 | 手机 | 相机 | 自拍
🤳🏿	selfie: dark skin tone	自拍: 较深肤色	selfie dark skin tone | 自拍 较深肤色 | camera | dark skin tone | phone | selfie | 手机 | 相机 | 自拍 | 较深肤色
💪	flexed biceps	肌肉	flexed biceps | 肌肉 | arm | beast | bench | biceps | bodybuilder | bro | curls | flex | gains | gym | jacked | muscle | press | ripped | strong | weightlift | 二头肌 | 健身房 | 强壮
💪🏻	flexed biceps: light skin tone	肌肉: 较浅肤色	flexed biceps light skin tone | 肌肉 较浅肤色 | arm | beast | bench | biceps | bodybuilder | bro | curls | flex | gains | gym | jacked | light skin tone | muscle | press | ripped | strong | weightlift | 二头肌 | 健身房 | 强壮 | 肌肉 | 较浅肤色
💪🏼	flexed biceps: medium-light skin tone	肌肉: 中等-浅肤色	flexed biceps medium light skin tone | 肌肉 中等 浅肤色 | arm | beast | bench | biceps | bodybuilder | bro | curls | flex | gains | gym | jacked | medium light skin tone | muscle | press | ripped | strong | weightlift | 中等 浅肤色 | 二头肌 | 健身房 | 强壮 | 肌肉
💪🏽	flexed biceps: medium skin tone	肌肉: 中等肤色	flexed biceps medium skin tone | 肌肉 中等肤色 | arm | beast | bench | biceps | bodybuilder | bro | curls | flex | gains | gym | jacked | medium skin tone | muscle | press | ripped | strong | weightlift | 中等肤色 | 二头肌 | 健身房 | 强壮 | 肌肉
💪🏾	flexed biceps: medium-dark skin tone	肌肉: 中等-深肤色	flexed biceps medium dark skin tone | 肌肉 中等 深肤色 | arm | beast | bench | biceps | bodybuilder | bro | curls | flex | gains | gym | jacked | medium dark skin tone | muscle | press | ripped | strong | weightlift | 中等 深肤色 | 二头肌 | 健身房 | 强壮 | 肌肉
💪🏿	flexed biceps: dark skin tone	肌肉: 较深肤色	flexed biceps dark skin tone | 肌肉 较深肤色 | arm | beast | bench | biceps | bodybuilder | bro | curls | dark skin tone | flex | gains | gym | jacked | muscle | press | ripped | strong | weightlift | 二头肌 | 健身房 | 强壮 | 肌肉 | 较深肤色
🦾	mechanical arm	机械手臂	mechanical arm | 机械手臂 | accessibility | arm | mechanical | prosthetic | 义肢 | 手臂 | 无障碍
🦿	mechanical leg	机械腿	mechanical leg | 机械腿 | accessibility | leg | mechanical | prosthetic | 义肢 | 无障碍 | 腿
🦵	leg	腿	leg | 腿 | bent | foot | kick | knee | limb | 弯腿 | 肢体 | 脚 | 跛行 | 踢
🦵🏻	leg: light skin tone	腿: 较浅肤色	leg light skin tone | 腿 较浅肤色 | bent | foot | kick | knee | leg | light skin tone | limb | 弯腿 | 肢体 | 脚 | 腿 | 跛行 | 踢 | 较浅肤色
🦵🏼	leg: medium-light skin tone	腿: 中等-浅肤色	leg medium light skin tone | 腿 中等 浅肤色 | bent | foot | kick | knee | leg | limb | medium light skin tone | 中等 浅肤色 | 弯腿 | 肢体 | 脚 | 腿 | 跛行 | 踢
🦵🏽	leg: medium skin tone	腿: 中等肤色	leg medium skin tone | 腿 中等肤色 | bent | foot | kick | knee | leg | limb | medium skin tone | 中等肤色 | 弯腿 | 肢体 | 脚 | 腿 | 跛行 | 踢
🦵🏾	leg: medium-dark skin tone	腿: 中等-深肤色	leg medium dark skin tone | 腿 中等 深肤色 | bent | foot | kick | knee | leg | limb | medium dark skin tone | 中等 深肤色 | 弯腿 | 肢体 | 脚 | 腿 | 跛行 | 踢
🦵🏿	leg: dark skin tone	腿: 较深肤色	leg dark skin tone | 腿 较深肤色 | bent | dark skin tone | foot | kick | knee | leg | limb | 弯腿 | 肢体 | 脚 | 腿 | 跛行 | 踢 | 较深肤色
🦶	foot	脚	foot | 脚 | ankle | feet | kick | stomp | 足踝 | 踏 | 踝 | 踢 | 踩 | 踱
🦶🏻	foot: light skin tone	脚: 较浅肤色	foot light skin tone | 脚 较浅肤色 | ankle | feet | foot | kick | light skin tone | stomp | 脚 | 足踝 | 踏 | 踝 | 踢 | 踩 | 踱 | 较浅肤色
🦶🏼	foot: medium-light skin tone	脚: 中等-浅肤色	foot medium light skin tone | 脚 中等 浅肤色 | ankle | feet | foot | kick | medium light skin tone | stomp | 中等 浅肤色 | 脚 | 足踝 | 踏 | 踝 | 踢 | 踩 | 踱
🦶🏽	foot: medium skin tone	脚: 中等肤色	foot medium skin tone | 脚 中等肤色 | ankle | feet | foot | kick | medium skin tone | stomp | 中等肤色 | 脚 | 足踝 | 踏 | 踝 | 踢 | 踩 | 踱
🦶🏾	foot: medium-dark skin tone	脚: 中等-深肤色	foot medium dark skin tone | 脚 中等 深肤色 | ankle | feet | foot | kick | medium dark skin tone | stomp | 中等 深肤色 | 脚 | 足踝 | 踏 | 踝 | 踢 | 踩 | 踱
🦶🏿	foot: dark skin tone	脚: 较深肤色	foot dark skin tone | 脚 较深肤色 | ankle | dark skin tone | feet | foot | kick | stomp | 脚 | 足踝 | 踏 | 踝 | 踢 | 踩 | 踱 | 较深肤色
👂	ear	耳朵	ear | 耳朵 | body | ears | hear | hearing | listen | listening | sound | 仔细听 | 听 | 耳
👂🏻	ear: light skin tone	耳朵: 较浅肤色	ear light skin tone | 耳朵 较浅肤色 | body | ear | ears | hear | hearing | light skin tone | listen | listening | sound | 仔细听 | 听 | 耳 | 耳朵 | 较浅肤色
👂🏼	ear: medium-light skin tone	耳朵: 中等-浅肤色	ear medium light skin tone | 耳朵 中等 浅肤色 | body | ear | ears | hear | hearing | listen | listening | medium light skin tone | sound | 中等 浅肤色 | 仔细听 | 听 | 耳 | 耳朵
👂🏽	ear: medium skin tone	耳朵: 中等肤色	ear medium skin tone | 耳朵 中等肤色 | body | ear | ears | hear | hearing | listen | listening | medium skin tone | sound | 中等肤色 | 仔细听 | 听 | 耳 | 耳朵
👂🏾	ear: medium-dark skin tone	耳朵: 中等-深肤色	ear medium dark skin tone | 耳朵 中等 深肤色 | body | ear | ears | hear | hearing | listen | listening | medium dark skin tone | sound | 中等 深肤色 | 仔细听 | 听 | 耳 | 耳朵
👂🏿	ear: dark skin tone	耳朵: 较深肤色	ear dark skin tone | 耳朵 较深肤色 | body | dark skin tone | ear | ears | hear | hearing | listen | listening | sound | 仔细听 | 听 | 耳 | 耳朵 | 较深肤色
🦻	ear with hearing aid	戴助听器的耳朵	ear with hearing aid | 戴助听器的耳朵 | accessibility | aid | ear | hard | hearing | 助听器 | 听力障碍 | 听障 | 失聪 | 无障碍 | 耳聋 | 聋
🦻🏻	ear with hearing aid: light skin tone	戴助听器的耳朵: 较浅肤色	ear with hearing aid light skin tone | 戴助听器的耳朵 较浅肤色 | accessibility | aid | ear | hard | hearing | light skin tone | 助听器 | 听力障碍 | 听障 | 失聪 | 戴助听器的耳朵 | 无障碍 | 耳聋 | 聋 | 较浅肤色
🦻🏼	ear with hearing aid: medium-light skin tone	戴助听器的耳朵: 中等-浅肤色	ear with hearing aid medium light skin tone | 戴助听器的耳朵 中等 浅肤色 | accessibility | aid | ear | hard | hearing | medium light skin tone | 中等 浅肤色 | 助听器 | 听力障碍 | 听障 | 失聪 | 戴助听器的耳朵 | 无障碍 | 耳聋 | 聋
🦻🏽	ear with hearing aid: medium skin tone	戴助听器的耳朵: 中等肤色	ear with hearing aid medium skin tone | 戴助听器的耳朵 中等肤色 | accessibility | aid | ear | hard | hearing | medium skin tone | 中等肤色 | 助听器 | 听力障碍 | 听障 | 失聪 | 戴助听器的耳朵 | 无障碍 | 耳聋 | 聋
🦻🏾	ear with hearing aid: medium-dark skin tone	戴助听器的耳朵: 中等-深肤色	ear with hearing aid medium dark skin tone | 戴助听器的耳朵 中等 深肤色 | accessibility | aid | ear | hard | hearing | medium dark skin tone | 中等 深肤色 | 助听器 | 听力障碍 | 听障 | 失聪 | 戴助听器的耳朵 | 无障碍 | 耳聋 | 聋
🦻🏿	ear with hearing aid: dark skin tone	戴助听器的耳朵: 较深肤色	ear with hearing aid dark skin tone | 戴助听器的耳朵 较深肤色 | accessibility | aid | dark skin tone | ear | hard | hearing | 助听器 | 听力障碍 | 听障 | 失聪 | 戴助听器的耳朵 | 无障碍 | 耳聋 | 聋 | 较深肤色
👃	nose	鼻子	nose | 鼻子 | body | noses | nosey | odor | smell | smells | 嗅 | 气味 | 闻 | 鼻
👃🏻	nose: light skin tone	鼻子: 较浅肤色	nose light skin tone | 鼻子 较浅肤色 | body | light skin tone | nose | noses | nosey | odor | smell | smells | 嗅 | 气味 | 较浅肤色 | 闻 | 鼻 | 鼻子
👃🏼	nose: medium-light skin tone	鼻子: 中等-浅肤色	nose medium light skin tone | 鼻子 中等 浅肤色 | body | medium light skin tone | nose | noses | nosey | odor | smell | smells | 中等 浅肤色 | 嗅 | 气味 | 闻 | 鼻 | 鼻子
👃🏽	nose: medium skin tone	鼻子: 中等肤色	nose medium skin tone | 鼻子 中等肤色 | body | medium skin tone | nose | noses | nosey | odor | smell | smells | 中等肤色 | 嗅 | 气味 | 闻 | 鼻 | 鼻子
👃🏾	nose: medium-dark skin tone	鼻子: 中等-深肤色	nose medium dark skin tone | 鼻子 中等 深肤色 | body | medium dark skin tone | nose | noses | nosey | odor | smell | smells | 中等 深肤色 | 嗅 | 气味 | 闻 | 鼻 | 鼻子
👃🏿	nose: dark skin tone	鼻子: 较深肤色	nose dark skin tone | 鼻子 较深肤色 | body | dark skin tone | nose | noses | nosey | odor | smell | smells | 嗅 | 气味 | 较深肤色 | 闻 | 鼻 | 鼻子
🧠	brain	脑	brain | 脑 | intelligent | smart | 大脑 | 头脑 | 智慧 | 智能 | 聪明
🫀	anatomical heart	心脏器官	anatomical heart | 心脏器官 | anatomical | beat | cardiology | heart | heartbeat | organ | pulse | real | red | 中心 | 器官 | 心率 | 心脏 | 心脏病学 | 心跳 | 真心 | 红心 | 解剖 | 身体
🫁	lungs	肺	lungs | 肺 | breath | breathe | exhalation | inhalation | lung | organ | respiration | 吸气 | 呼吸 | 呼吸作用 | 呼气 | 器官 | 肺部 | 身体
🦷	tooth	牙齿	tooth | 牙齿 | dentist | pearly | teeth | white | 牙医 | 牙科医生 | 珍珠色 | 白色
🦴	bone	骨头	bone | 骨头 | bones | dog | skeleton | wishbone | 叉骨 | 狗 | 骨骼
👀	eyes	双眼	eyes | 双眼 | body | eye | face | googly | look | looking | omg | peep | see | seeing | 看 | 眼睛 | 窥视 | 身体
👁️	eye	眼睛	eye | 眼睛 | 1 | body | one | 单眼 | 看 | 眼 | 身体
👅	tongue	舌头	tongue | 舌头 | body | lick | slurp | 啧啧地喝 | 舌 | 舔 | 身体
👄	mouth	嘴	mouth | 嘴 | beauty | body | kiss | kissing | lips | lipstick | 口 | 口红 | 吻 | 唇 | 唇膏
🫦	biting lip	咬住嘴唇	biting lip | 咬住嘴唇 | anxious | bite | biting | fear | flirt | flirting | kiss | lip | lipstick | nervous | sexy | uncomfortable | worried | worry | 不舒服 | 口红 | 咬嘴唇 | 嘴唇 | 害怕 | 性感 | 担心 | 接吻 | 焦虑 | 紧张 | 调情
👶	baby	小宝贝	baby | 小宝贝 | babies | children | goo | infant | newborn | pregnant | young | 孩子 | 宝宝 | 小毛头
👶🏻	baby: light skin tone	小宝贝: 较浅肤色	baby light skin tone | 小宝贝 较浅肤色 | babies | baby | children | goo | infant | light skin tone | newborn | pregnant | young | 孩子 | 宝宝 | 小宝贝 | 小毛头 | 较浅肤色
👶🏼	baby: medium-light skin tone	小宝贝: 中等-浅肤色	baby medium light skin tone | 小宝贝 中等 浅肤色 | babies | baby | children | goo | infant | medium light skin tone | newborn | pregnant | young | 中等 浅肤色 | 孩子 | 宝宝 | 小宝贝 | 小毛头
👶🏽	baby: medium skin tone	小宝贝: 中等肤色	baby medium skin tone | 小宝贝 中等肤色 | babies | baby | children | goo | infant | medium skin tone | newborn | pregnant | young | 中等肤色 | 孩子 | 宝宝 | 小宝贝 | 小毛头
👶🏾	baby: medium-dark skin tone	小宝贝: 中等-深肤色	baby medium dark skin tone | 小宝贝 中等 深肤色 | babies | baby | children | goo | infant | medium dark skin tone | newborn | pregnant | young | 中等 深肤色 | 孩子 | 宝宝 | 小宝贝 | 小毛头
👶🏿	baby: dark skin tone	小宝贝: 较深肤色	baby dark skin tone | 小宝贝 较深肤色 | babies | baby | children | dark skin tone | goo | infant | newborn | pregnant | young | 孩子 | 宝宝 | 小宝贝 | 小毛头 | 较深肤色
🧒	child	儿童	child | 儿童 | bright eyed | grandchild | kid | young | younger | 中性 | 小孩 | 年轻人 | 性别不明 | 性别中立
🧒🏻	child: light skin tone	儿童: 较浅肤色	child light skin tone | 儿童 较浅肤色 | bright eyed | child | grandchild | kid | light skin tone | young | younger | 中性 | 儿童 | 小孩 | 年轻人 | 性别不明 | 性别中立 | 较浅肤色
🧒🏼	child: medium-light skin tone	儿童: 中等-浅肤色	child medium light skin tone | 儿童 中等 浅肤色 | bright eyed | child | grandchild | kid | medium light skin tone | young | younger | 中性 | 中等 浅肤色 | 儿童 | 小孩 | 年轻人 | 性别不明 | 性别中立
🧒🏽	child: medium skin tone	儿童: 中等肤色	child medium skin tone | 儿童 中等肤色 | bright eyed | child | grandchild | kid | medium skin tone | young | younger | 中性 | 中等肤色 | 儿童 | 小孩 | 年轻人 | 性别不明 | 性别中立
🧒🏾	child: medium-dark skin tone	儿童: 中等-深肤色	child medium dark skin tone | 儿童 中等 深肤色 | bright eyed | child | grandchild | kid | medium dark skin tone | young | younger | 中性 | 中等 深肤色 | 儿童 | 小孩 | 年轻人 | 性别不明 | 性别中立
🧒🏿	child: dark skin tone	儿童: 较深肤色	child dark skin tone | 儿童 较深肤色 | bright eyed | child | dark skin tone | grandchild | kid | young | younger | 中性 | 儿童 | 小孩 | 年轻人 | 性别不明 | 性别中立 | 较深肤色
👦	boy	男孩	boy | 男孩 | bright eyed | child | grandson | kid | son | young | younger | 儿童 | 孩子 | 小孩 | 男
👦🏻	boy: light skin tone	男孩: 较浅肤色	boy light skin tone | 男孩 较浅肤色 | boy | bright eyed | child | grandson | kid | light skin tone | son | young | younger | 儿童 | 孩子 | 小孩 | 男 | 男孩 | 较浅肤色
👦🏼	boy: medium-light skin tone	男孩: 中等-浅肤色	boy medium light skin tone | 男孩 中等 浅肤色 | boy | bright eyed | child | grandson | kid | medium light skin tone | son | young | younger | 中等 浅肤色 | 儿童 | 孩子 | 小孩 | 男 | 男孩
👦🏽	boy: medium skin tone	男孩: 中等肤色	boy medium skin tone | 男孩 中等肤色 | boy | bright eyed | child | grandson | kid | medium skin tone | son | young | younger | 中等肤色 | 儿童 | 孩子 | 小孩 | 男 | 男孩
👦🏾	boy: medium-dark skin tone	男孩: 中等-深肤色	boy medium dark skin tone | 男孩 中等 深肤色 | boy | bright eyed | child | grandson | kid | medium dark skin tone | son | young | younger | 中等 深肤色 | 儿童 | 孩子 | 小孩 | 男 | 男孩
👦🏿	boy: dark skin tone	男孩: 较深肤色	boy dark skin tone | 男孩 较深肤色 | boy | bright eyed | child | dark skin tone | grandson | kid | son | young | younger | 儿童 | 孩子 | 小孩 | 男 | 男孩 | 较深肤色
👧	girl	女孩	girl | 女孩 | bright eyed | child | daughter | granddaughter | kid | virgo | young | younger | zodiac | 儿童 | 大眼女孩 | 女 | 女儿 | 孩子 | 小孩
👧🏻	girl: light skin tone	女孩: 较浅肤色	girl light skin tone | 女孩 较浅肤色 | bright eyed | child | daughter | girl | granddaughter | kid | light skin tone | virgo | young | younger | zodiac | 儿童 | 大眼女孩 | 女 | 女儿 | 女孩 | 孩子 | 小孩 | 较浅肤色
👧🏼	girl: medium-light skin tone	女孩: 中等-浅肤色	girl medium light skin tone | 女孩 中等 浅肤色 | bright eyed | child | daughter | girl | granddaughter | kid | medium light skin tone | virgo | young | younger | zodiac | 中等 浅肤色 | 儿童 | 大眼女孩 | 女 | 女儿 | 女孩 | 孩子 | 小孩
👧🏽	girl: medium skin tone	女孩: 中等肤色	girl medium skin tone | 女孩 中等肤色 | bright eyed | child | daughter | girl | granddaughter | kid | medium skin tone | virgo | young | younger | zodiac | 中等肤色 | 儿童 | 大眼女孩 | 女 | 女儿 | 女孩 | 孩子 | 小孩
👧🏾	girl: medium-dark skin tone	女孩: 中等-深肤色	girl medium dark skin tone | 女孩 中等 深肤色 | bright eyed | child | daughter | girl | granddaughter | kid | medium dark skin tone | virgo | young | younger | zodiac | 中等 深肤色 | 儿童 | 大眼女孩 | 女 | 女儿 | 女孩 | 孩子 | 小孩
👧🏿	girl: dark skin tone	女孩: 较深肤色	girl dark skin tone | 女孩 较深肤色 | bright eyed | child | dark skin tone | daughter | girl | granddaughter | kid | virgo | young | younger | zodiac | 儿童 | 大眼女孩 | 女 | 女儿 | 女孩 | 孩子 | 小孩 | 较深肤色
🧑	person	成人	person | 成人 | adult | 中性 | 性别中立 | 性格不明
🧑🏻	person: light skin tone	成人: 较浅肤色	person light skin tone | 成人 较浅肤色 | adult | light skin tone | person | 中性 | 性别中立 | 性格不明 | 成人 | 较浅肤色
🧑🏼	person: medium-light skin tone	成人: 中等-浅肤色	person medium light skin tone | 成人 中等 浅肤色 | adult | medium light skin tone | person | 中性 | 中等 浅肤色 | 性别中立 | 性格不明 | 成人
🧑🏽	person: medium skin tone	成人: 中等肤色	person medium skin tone | 成人 中等肤色 | adult | medium skin tone | person | 中性 | 中等肤色 | 性别中立 | 性格不明 | 成人
🧑🏾	person: medium-dark skin tone	成人: 中等-深肤色	person medium dark skin tone | 成人 中等 深肤色 | adult | medium dark skin tone | person | 中性 | 中等 深肤色 | 性别中立 | 性格不明 | 成人
🧑🏿	person: dark skin tone	成人: 较深肤色	person dark skin tone | 成人 较深肤色 | adult | dark skin tone | person | 中性 | 性别中立 | 性格不明 | 成人 | 较深肤色
👱	person: blond hair	金色头发的人	person blond hair | 金色头发的人 | blond | blond haired | human | person | 人 | 脸 | 金发
👱🏻	person: light skin tone, blond hair	金色头发的人: 较浅肤色	person light skin tone, blond hair | 金色头发的人 较浅肤色 | blond | blond hair | blond haired | human | light skin tone | person | 人 | 脸 | 较浅肤色 | 金发 | 金色头发的人
👱🏼	person: medium-light skin tone, blond hair	金色头发的人: 中等-浅肤色	person medium light skin tone, blond hair | 金色头发的人 中等 浅肤色 | blond | blond hair | blond haired | human | medium light skin tone | person | 中等 浅肤色 | 人 | 脸 | 金发 | 金色头发的人
👱🏽	person: medium skin tone, blond hair	金色头发的人: 中等肤色	person medium skin tone, blond hair | 金色头发的人 中等肤色 | blond | blond hair | blond haired | human | medium skin tone | person | 中等肤色 | 人 | 脸 | 金发 | 金色头发的人
👱🏾	person: medium-dark skin tone, blond hair	金色头发的人: 中等-深肤色	person medium dark skin tone, blond hair | 金色头发的人 中等 深肤色 | blond | blond hair | blond haired | human | medium dark skin tone | person | 中等 深肤色 | 人 | 脸 | 金发 | 金色头发的人
👱🏿	person: dark skin tone, blond hair	金色头发的人: 较深肤色	person dark skin tone, blond hair | 金色头发的人 较深肤色 | blond | blond hair | blond haired | dark skin tone | human | person | 人 | 脸 | 较深肤色 | 金发 | 金色头发的人
👨	man	男人	man | 男人 | adult | bro | 兄弟 | 成人 | 男
👨🏻	man: light skin tone	男人: 较浅肤色	man light skin tone | 男人 较浅肤色 | adult | bro | light skin tone | man | 兄弟 | 成人 | 男 | 男人 | 较浅肤色
👨🏼	man: medium-light skin tone	男人: 中等-浅肤色	man medium light skin tone | 男人 中等 浅肤色 | adult | bro | man | medium light skin tone | 中等 浅肤色 | 兄弟 | 成人 | 男 | 男人
👨🏽	man: medium skin tone	男人: 中等肤色	man medium skin tone | 男人 中等肤色 | adult | bro | man | medium skin tone | 中等肤色 | 兄弟 | 成人 | 男 | 男人
👨🏾	man: medium-dark skin tone	男人: 中等-深肤色	man medium dark skin tone | 男人 中等 深肤色 | adult | bro | man | medium dark skin tone | 中等 深肤色 | 兄弟 | 成人 | 男 | 男人
👨🏿	man: dark skin tone	男人: 较深肤色	man dark skin tone | 男人 较深肤色 | adult | bro | dark skin tone | man | 兄弟 | 成人 | 男 | 男人 | 较深肤色
🧔	person: beard	有胡子的人	person beard | 有胡子的人 | beard | bearded | person | whiskers | 人 | 大胡子 | 男 | 络腮胡 | 胡子 | 胡须 | 腮帮子 | 连鬓胡子
🧔🏻	person: light skin tone, beard	有胡子的人: 较浅肤色	person light skin tone, beard | 有胡子的人 较浅肤色 | beard | bearded | light skin tone | person | whiskers | 人 | 大胡子 | 有胡子的人 | 男 | 络腮胡 | 胡子 | 胡须 | 腮帮子 | 较浅肤色 | 连鬓胡子
🧔🏼	person: medium-light skin tone, beard	有胡子的人: 中等-浅肤色	person medium light skin tone, beard | 有胡子的人 中等 浅肤色 | beard | bearded | medium light skin tone | person | whiskers | 中等 浅肤色 | 人 | 大胡子 | 有胡子的人 | 男 | 络腮胡 | 胡子 | 胡须 | 腮帮子 | 连鬓胡子
🧔🏽	person: medium skin tone, beard	有胡子的人: 中等肤色	person medium skin tone, beard | 有胡子的人 中等肤色 | beard | bearded | medium skin tone | person | whiskers | 中等肤色 | 人 | 大胡子 | 有胡子的人 | 男 | 络腮胡 | 胡子 | 胡须 | 腮帮子 | 连鬓胡子
🧔🏾	person: medium-dark skin tone, beard	有胡子的人: 中等-深肤色	person medium dark skin tone, beard | 有胡子的人 中等 深肤色 | beard | bearded | medium dark skin tone | person | whiskers | 中等 深肤色 | 人 | 大胡子 | 有胡子的人 | 男 | 络腮胡 | 胡子 | 胡须 | 腮帮子 | 连鬓胡子
🧔🏿	person: dark skin tone, beard	有胡子的人: 较深肤色	person dark skin tone, beard | 有胡子的人 较深肤色 | beard | bearded | dark skin tone | person | whiskers | 人 | 大胡子 | 有胡子的人 | 男 | 络腮胡 | 胡子 | 胡须 | 腮帮子 | 较深肤色 | 连鬓胡子
🧔‍♂️	man: beard	有络腮胡子的男人	man beard | 有络腮胡子的男人 | beard | bearded | man | whiskers | 男人 | 胡子
🧔🏻‍♂️	man: light skin tone, beard	有络腮胡子的男人: 较浅肤色	man light skin tone, beard | 有络腮胡子的男人 较浅肤色 | beard | bearded | light skin tone | man | whiskers | 有络腮胡子的男人 | 男人 | 胡子 | 较浅肤色
🧔🏼‍♂️	man: medium-light skin tone, beard	有络腮胡子的男人: 中等-浅肤色	man medium light skin tone, beard | 有络腮胡子的男人 中等 浅肤色 | beard | bearded | man | medium light skin tone | whiskers | 中等 浅肤色 | 有络腮胡子的男人 | 男人 | 胡子
🧔🏽‍♂️	man: medium skin tone, beard	有络腮胡子的男人: 中等肤色	man medium skin tone, beard | 有络腮胡子的男人 中等肤色 | beard | bearded | man | medium skin tone | whiskers | 中等肤色 | 有络腮胡子的男人 | 男人 | 胡子
🧔🏾‍♂️	man: medium-dark skin tone, beard	有络腮胡子的男人: 中等-深肤色	man medium dark skin tone, beard | 有络腮胡子的男人 中等 深肤色 | beard | bearded | man | medium dark skin tone | whiskers | 中等 深肤色 | 有络腮胡子的男人 | 男人 | 胡子
🧔🏿‍♂️	man: dark skin tone, beard	有络腮胡子的男人: 较深肤色	man dark skin tone, beard | 有络腮胡子的男人 较深肤色 | beard | bearded | dark skin tone | man | whiskers | 有络腮胡子的男人 | 男人 | 胡子 | 较深肤色
🧔‍♀️	woman: beard	有络腮胡子的女人	woman beard | 有络腮胡子的女人 | beard | bearded | whiskers | woman | 女人 | 胡子
🧔🏻‍♀️	woman: light skin tone, beard	有络腮胡子的女人: 较浅肤色	woman light skin tone, beard | 有络腮胡子的女人 较浅肤色 | beard | bearded | light skin tone | whiskers | woman | 女人 | 有络腮胡子的女人 | 胡子 | 较浅肤色
🧔🏼‍♀️	woman: medium-light skin tone, beard	有络腮胡子的女人: 中等-浅肤色	woman medium light skin tone, beard | 有络腮胡子的女人 中等 浅肤色 | beard | bearded | medium light skin tone | whiskers | woman | 中等 浅肤色 | 女人 | 有络腮胡子的女人 | 胡子
🧔🏽‍♀️	woman: medium skin tone, beard	有络腮胡子的女人: 中等肤色	woman medium skin tone, beard | 有络腮胡子的女人 中等肤色 | beard | bearded | medium skin tone | whiskers | woman | 中等肤色 | 女人 | 有络腮胡子的女人 | 胡子
🧔🏾‍♀️	woman: medium-dark skin tone, beard	有络腮胡子的女人: 中等-深肤色	woman medium dark skin tone, beard | 有络腮胡子的女人 中等 深肤色 | beard | bearded | medium dark skin tone | whiskers | woman | 中等 深肤色 | 女人 | 有络腮胡子的女人 | 胡子
🧔🏿‍♀️	woman: dark skin tone, beard	有络腮胡子的女人: 较深肤色	woman dark skin tone, beard | 有络腮胡子的女人 较深肤色 | beard | bearded | dark skin tone | whiskers | woman | 女人 | 有络腮胡子的女人 | 胡子 | 较深肤色
👨‍🦰	man: red hair	男人: 红发	man red hair | 男人 红发 | adult | bro | man | red hair | 兄弟 | 成人 | 男 | 男人 | 红发
👨🏻‍🦰	man: light skin tone, red hair	男人: 较浅肤色红发	man light skin tone, red hair | 男人 较浅肤色红发 | adult | bro | light skin tone | man | red hair | 兄弟 | 成人 | 男 | 男人 | 红发 | 较浅肤色
👨🏼‍🦰	man: medium-light skin tone, red hair	男人: 中等-浅肤色红发	man medium light skin tone, red hair | 男人 中等 浅肤色红发 | adult | bro | man | medium light skin tone | red hair | 中等 浅肤色 | 兄弟 | 成人 | 男 | 男人 | 红发
👨🏽‍🦰	man: medium skin tone, red hair	男人: 中等肤色红发	man medium skin tone, red hair | 男人 中等肤色红发 | adult | bro | man | medium skin tone | red hair | 中等肤色 | 兄弟 | 成人 | 男 | 男人 | 红发
👨🏾‍🦰	man: medium-dark skin tone, red hair	男人: 中等-深肤色红发	man medium dark skin tone, red hair | 男人 中等 深肤色红发 | adult | bro | man | medium dark skin tone | red hair | 中等 深肤色 | 兄弟 | 成人 | 男 | 男人 | 红发
👨🏿‍🦰	man: dark skin tone, red hair	男人: 较深肤色红发	man dark skin tone, red hair | 男人 较深肤色红发 | adult | bro | dark skin tone | man | red hair | 兄弟 | 成人 | 男 | 男人 | 红发 | 较深肤色
👨‍🦱	man: curly hair	男人: 卷发	man curly hair | 男人 卷发 | adult | bro | curly hair | man | 兄弟 | 卷发 | 成人 | 男 | 男人
👨🏻‍🦱	man: light skin tone, curly hair	男人: 较浅肤色卷发	man light skin tone, curly hair | 男人 较浅肤色卷发 | adult | bro | curly hair | light skin tone | man | 兄弟 | 卷发 | 成人 | 男 | 男人 | 较浅肤色
👨🏼‍🦱	man: medium-light skin tone, curly hair	男人: 中等-浅肤色卷发	man medium light skin tone, curly hair | 男人 中等 浅肤色卷发 | adult | bro | curly hair | man | medium light skin tone | 中等 浅肤色 | 兄弟 | 卷发 | 成人 | 男 | 男人
👨🏽‍🦱	man: medium skin tone, curly hair	男人: 中等肤色卷发	man medium skin tone, curly hair | 男人 中等肤色卷发 | adult | bro | curly hair | man | medium skin tone | 中等肤色 | 兄弟 | 卷发 | 成人 | 男 | 男人
👨🏾‍🦱	man: medium-dark skin tone, curly hair	男人: 中等-深肤色卷发	man medium dark skin tone, curly hair | 男人 中等 深肤色卷发 | adult | bro | curly hair | man | medium dark skin tone | 中等 深肤色 | 兄弟 | 卷发 | 成人 | 男 | 男人
👨🏿‍🦱	man: dark skin tone, curly hair	男人: 较深肤色卷发	man dark skin tone, curly hair | 男人 较深肤色卷发 | adult | bro | curly hair | dark skin tone | man | 兄弟 | 卷发 | 成人 | 男 | 男人 | 较深肤色
👨‍🦳	man: white hair	男人: 白发	man white hair | 男人 白发 | adult | bro | man | white hair | 兄弟 | 成人 | 男 | 男人 | 白发
👨🏻‍🦳	man: light skin tone, white hair	男人: 较浅肤色白发	man light skin tone, white hair | 男人 较浅肤色白发 | adult | bro | light skin tone | man | white hair | 兄弟 | 成人 | 男 | 男人 | 白发 | 较浅肤色
👨🏼‍🦳	man: medium-light skin tone, white hair	男人: 中等-浅肤色白发	man medium light skin tone, white hair | 男人 中等 浅肤色白发 | adult | bro | man | medium light skin tone | white hair | 中等 浅肤色 | 兄弟 | 成人 | 男 | 男人 | 白发
👨🏽‍🦳	man: medium skin tone, white hair	男人: 中等肤色白发	man medium skin tone, white hair | 男人 中等肤色白发 | adult | bro | man | medium skin tone | white hair | 中等肤色 | 兄弟 | 成人 | 男 | 男人 | 白发
👨🏾‍🦳	man: medium-dark skin tone, white hair	男人: 中等-深肤色白发	man medium dark skin tone, white hair | 男人 中等 深肤色白发 | adult | bro | man | medium dark skin tone | white hair | 中等 深肤色 | 兄弟 | 成人 | 男 | 男人 | 白发
👨🏿‍🦳	man: dark skin tone, white hair	男人: 较深肤色白发	man dark skin tone, white hair | 男人 较深肤色白发 | adult | bro | dark skin tone | man | white hair | 兄弟 | 成人 | 男 | 男人 | 白发 | 较深肤色
👨‍🦲	man: bald	男人: 秃顶	man bald | 男人 秃顶 | adult | bald | bro | man | 兄弟 | 成人 | 男 | 男人 | 秃顶
👨🏻‍🦲	man: light skin tone, bald	男人: 较浅肤色秃顶	man light skin tone, bald | 男人 较浅肤色秃顶 | adult | bald | bro | light skin tone | man | 兄弟 | 成人 | 男 | 男人 | 秃顶 | 较浅肤色
👨🏼‍🦲	man: medium-light skin tone, bald	男人: 中等-浅肤色秃顶	man medium light skin tone, bald | 男人 中等 浅肤色秃顶 | adult | bald | bro | man | medium light skin tone | 中等 浅肤色 | 兄弟 | 成人 | 男 | 男人 | 秃顶
👨🏽‍🦲	man: medium skin tone, bald	男人: 中等肤色秃顶	man medium skin tone, bald | 男人 中等肤色秃顶 | adult | bald | bro | man | medium skin tone | 中等肤色 | 兄弟 | 成人 | 男 | 男人 | 秃顶
👨🏾‍🦲	man: medium-dark skin tone, bald	男人: 中等-深肤色秃顶	man medium dark skin tone, bald | 男人 中等 深肤色秃顶 | adult | bald | bro | man | medium dark skin tone | 中等 深肤色 | 兄弟 | 成人 | 男 | 男人 | 秃顶
👨🏿‍🦲	man: dark skin tone, bald	男人: 较深肤色秃顶	man dark skin tone, bald | 男人 较深肤色秃顶 | adult | bald | bro | dark skin tone | man | 兄弟 | 成人 | 男 | 男人 | 秃顶 | 较深肤色
👩	woman	女人	woman | 女人 | adult | lady | 女 | 淑女 | 金发
👩🏻	woman: light skin tone	女人: 较浅肤色	woman light skin tone | 女人 较浅肤色 | adult | lady | light skin tone | woman | 女 | 女人 | 淑女 | 较浅肤色 | 金发
👩🏼	woman: medium-light skin tone	女人: 中等-浅肤色	woman medium light skin tone | 女人 中等 浅肤色 | adult | lady | medium light skin tone | woman | 中等 浅肤色 | 女 | 女人 | 淑女 | 金发
👩🏽	woman: medium skin tone	女人: 中等肤色	woman medium skin tone | 女人 中等肤色 | adult | lady | medium skin tone | woman | 中等肤色 | 女 | 女人 | 淑女 | 金发
👩🏾	woman: medium-dark skin tone	女人: 中等-深肤色	woman medium dark skin tone | 女人 中等 深肤色 | adult | lady | medium dark skin tone | woman | 中等 深肤色 | 女 | 女人 | 淑女 | 金发
👩🏿	woman: dark skin tone	女人: 较深肤色	woman dark skin tone | 女人 较深肤色 | adult | dark skin tone | lady | woman | 女 | 女人 | 淑女 | 较深肤色 | 金发
👩‍🦰	woman: red hair	女人: 红发	woman red hair | 女人 红发 | adult | lady | red hair | woman | 女 | 女人 | 淑女 | 红发 | 金发
👩🏻‍🦰	woman: light skin tone, red hair	女人: 较浅肤色红发	woman light skin tone, red hair | 女人 较浅肤色红发 | adult | lady | light skin tone | red hair | woman | 女 | 女人 | 淑女 | 红发 | 较浅肤色 | 金发
👩🏼‍🦰	woman: medium-light skin tone, red hair	女人: 中等-浅肤色红发	woman medium light skin tone, red hair | 女人 中等 浅肤色红发 | adult | lady | medium light skin tone | red hair | woman | 中等 浅肤色 | 女 | 女人 | 淑女 | 红发 | 金发
👩🏽‍🦰	woman: medium skin tone, red hair	女人: 中等肤色红发	woman medium skin tone, red hair | 女人 中等肤色红发 | adult | lady | medium skin tone | red hair | woman | 中等肤色 | 女 | 女人 | 淑女 | 红发 | 金发
👩🏾‍🦰	woman: medium-dark skin tone, red hair	女人: 中等-深肤色红发	woman medium dark skin tone, red hair | 女人 中等 深肤色红发 | adult | lady | medium dark skin tone | red hair | woman | 中等 深肤色 | 女 | 女人 | 淑女 | 红发 | 金发
👩🏿‍🦰	woman: dark skin tone, red hair	女人: 较深肤色红发	woman dark skin tone, red hair | 女人 较深肤色红发 | adult | dark skin tone | lady | red hair | woman | 女 | 女人 | 淑女 | 红发 | 较深肤色 | 金发
🧑‍🦰	person: red hair	成人: 红发	person red hair | 成人 红发 | adult | person | red hair | 中性 | 性别中立 | 性格不明 | 成人 | 红发
🧑🏻‍🦰	person: light skin tone, red hair	成人: 较浅肤色红发	person light skin tone, red hair | 成人 较浅肤色红发 | adult | light skin tone | person | red hair | 中性 | 性别中立 | 性格不明 | 成人 | 红发 | 较浅肤色
🧑🏼‍🦰	person: medium-light skin tone, red hair	成人: 中等-浅肤色红发	person medium light skin tone, red hair | 成人 中等 浅肤色红发 | adult | medium light skin tone | person | red hair | 中性 | 中等 浅肤色 | 性别中立 | 性格不明 | 成人 | 红发
🧑🏽‍🦰	person: medium skin tone, red hair	成人: 中等肤色红发	person medium skin tone, red hair | 成人 中等肤色红发 | adult | medium skin tone | person | red hair | 中性 | 中等肤色 | 性别中立 | 性格不明 | 成人 | 红发
🧑🏾‍🦰	person: medium-dark skin tone, red hair	成人: 中等-深肤色红发	person medium dark skin tone, red hair | 成人 中等 深肤色红发 | adult | medium dark skin tone | person | red hair | 中性 | 中等 深肤色 | 性别中立 | 性格不明 | 成人 | 红发
🧑🏿‍🦰	person: dark skin tone, red hair	成人: 较深肤色红发	person dark skin tone, red hair | 成人 较深肤色红发 | adult | dark skin tone | person | red hair | 中性 | 性别中立 | 性格不明 | 成人 | 红发 | 较深肤色
👩‍🦱	woman: curly hair	女人: 卷发	woman curly hair | 女人 卷发 | adult | curly hair | lady | woman | 卷发 | 女 | 女人 | 淑女 | 金发
👩🏻‍🦱	woman: light skin tone, curly hair	女人: 较浅肤色卷发	woman light skin tone, curly hair | 女人 较浅肤色卷发 | adult | curly hair | lady | light skin tone | woman | 卷发 | 女 | 女人 | 淑女 | 较浅肤色 | 金发
👩🏼‍🦱	woman: medium-light skin tone, curly hair	女人: 中等-浅肤色卷发	woman medium light skin tone, curly hair | 女人 中等 浅肤色卷发 | adult | curly hair | lady | medium light skin tone | woman | 中等 浅肤色 | 卷发 | 女 | 女人 | 淑女 | 金发
👩🏽‍🦱	woman: medium skin tone, curly hair	女人: 中等肤色卷发	woman medium skin tone, curly hair | 女人 中等肤色卷发 | adult | curly hair | lady | medium skin tone | woman | 中等肤色 | 卷发 | 女 | 女人 | 淑女 | 金发
👩🏾‍🦱	woman: medium-dark skin tone, curly hair	女人: 中等-深肤色卷发	woman medium dark skin tone, curly hair | 女人 中等 深肤色卷发 | adult | curly hair | lady | medium dark skin tone | woman | 中等 深肤色 | 卷发 | 女 | 女人 | 淑女 | 金发
👩🏿‍🦱	woman: dark skin tone, curly hair	女人: 较深肤色卷发	woman dark skin tone, curly hair | 女人 较深肤色卷发 | adult | curly hair | dark skin tone | lady | woman | 卷发 | 女 | 女人 | 淑女 | 较深肤色 | 金发
🧑‍🦱	person: curly hair	成人: 卷发	person curly hair | 成人 卷发 | adult | curly hair | person | 中性 | 卷发 | 性别中立 | 性格不明 | 成人
🧑🏻‍🦱	person: light skin tone, curly hair	成人: 较浅肤色卷发	person light skin tone, curly hair | 成人 较浅肤色卷发 | adult | curly hair | light skin tone | person | 中性 | 卷发 | 性别中立 | 性格不明 | 成人 | 较浅肤色
🧑🏼‍🦱	person: medium-light skin tone, curly hair	成人: 中等-浅肤色卷发	person medium light skin tone, curly hair | 成人 中等 浅肤色卷发 | adult | curly hair | medium light skin tone | person | 中性 | 中等 浅肤色 | 卷发 | 性别中立 | 性格不明 | 成人
🧑🏽‍🦱	person: medium skin tone, curly hair	成人: 中等肤色卷发	person medium skin tone, curly hair | 成人 中等肤色卷发 | adult | curly hair | medium skin tone | person | 中性 | 中等肤色 | 卷发 | 性别中立 | 性格不明 | 成人
🧑🏾‍🦱	person: medium-dark skin tone, curly hair	成人: 中等-深肤色卷发	person medium dark skin tone, curly hair | 成人 中等 深肤色卷发 | adult | curly hair | medium dark skin tone | person | 中性 | 中等 深肤色 | 卷发 | 性别中立 | 性格不明 | 成人
🧑🏿‍🦱	person: dark skin tone, curly hair	成人: 较深肤色卷发	person dark skin tone, curly hair | 成人 较深肤色卷发 | adult | curly hair | dark skin tone | person | 中性 | 卷发 | 性别中立 | 性格不明 | 成人 | 较深肤色
👩‍🦳	woman: white hair	女人: 白发	woman white hair | 女人 白发 | adult | lady | white hair | woman | 女 | 女人 | 淑女 | 白发 | 金发
👩🏻‍🦳	woman: light skin tone, white hair	女人: 较浅肤色白发	woman light skin tone, white hair | 女人 较浅肤色白发 | adult | lady | light skin tone | white hair | woman | 女 | 女人 | 淑女 | 白发 | 较浅肤色 | 金发
👩🏼‍🦳	woman: medium-light skin tone, white hair	女人: 中等-浅肤色白发	woman medium light skin tone, white hair | 女人 中等 浅肤色白发 | adult | lady | medium light skin tone | white hair | woman | 中等 浅肤色 | 女 | 女人 | 淑女 | 白发 | 金发
👩🏽‍🦳	woman: medium skin tone, white hair	女人: 中等肤色白发	woman medium skin tone, white hair | 女人 中等肤色白发 | adult | lady | medium skin tone | white hair | woman | 中等肤色 | 女 | 女人 | 淑女 | 白发 | 金发
👩🏾‍🦳	woman: medium-dark skin tone, white hair	女人: 中等-深肤色白发	woman medium dark skin tone, white hair | 女人 中等 深肤色白发 | adult | lady | medium dark skin tone | white hair | woman | 中等 深肤色 | 女 | 女人 | 淑女 | 白发 | 金发
👩🏿‍🦳	woman: dark skin tone, white hair	女人: 较深肤色白发	woman dark skin tone, white hair | 女人 较深肤色白发 | adult | dark skin tone | lady | white hair | woman | 女 | 女人 | 淑女 | 白发 | 较深肤色 | 金发
🧑‍🦳	person: white hair	成人: 白发	person white hair | 成人 白发 | adult | person | white hair | 中性 | 性别中立 | 性格不明 | 成人 | 白发
🧑🏻‍🦳	person: light skin tone, white hair	成人: 较浅肤色白发	person light skin tone, white hair | 成人 较浅肤色白发 | adult | light skin tone | person | white hair | 中性 | 性别中立 | 性格不明 | 成人 | 白发 | 较浅肤色
🧑🏼‍🦳	person: medium-light skin tone, white hair	成人: 中等-浅肤色白发	person medium light skin tone, white hair | 成人 中等 浅肤色白发 | adult | medium light skin tone | person | white hair | 中性 | 中等 浅肤色 | 性别中立 | 性格不明 | 成人 | 白发
🧑🏽‍🦳	person: medium skin tone, white hair	成人: 中等肤色白发	person medium skin tone, white hair | 成人 中等肤色白发 | adult | medium skin tone | person | white hair | 中性 | 中等肤色 | 性别中立 | 性格不明 | 成人 | 白发
🧑🏾‍🦳	person: medium-dark skin tone, white hair	成人: 中等-深肤色白发	person medium dark skin tone, white hair | 成人 中等 深肤色白发 | adult | medium dark skin tone | person | white hair | 中性 | 中等 深肤色 | 性别中立 | 性格不明 | 成人 | 白发
🧑🏿‍🦳	person: dark skin tone, white hair	成人: 较深肤色白发	person dark skin tone, white hair | 成人 较深肤色白发 | adult | dark skin tone | person | white hair | 中性 | 性别中立 | 性格不明 | 成人 | 白发 | 较深肤色
👩‍🦲	woman: bald	女人: 秃顶	woman bald | 女人 秃顶 | adult | bald | lady | woman | 女 | 女人 | 淑女 | 秃顶 | 金发
👩🏻‍🦲	woman: light skin tone, bald	女人: 较浅肤色秃顶	woman light skin tone, bald | 女人 较浅肤色秃顶 | adult | bald | lady | light skin tone | woman | 女 | 女人 | 淑女 | 秃顶 | 较浅肤色 | 金发
👩🏼‍🦲	woman: medium-light skin tone, bald	女人: 中等-浅肤色秃顶	woman medium light skin tone, bald | 女人 中等 浅肤色秃顶 | adult | bald | lady | medium light skin tone | woman | 中等 浅肤色 | 女 | 女人 | 淑女 | 秃顶 | 金发
👩🏽‍🦲	woman: medium skin tone, bald	女人: 中等肤色秃顶	woman medium skin tone, bald | 女人 中等肤色秃顶 | adult | bald | lady | medium skin tone | woman | 中等肤色 | 女 | 女人 | 淑女 | 秃顶 | 金发
👩🏾‍🦲	woman: medium-dark skin tone, bald	女人: 中等-深肤色秃顶	woman medium dark skin tone, bald | 女人 中等 深肤色秃顶 | adult | bald | lady | medium dark skin tone | woman | 中等 深肤色 | 女 | 女人 | 淑女 | 秃顶 | 金发
👩🏿‍🦲	woman: dark skin tone, bald	女人: 较深肤色秃顶	woman dark skin tone, bald | 女人 较深肤色秃顶 | adult | bald | dark skin tone | lady | woman | 女 | 女人 | 淑女 | 秃顶 | 较深肤色 | 金发
🧑‍🦲	person: bald	成人: 秃顶	person bald | 成人 秃顶 | adult | bald | person | 中性 | 性别中立 | 性格不明 | 成人 | 秃顶
🧑🏻‍🦲	person: light skin tone, bald	成人: 较浅肤色秃顶	person light skin tone, bald | 成人 较浅肤色秃顶 | adult | bald | light skin tone | person | 中性 | 性别中立 | 性格不明 | 成人 | 秃顶 | 较浅肤色
🧑🏼‍🦲	person: medium-light skin tone, bald	成人: 中等-浅肤色秃顶	person medium light skin tone, bald | 成人 中等 浅肤色秃顶 | adult | bald | medium light skin tone | person | 中性 | 中等 浅肤色 | 性别中立 | 性格不明 | 成人 | 秃顶
🧑🏽‍🦲	person: medium skin tone, bald	成人: 中等肤色秃顶	person medium skin tone, bald | 成人 中等肤色秃顶 | adult | bald | medium skin tone | person | 中性 | 中等肤色 | 性别中立 | 性格不明 | 成人 | 秃顶
🧑🏾‍🦲	person: medium-dark skin tone, bald	成人: 中等-深肤色秃顶	person medium dark skin tone, bald | 成人 中等 深肤色秃顶 | adult | bald | medium dark skin tone | person | 中性 | 中等 深肤色 | 性别中立 | 性格不明 | 成人 | 秃顶
🧑🏿‍🦲	person: dark skin tone, bald	成人: 较深肤色秃顶	person dark skin tone, bald | 成人 较深肤色秃顶 | adult | bald | dark skin tone | person | 中性 | 性别中立 | 性格不明 | 成人 | 秃顶 | 较深肤色
👱‍♀️	woman: blond hair	金发女	woman blond hair | 金发女 | blond | blond haired | blonde | hair | woman | 女 | 金发
👱🏻‍♀️	woman: light skin tone, blond hair	金发女: 较浅肤色	woman light skin tone, blond hair | 金发女 较浅肤色 | blond | blond haired | blonde | hair | light skin tone | woman | 女 | 较浅肤色 | 金发 | 金发女
👱🏼‍♀️	woman: medium-light skin tone, blond hair	金发女: 中等-浅肤色	woman medium light skin tone, blond hair | 金发女 中等 浅肤色 | blond | blond haired | blonde | hair | medium light skin tone | woman | 中等 浅肤色 | 女 | 金发 | 金发女
👱🏽‍♀️	woman: medium skin tone, blond hair	金发女: 中等肤色	woman medium skin tone, blond hair | 金发女 中等肤色 | blond | blond haired | blonde | hair | medium skin tone | woman | 中等肤色 | 女 | 金发 | 金发女
👱🏾‍♀️	woman: medium-dark skin tone, blond hair	金发女: 中等-深肤色	woman medium dark skin tone, blond hair | 金发女 中等 深肤色 | blond | blond haired | blonde | hair | medium dark skin tone | woman | 中等 深肤色 | 女 | 金发 | 金发女
👱🏿‍♀️	woman: dark skin tone, blond hair	金发女: 较深肤色	woman dark skin tone, blond hair | 金发女 较深肤色 | blond | blond haired | blonde | dark skin tone | hair | woman | 女 | 较深肤色 | 金发 | 金发女
👱‍♂️	man: blond hair	金发男	man blond hair | 金发男 | blond | blond haired | hair | man | 男 | 金发
👱🏻‍♂️	man: light skin tone, blond hair	金发男: 较浅肤色	man light skin tone, blond hair | 金发男 较浅肤色 | blond | blond haired | hair | light skin tone | man | 男 | 较浅肤色 | 金发 | 金发男
👱🏼‍♂️	man: medium-light skin tone, blond hair	金发男: 中等-浅肤色	man medium light skin tone, blond hair | 金发男 中等 浅肤色 | blond | blond haired | hair | man | medium light skin tone | 中等 浅肤色 | 男 | 金发 | 金发男
👱🏽‍♂️	man: medium skin tone, blond hair	金发男: 中等肤色	man medium skin tone, blond hair | 金发男 中等肤色 | blond | blond haired | hair | man | medium skin tone | 中等肤色 | 男 | 金发 | 金发男
👱🏾‍♂️	man: medium-dark skin tone, blond hair	金发男: 中等-深肤色	man medium dark skin tone, blond hair | 金发男 中等 深肤色 | blond | blond haired | hair | man | medium dark skin tone | 中等 深肤色 | 男 | 金发 | 金发男
👱🏿‍♂️	man: dark skin tone, blond hair	金发男: 较深肤色	man dark skin tone, blond hair | 金发男 较深肤色 | blond | blond haired | dark skin tone | hair | man | 男 | 较深肤色 | 金发 | 金发男
🧓	older person	老年人	older person | 老年人 | adult | elderly | grandparent | old | person | wise | 中性 | 性别不明 | 性别中性 | 成人 | 熟龄 | 老人 | 老男人 | 老龄
🧓🏻	older person: light skin tone	老年人: 较浅肤色	older person light skin tone | 老年人 较浅肤色 | adult | elderly | grandparent | light skin tone | old | person | wise | 中性 | 性别不明 | 性别中性 | 成人 | 熟龄 | 老人 | 老年人 | 老男人 | 老龄 | 较浅肤色
🧓🏼	older person: medium-light skin tone	老年人: 中等-浅肤色	older person medium light skin tone | 老年人 中等 浅肤色 | adult | elderly | grandparent | medium light skin tone | old | person | wise | 中性 | 中等 浅肤色 | 性别不明 | 性别中性 | 成人 | 熟龄 | 老人 | 老年人 | 老男人 | 老龄
🧓🏽	older person: medium skin tone	老年人: 中等肤色	older person medium skin tone | 老年人 中等肤色 | adult | elderly | grandparent | medium skin tone | old | person | wise | 中性 | 中等肤色 | 性别不明 | 性别中性 | 成人 | 熟龄 | 老人 | 老年人 | 老男人 | 老龄
🧓🏾	older person: medium-dark skin tone	老年人: 中等-深肤色	older person medium dark skin tone | 老年人 中等 深肤色 | adult | elderly | grandparent | medium dark skin tone | old | person | wise | 中性 | 中等 深肤色 | 性别不明 | 性别中性 | 成人 | 熟龄 | 老人 | 老年人 | 老男人 | 老龄
🧓🏿	older person: dark skin tone	老年人: 较深肤色	older person dark skin tone | 老年人 较深肤色 | adult | dark skin tone | elderly | grandparent | old | person | wise | 中性 | 性别不明 | 性别中性 | 成人 | 熟龄 | 老人 | 老年人 | 老男人 | 老龄 | 较深肤色
👴	old man	老爷爷	old man | 老爷爷 | adult | bald | elderly | gramps | grandfather | grandpa | man | old | wise | 祖父 | 秃头 | 老人 | 老头
👴🏻	old man: light skin tone	老爷爷: 较浅肤色	old man light skin tone | 老爷爷 较浅肤色 | adult | bald | elderly | gramps | grandfather | grandpa | light skin tone | man | old | wise | 祖父 | 秃头 | 老人 | 老头 | 老爷爷 | 较浅肤色
👴🏼	old man: medium-light skin tone	老爷爷: 中等-浅肤色	old man medium light skin tone | 老爷爷 中等 浅肤色 | adult | bald | elderly | gramps | grandfather | grandpa | man | medium light skin tone | old | wise | 中等 浅肤色 | 祖父 | 秃头 | 老人 | 老头 | 老爷爷
👴🏽	old man: medium skin tone	老爷爷: 中等肤色	old man medium skin tone | 老爷爷 中等肤色 | adult | bald | elderly | gramps | grandfather | grandpa | man | medium skin tone | old | wise | 中等肤色 | 祖父 | 秃头 | 老人 | 老头 | 老爷爷
👴🏾	old man: medium-dark skin tone	老爷爷: 中等-深肤色	old man medium dark skin tone | 老爷爷 中等 深肤色 | adult | bald | elderly | gramps | grandfather | grandpa | man | medium dark skin tone | old | wise | 中等 深肤色 | 祖父 | 秃头 | 老人 | 老头 | 老爷爷
👴🏿	old man: dark skin tone	老爷爷: 较深肤色	old man dark skin tone | 老爷爷 较深肤色 | adult | bald | dark skin tone | elderly | gramps | grandfather | grandpa | man | old | wise | 祖父 | 秃头 | 老人 | 老头 | 老爷爷 | 较深肤色
👵	old woman	老奶奶	old woman | 老奶奶 | adult | elderly | grandma | grandmother | granny | lady | old | wise | woman | 祖母 | 老人 | 老太
👵🏻	old woman: light skin tone	老奶奶: 较浅肤色	old woman light skin tone | 老奶奶 较浅肤色 | adult | elderly | grandma | grandmother | granny | lady | light skin tone | old | wise | woman | 祖母 | 老人 | 老太 | 老奶奶 | 较浅肤色
👵🏼	old woman: medium-light skin tone	老奶奶: 中等-浅肤色	old woman medium light skin tone | 老奶奶 中等 浅肤色 | adult | elderly | grandma | grandmother | granny | lady | medium light skin tone | old | wise | woman | 中等 浅肤色 | 祖母 | 老人 | 老太 | 老奶奶
👵🏽	old woman: medium skin tone	老奶奶: 中等肤色	old woman medium skin tone | 老奶奶 中等肤色 | adult | elderly | grandma | grandmother | granny | lady | medium skin tone | old | wise | woman | 中等肤色 | 祖母 | 老人 | 老太 | 老奶奶
👵🏾	old woman: medium-dark skin tone	老奶奶: 中等-深肤色	old woman medium dark skin tone | 老奶奶 中等 深肤色 | adult | elderly | grandma | grandmother | granny | lady | medium dark skin tone | old | wise | woman | 中等 深肤色 | 祖母 | 老人 | 老太 | 老奶奶
👵🏿	old woman: dark skin tone	老奶奶: 较深肤色	old woman dark skin tone | 老奶奶 较深肤色 | adult | dark skin tone | elderly | grandma | grandmother | granny | lady | old | wise | woman | 祖母 | 老人 | 老太 | 老奶奶 | 较深肤色
🙍	person frowning	皱眉	person frowning | 皱眉 | annoyed | disappointed | disgruntled | disturbed | frown | frowning | frustrated | gesture | irritated | person | upset | 不开心 | 不满 | 不爽 | 失望 | 心烦意乱 | 恼火 | 沮丧 | 皱眉的人
🙍🏻	person frowning: light skin tone	皱眉: 较浅肤色	person frowning light skin tone | 皱眉 较浅肤色 | annoyed | disappointed | disgruntled | disturbed | frown | frowning | frustrated | gesture | irritated | light skin tone | person | upset | 不开心 | 不满 | 不爽 | 失望 | 心烦意乱 | 恼火 | 沮丧 | 皱眉 | 皱眉的人 | 较浅肤色
🙍🏼	person frowning: medium-light skin tone	皱眉: 中等-浅肤色	person frowning medium light skin tone | 皱眉 中等 浅肤色 | annoyed | disappointed | disgruntled | disturbed | frown | frowning | frustrated | gesture | irritated | medium light skin tone | person | upset | 不开心 | 不满 | 不爽 | 中等 浅肤色 | 失望 | 心烦意乱 | 恼火 | 沮丧 | 皱眉 | 皱眉的人
🙍🏽	person frowning: medium skin tone	皱眉: 中等肤色	person frowning medium skin tone | 皱眉 中等肤色 | annoyed | disappointed | disgruntled | disturbed | frown | frowning | frustrated | gesture | irritated | medium skin tone | person | upset | 不开心 | 不满 | 不爽 | 中等肤色 | 失望 | 心烦意乱 | 恼火 | 沮丧 | 皱眉 | 皱眉的人
🙍🏾	person frowning: medium-dark skin tone	皱眉: 中等-深肤色	person frowning medium dark skin tone | 皱眉 中等 深肤色 | annoyed | disappointed | disgruntled | disturbed | frown | frowning | frustrated | gesture | irritated | medium dark skin tone | person | upset | 不开心 | 不满 | 不爽 | 中等 深肤色 | 失望 | 心烦意乱 | 恼火 | 沮丧 | 皱眉 | 皱眉的人
🙍🏿	person frowning: dark skin tone	皱眉: 较深肤色	person frowning dark skin tone | 皱眉 较深肤色 | annoyed | dark skin tone | disappointed | disgruntled | disturbed | frown | frowning | frustrated | gesture | irritated | person | upset | 不开心 | 不满 | 不爽 | 失望 | 心烦意乱 | 恼火 | 沮丧 | 皱眉 | 皱眉的人 | 较深肤色
🙍‍♂️	man frowning	皱眉男	man frowning | 皱眉男 | annoyed | disappointed | disgruntled | disturbed | frown | frowning | frustrated | gesture | irritated | man | upset | 不开心 | 男 | 皱眉 | 表情
🙍🏻‍♂️	man frowning: light skin tone	皱眉男: 较浅肤色	man frowning light skin tone | 皱眉男 较浅肤色 | annoyed | disappointed | disgruntled | disturbed | frown | frowning | frustrated | gesture | irritated | light skin tone | man | upset | 不开心 | 男 | 皱眉 | 皱眉男 | 表情 | 较浅肤色
🙍🏼‍♂️	man frowning: medium-light skin tone	皱眉男: 中等-浅肤色	man frowning medium light skin tone | 皱眉男 中等 浅肤色 | annoyed | disappointed | disgruntled | disturbed | frown | frowning | frustrated | gesture | irritated | man | medium light skin tone | upset | 不开心 | 中等 浅肤色 | 男 | 皱眉 | 皱眉男 | 表情
🙍🏽‍♂️	man frowning: medium skin tone	皱眉男: 中等肤色	man frowning medium skin tone | 皱眉男 中等肤色 | annoyed | disappointed | disgruntled | disturbed | frown | frowning | frustrated | gesture | irritated | man | medium skin tone | upset | 不开心 | 中等肤色 | 男 | 皱眉 | 皱眉男 | 表情
🙍🏾‍♂️	man frowning: medium-dark skin tone	皱眉男: 中等-深肤色	man frowning medium dark skin tone | 皱眉男 中等 深肤色 | annoyed | disappointed | disgruntled | disturbed | frown | frowning | frustrated | gesture | irritated | man | medium dark skin tone | upset | 不开心 | 中等 深肤色 | 男 | 皱眉 | 皱眉男 | 表情
🙍🏿‍♂️	man frowning: dark skin tone	皱眉男: 较深肤色	man frowning dark skin tone | 皱眉男 较深肤色 | annoyed | dark skin tone | disappointed | disgruntled | disturbed | frown | frowning | frustrated | gesture | irritated | man | upset | 不开心 | 男 | 皱眉 | 皱眉男 | 表情 | 较深肤色
🙍‍♀️	woman frowning	皱眉女	woman frowning | 皱眉女 | annoyed | disappointed | disgruntled | disturbed | frown | frowning | frustrated | gesture | irritated | upset | woman | 不开心 | 女 | 皱眉
🙍🏻‍♀️	woman frowning: light skin tone	皱眉女: 较浅肤色	woman frowning light skin tone | 皱眉女 较浅肤色 | annoyed | disappointed | disgruntled | disturbed | frown | frowning | frustrated | gesture | irritated | light skin tone | upset | woman | 不开心 | 女 | 皱眉 | 皱眉女 | 较浅肤色
🙍🏼‍♀️	woman frowning: medium-light skin tone	皱眉女: 中等-浅肤色	woman frowning medium light skin tone | 皱眉女 中等 浅肤色 | annoyed | disappointed | disgruntled | disturbed | frown | frowning | frustrated | gesture | irritated | medium light skin tone | upset | woman | 不开心 | 中等 浅肤色 | 女 | 皱眉 | 皱眉女
🙍🏽‍♀️	woman frowning: medium skin tone	皱眉女: 中等肤色	woman frowning medium skin tone | 皱眉女 中等肤色 | annoyed | disappointed | disgruntled | disturbed | frown | frowning | frustrated | gesture | irritated | medium skin tone | upset | woman | 不开心 | 中等肤色 | 女 | 皱眉 | 皱眉女
🙍🏾‍♀️	woman frowning: medium-dark skin tone	皱眉女: 中等-深肤色	woman frowning medium dark skin tone | 皱眉女 中等 深肤色 | annoyed | disappointed | disgruntled | disturbed | frown | frowning | frustrated | gesture | irritated | medium dark skin tone | upset | woman | 不开心 | 中等 深肤色 | 女 | 皱眉 | 皱眉女
🙍🏿‍♀️	woman frowning: dark skin tone	皱眉女: 较深肤色	woman frowning dark skin tone | 皱眉女 较深肤色 | annoyed | dark skin tone | disappointed | disgruntled | disturbed | frown | frowning | frustrated | gesture | irritated | upset | woman | 不开心 | 女 | 皱眉 | 皱眉女 | 较深肤色
🙎	person pouting	撅嘴	person pouting | 撅嘴 | disappointed | downtrodden | frown | grimace | person | pouting | scowl | sulk | upset | whine | 不开心 | 不高兴 | 低落 | 噘嘴 | 失望 | 怒视 | 撅嘴的人 | 生闷气 | 皱眉 | 苦相 | 表情
🙎🏻	person pouting: light skin tone	撅嘴: 较浅肤色	person pouting light skin tone | 撅嘴 较浅肤色 | disappointed | downtrodden | frown | grimace | light skin tone | person | pouting | scowl | sulk | upset | whine | 不开心 | 不高兴 | 低落 | 噘嘴 | 失望 | 怒视 | 撅嘴 | 撅嘴的人 | 生闷气 | 皱眉 | 苦相 | 表情 | 较浅肤色
🙎🏼	person pouting: medium-light skin tone	撅嘴: 中等-浅肤色	person pouting medium light skin tone | 撅嘴 中等 浅肤色 | disappointed | downtrodden | frown | grimace | medium light skin tone | person | pouting | scowl | sulk | upset | whine | 不开心 | 不高兴 | 中等 浅肤色 | 低落 | 噘嘴 | 失望 | 怒视 | 撅嘴 | 撅嘴的人 | 生闷气 | 皱眉 | 苦相 | 表情
🙎🏽	person pouting: medium skin tone	撅嘴: 中等肤色	person pouting medium skin tone | 撅嘴 中等肤色 | disappointed | downtrodden | frown | grimace | medium skin tone | person | pouting | scowl | sulk | upset | whine | 不开心 | 不高兴 | 中等肤色 | 低落 | 噘嘴 | 失望 | 怒视 | 撅嘴 | 撅嘴的人 | 生闷气 | 皱眉 | 苦相 | 表情
🙎🏾	person pouting: medium-dark skin tone	撅嘴: 中等-深肤色	person pouting medium dark skin tone | 撅嘴 中等 深肤色 | disappointed | downtrodden | frown | grimace | medium dark skin tone | person | pouting | scowl | sulk | upset | whine | 不开心 | 不高兴 | 中等 深肤色 | 低落 | 噘嘴 | 失望 | 怒视 | 撅嘴 | 撅嘴的人 | 生闷气 | 皱眉 | 苦相 | 表情
🙎🏿	person pouting: dark skin tone	撅嘴: 较深肤色	person pouting dark skin tone | 撅嘴 较深肤色 | dark skin tone | disappointed | downtrodden | frown | grimace | person | pouting | scowl | sulk | upset | whine | 不开心 | 不高兴 | 低落 | 噘嘴 | 失望 | 怒视 | 撅嘴 | 撅嘴的人 | 生闷气 | 皱眉 | 苦相 | 表情 | 较深肤色
🙎‍♂️	man pouting	撅嘴男	man pouting | 撅嘴男 | disappointed | downtrodden | frown | grimace | man | pouting | scowl | sulk | upset | whine | 不开心 | 噘嘴 | 男 | 表情
🙎🏻‍♂️	man pouting: light skin tone	撅嘴男: 较浅肤色	man pouting light skin tone | 撅嘴男 较浅肤色 | disappointed | downtrodden | frown | grimace | light skin tone | man | pouting | scowl | sulk | upset | whine | 不开心 | 噘嘴 | 撅嘴男 | 男 | 表情 | 较浅肤色
🙎🏼‍♂️	man pouting: medium-light skin tone	撅嘴男: 中等-浅肤色	man pouting medium light skin tone | 撅嘴男 中等 浅肤色 | disappointed | downtrodden | frown | grimace | man | medium light skin tone | pouting | scowl | sulk | upset | whine | 不开心 | 中等 浅肤色 | 噘嘴 | 撅嘴男 | 男 | 表情
🙎🏽‍♂️	man pouting: medium skin tone	撅嘴男: 中等肤色	man pouting medium skin tone | 撅嘴男 中等肤色 | disappointed | downtrodden | frown | grimace | man | medium skin tone | pouting | scowl | sulk | upset | whine | 不开心 | 中等肤色 | 噘嘴 | 撅嘴男 | 男 | 表情
🙎🏾‍♂️	man pouting: medium-dark skin tone	撅嘴男: 中等-深肤色	man pouting medium dark skin tone | 撅嘴男 中等 深肤色 | disappointed | downtrodden | frown | grimace | man | medium dark skin tone | pouting | scowl | sulk | upset | whine | 不开心 | 中等 深肤色 | 噘嘴 | 撅嘴男 | 男 | 表情
🙎🏿‍♂️	man pouting: dark skin tone	撅嘴男: 较深肤色	man pouting dark skin tone | 撅嘴男 较深肤色 | dark skin tone | disappointed | downtrodden | frown | grimace | man | pouting | scowl | sulk | upset | whine | 不开心 | 噘嘴 | 撅嘴男 | 男 | 表情 | 较深肤色
🙎‍♀️	woman pouting	撅嘴女	woman pouting | 撅嘴女 | disappointed | downtrodden | frown | grimace | pouting | scowl | sulk | upset | whine | woman | 不开心 | 噘嘴 | 女
🙎🏻‍♀️	woman pouting: light skin tone	撅嘴女: 较浅肤色	woman pouting light skin tone | 撅嘴女 较浅肤色 | disappointed | downtrodden | frown | grimace | light skin tone | pouting | scowl | sulk | upset | whine | woman | 不开心 | 噘嘴 | 女 | 撅嘴女 | 较浅肤色
🙎🏼‍♀️	woman pouting: medium-light skin tone	撅嘴女: 中等-浅肤色	woman pouting medium light skin tone | 撅嘴女 中等 浅肤色 | disappointed | downtrodden | frown | grimace | medium light skin tone | pouting | scowl | sulk | upset | whine | woman | 不开心 | 中等 浅肤色 | 噘嘴 | 女 | 撅嘴女
🙎🏽‍♀️	woman pouting: medium skin tone	撅嘴女: 中等肤色	woman pouting medium skin tone | 撅嘴女 中等肤色 | disappointed | downtrodden | frown | grimace | medium skin tone | pouting | scowl | sulk | upset | whine | woman | 不开心 | 中等肤色 | 噘嘴 | 女 | 撅嘴女
🙎🏾‍♀️	woman pouting: medium-dark skin tone	撅嘴女: 中等-深肤色	woman pouting medium dark skin tone | 撅嘴女 中等 深肤色 | disappointed | downtrodden | frown | grimace | medium dark skin tone | pouting | scowl | sulk | upset | whine | woman | 不开心 | 中等 深肤色 | 噘嘴 | 女 | 撅嘴女
🙎🏿‍♀️	woman pouting: dark skin tone	撅嘴女: 较深肤色	woman pouting dark skin tone | 撅嘴女 较深肤色 | dark skin tone | disappointed | downtrodden | frown | grimace | pouting | scowl | sulk | upset | whine | woman | 不开心 | 噘嘴 | 女 | 撅嘴女 | 较深肤色
🙅	person gesturing NO	禁止手势	person gesturing no | 禁止手势 | forbidden | gesture | hand | no | not | person | prohibit | 不允许 | 不可能 | 不行 | 不通过 | 反对 | 手 | 用手势表示不的人 | 禁止
🙅🏻	person gesturing NO: light skin tone	禁止手势: 较浅肤色	person gesturing no light skin tone | 禁止手势 较浅肤色 | forbidden | gesture | hand | light skin tone | no | not | person | prohibit | 不允许 | 不可能 | 不行 | 不通过 | 反对 | 手 | 用手势表示不的人 | 禁止 | 禁止手势 | 较浅肤色
🙅🏼	person gesturing NO: medium-light skin tone	禁止手势: 中等-浅肤色	person gesturing no medium light skin tone | 禁止手势 中等 浅肤色 | forbidden | gesture | hand | medium light skin tone | no | not | person | prohibit | 不允许 | 不可能 | 不行 | 不通过 | 中等 浅肤色 | 反对 | 手 | 用手势表示不的人 | 禁止 | 禁止手势
🙅🏽	person gesturing NO: medium skin tone	禁止手势: 中等肤色	person gesturing no medium skin tone | 禁止手势 中等肤色 | forbidden | gesture | hand | medium skin tone | no | not | person | prohibit | 不允许 | 不可能 | 不行 | 不通过 | 中等肤色 | 反对 | 手 | 用手势表示不的人 | 禁止 | 禁止手势
🙅🏾	person gesturing NO: medium-dark skin tone	禁止手势: 中等-深肤色	person gesturing no medium dark skin tone | 禁止手势 中等 深肤色 | forbidden | gesture | hand | medium dark skin tone | no | not | person | prohibit | 不允许 | 不可能 | 不行 | 不通过 | 中等 深肤色 | 反对 | 手 | 用手势表示不的人 | 禁止 | 禁止手势
🙅🏿	person gesturing NO: dark skin tone	禁止手势: 较深肤色	person gesturing no dark skin tone | 禁止手势 较深肤色 | dark skin tone | forbidden | gesture | hand | no | not | person | prohibit | 不允许 | 不可能 | 不行 | 不通过 | 反对 | 手 | 用手势表示不的人 | 禁止 | 禁止手势 | 较深肤色
🙅‍♂️	man gesturing NO	禁止手势男	man gesturing no | 禁止手势男 | forbidden | gesture | hand | man | no | not | prohibit | 不行 | 反对 | 男 | 禁止
🙅🏻‍♂️	man gesturing NO: light skin tone	禁止手势男: 较浅肤色	man gesturing no light skin tone | 禁止手势男 较浅肤色 | forbidden | gesture | hand | light skin tone | man | no | not | prohibit | 不行 | 反对 | 男 | 禁止 | 禁止手势男 | 较浅肤色
🙅🏼‍♂️	man gesturing NO: medium-light skin tone	禁止手势男: 中等-浅肤色	man gesturing no medium light skin tone | 禁止手势男 中等 浅肤色 | forbidden | gesture | hand | man | medium light skin tone | no | not | prohibit | 不行 | 中等 浅肤色 | 反对 | 男 | 禁止 | 禁止手势男
🙅🏽‍♂️	man gesturing NO: medium skin tone	禁止手势男: 中等肤色	man gesturing no medium skin tone | 禁止手势男 中等肤色 | forbidden | gesture | hand | man | medium skin tone | no | not | prohibit | 不行 | 中等肤色 | 反对 | 男 | 禁止 | 禁止手势男
🙅🏾‍♂️	man gesturing NO: medium-dark skin tone	禁止手势男: 中等-深肤色	man gesturing no medium dark skin tone | 禁止手势男 中等 深肤色 | forbidden | gesture | hand | man | medium dark skin tone | no | not | prohibit | 不行 | 中等 深肤色 | 反对 | 男 | 禁止 | 禁止手势男
🙅🏿‍♂️	man gesturing NO: dark skin tone	禁止手势男: 较深肤色	man gesturing no dark skin tone | 禁止手势男 较深肤色 | dark skin tone | forbidden | gesture | hand | man | no | not | prohibit | 不行 | 反对 | 男 | 禁止 | 禁止手势男 | 较深肤色
🙅‍♀️	woman gesturing NO	禁止手势女	woman gesturing no | 禁止手势女 | forbidden | gesture | hand | no | not | prohibit | woman | 不行 | 反对 | 女 | 禁止
🙅🏻‍♀️	woman gesturing NO: light skin tone	禁止手势女: 较浅肤色	woman gesturing no light skin tone | 禁止手势女 较浅肤色 | forbidden | gesture | hand | light skin tone | no | not | prohibit | woman | 不行 | 反对 | 女 | 禁止 | 禁止手势女 | 较浅肤色
🙅🏼‍♀️	woman gesturing NO: medium-light skin tone	禁止手势女: 中等-浅肤色	woman gesturing no medium light skin tone | 禁止手势女 中等 浅肤色 | forbidden | gesture | hand | medium light skin tone | no | not | prohibit | woman | 不行 | 中等 浅肤色 | 反对 | 女 | 禁止 | 禁止手势女
🙅🏽‍♀️	woman gesturing NO: medium skin tone	禁止手势女: 中等肤色	woman gesturing no medium skin tone | 禁止手势女 中等肤色 | forbidden | gesture | hand | medium skin tone | no | not | prohibit | woman | 不行 | 中等肤色 | 反对 | 女 | 禁止 | 禁止手势女
🙅🏾‍♀️	woman gesturing NO: medium-dark skin tone	禁止手势女: 中等-深肤色	woman gesturing no medium dark skin tone | 禁止手势女 中等 深肤色 | forbidden | gesture | hand | medium dark skin tone | no | not | prohibit | woman | 不行 | 中等 深肤色 | 反对 | 女 | 禁止 | 禁止手势女
🙅🏿‍♀️	woman gesturing NO: dark skin tone	禁止手势女: 较深肤色	woman gesturing no dark skin tone | 禁止手势女 较深肤色 | dark skin tone | forbidden | gesture | hand | no | not | prohibit | woman | 不行 | 反对 | 女 | 禁止 | 禁止手势女 | 较深肤色
🙆	person gesturing OK	OK手势	person gesturing ok | ok手势 | exercise | gesture | gesturing | hand | ok | omg | person | 同意 | 女子用手势表示好 | 好的 | 手 | 手势 | 摆姿势 | 锻炼
🙆🏻	person gesturing OK: light skin tone	OK手势: 较浅肤色	person gesturing ok light skin tone | ok手势 较浅肤色 | exercise | gesture | gesturing | hand | light skin tone | ok | omg | person | ok手势 | 同意 | 女子用手势表示好 | 好的 | 手 | 手势 | 摆姿势 | 较浅肤色 | 锻炼
🙆🏼	person gesturing OK: medium-light skin tone	OK手势: 中等-浅肤色	person gesturing ok medium light skin tone | ok手势 中等 浅肤色 | exercise | gesture | gesturing | hand | medium light skin tone | ok | omg | person | ok手势 | 中等 浅肤色 | 同意 | 女子用手势表示好 | 好的 | 手 | 手势 | 摆姿势 | 锻炼
🙆🏽	person gesturing OK: medium skin tone	OK手势: 中等肤色	person gesturing ok medium skin tone | ok手势 中等肤色 | exercise | gesture | gesturing | hand | medium skin tone | ok | omg | person | ok手势 | 中等肤色 | 同意 | 女子用手势表示好 | 好的 | 手 | 手势 | 摆姿势 | 锻炼
🙆🏾	person gesturing OK: medium-dark skin tone	OK手势: 中等-深肤色	person gesturing ok medium dark skin tone | ok手势 中等 深肤色 | exercise | gesture | gesturing | hand | medium dark skin tone | ok | omg | person | ok手势 | 中等 深肤色 | 同意 | 女子用手势表示好 | 好的 | 手 | 手势 | 摆姿势 | 锻炼
🙆🏿	person gesturing OK: dark skin tone	OK手势: 较深肤色	person gesturing ok dark skin tone | ok手势 较深肤色 | dark skin tone | exercise | gesture | gesturing | hand | ok | omg | person | ok手势 | 同意 | 女子用手势表示好 | 好的 | 手 | 手势 | 摆姿势 | 较深肤色 | 锻炼
🙆‍♂️	man gesturing OK	OK手势男	man gesturing ok | ok手势男 | exercise | gesture | gesturing | hand | man | ok | omg | 可以 | 同意 | 好的 | 男 | 运动
🙆🏻‍♂️	man gesturing OK: light skin tone	OK手势男: 较浅肤色	man gesturing ok light skin tone | ok手势男 较浅肤色 | exercise | gesture | gesturing | hand | light skin tone | man | ok | omg | ok手势男 | 可以 | 同意 | 好的 | 男 | 较浅肤色 | 运动
🙆🏼‍♂️	man gesturing OK: medium-light skin tone	OK手势男: 中等-浅肤色	man gesturing ok medium light skin tone | ok手势男 中等 浅肤色 | exercise | gesture | gesturing | hand | man | medium light skin tone | ok | omg | ok手势男 | 中等 浅肤色 | 可以 | 同意 | 好的 | 男 | 运动
🙆🏽‍♂️	man gesturing OK: medium skin tone	OK手势男: 中等肤色	man gesturing ok medium skin tone | ok手势男 中等肤色 | exercise | gesture | gesturing | hand | man | medium skin tone | ok | omg | ok手势男 | 中等肤色 | 可以 | 同意 | 好的 | 男 | 运动
🙆🏾‍♂️	man gesturing OK: medium-dark skin tone	OK手势男: 中等-深肤色	man gesturing ok medium dark skin tone | ok手势男 中等 深肤色 | exercise | gesture | gesturing | hand | man | medium dark skin tone | ok | omg | ok手势男 | 中等 深肤色 | 可以 | 同意 | 好的 | 男 | 运动
🙆🏿‍♂️	man gesturing OK: dark skin tone	OK手势男: 较深肤色	man gesturing ok dark skin tone | ok手势男 较深肤色 | dark skin tone | exercise | gesture | gesturing | hand | man | ok | omg | ok手势男 | 可以 | 同意 | 好的 | 男 | 较深肤色 | 运动
🙆‍♀️	woman gesturing OK	OK手势女	woman gesturing ok | ok手势女 | exercise | gesture | gesturing | hand | ok | omg | woman | 可以 | 同意 | 女 | 好的
🙆🏻‍♀️	woman gesturing OK: light skin tone	OK手势女: 较浅肤色	woman gesturing ok light skin tone | ok手势女 较浅肤色 | exercise | gesture | gesturing | hand | light skin tone | ok | omg | woman | ok手势女 | 可以 | 同意 | 女 | 好的 | 较浅肤色
🙆🏼‍♀️	woman gesturing OK: medium-light skin tone	OK手势女: 中等-浅肤色	woman gesturing ok medium light skin tone | ok手势女 中等 浅肤色 | exercise | gesture | gesturing | hand | medium light skin tone | ok | omg | woman | ok手势女 | 中等 浅肤色 | 可以 | 同意 | 女 | 好的
🙆🏽‍♀️	woman gesturing OK: medium skin tone	OK手势女: 中等肤色	woman gesturing ok medium skin tone | ok手势女 中等肤色 | exercise | gesture | gesturing | hand | medium skin tone | ok | omg | woman | ok手势女 | 中等肤色 | 可以 | 同意 | 女 | 好的
🙆🏾‍♀️	woman gesturing OK: medium-dark skin tone	OK手势女: 中等-深肤色	woman gesturing ok medium dark skin tone | ok手势女 中等 深肤色 | exercise | gesture | gesturing | hand | medium dark skin tone | ok | omg | woman | ok手势女 | 中等 深肤色 | 可以 | 同意 | 女 | 好的
🙆🏿‍♀️	woman gesturing OK: dark skin tone	OK手势女: 较深肤色	woman gesturing ok dark skin tone | ok手势女 较深肤色 | dark skin tone | exercise | gesture | gesturing | hand | ok | omg | woman | ok手势女 | 可以 | 同意 | 女 | 好的 | 较深肤色
💁	person tipping hand	前台	person tipping hand | 前台 | fetch | flick | flip | gossip | hand | person | sarcasm | sarcastic | sassy | seriously | tipping | whatever | 介绍 | 伸手给小费 | 信息 | 八卦 | 帮助 | 手 | 拨弄头发 | 自信时髦 | 请您离开 | 随便啦
💁🏻	person tipping hand: light skin tone	前台: 较浅肤色	person tipping hand light skin tone | 前台 较浅肤色 | fetch | flick | flip | gossip | hand | light skin tone | person | sarcasm | sarcastic | sassy | seriously | tipping | whatever | 介绍 | 伸手给小费 | 信息 | 八卦 | 前台 | 帮助 | 手 | 拨弄头发 | 自信时髦 | 请您离开 | 较浅肤色 | 随便啦
💁🏼	person tipping hand: medium-light skin tone	前台: 中等-浅肤色	person tipping hand medium light skin tone | 前台 中等 浅肤色 | fetch | flick | flip | gossip | hand | medium light skin tone | person | sarcasm | sarcastic | sassy | seriously | tipping | whatever | 中等 浅肤色 | 介绍 | 伸手给小费 | 信息 | 八卦 | 前台 | 帮助 | 手 | 拨弄头发 | 自信时髦 | 请您离开 | 随便啦
💁🏽	person tipping hand: medium skin tone	前台: 中等肤色	person tipping hand medium skin tone | 前台 中等肤色 | fetch | flick | flip | gossip | hand | medium skin tone | person | sarcasm | sarcastic | sassy | seriously | tipping | whatever | 中等肤色 | 介绍 | 伸手给小费 | 信息 | 八卦 | 前台 | 帮助 | 手 | 拨弄头发 | 自信时髦 | 请您离开 | 随便啦
💁🏾	person tipping hand: medium-dark skin tone	前台: 中等-深肤色	person tipping hand medium dark skin tone | 前台 中等 深肤色 | fetch | flick | flip | gossip | hand | medium dark skin tone | person | sarcasm | sarcastic | sassy | seriously | tipping | whatever | 中等 深肤色 | 介绍 | 伸手给小费 | 信息 | 八卦 | 前台 | 帮助 | 手 | 拨弄头发 | 自信时髦 | 请您离开 | 随便啦
💁🏿	person tipping hand: dark skin tone	前台: 较深肤色	person tipping hand dark skin tone | 前台 较深肤色 | dark skin tone | fetch | flick | flip | gossip | hand | person | sarcasm | sarcastic | sassy | seriously | tipping | whatever | 介绍 | 伸手给小费 | 信息 | 八卦 | 前台 | 帮助 | 手 | 拨弄头发 | 自信时髦 | 请您离开 | 较深肤色 | 随便啦
💁‍♂️	man tipping hand	前台男	man tipping hand | 前台男 | fetch | flick | flip | gossip | hand | man | sarcasm | sarcastic | sassy | seriously | tipping | whatever | 前台 | 嘲讽 | 小费 | 男
💁🏻‍♂️	man tipping hand: light skin tone	前台男: 较浅肤色	man tipping hand light skin tone | 前台男 较浅肤色 | fetch | flick | flip | gossip | hand | light skin tone | man | sarcasm | sarcastic | sassy | seriously | tipping | whatever | 前台 | 前台男 | 嘲讽 | 小费 | 男 | 较浅肤色
💁🏼‍♂️	man tipping hand: medium-light skin tone	前台男: 中等-浅肤色	man tipping hand medium light skin tone | 前台男 中等 浅肤色 | fetch | flick | flip | gossip | hand | man | medium light skin tone | sarcasm | sarcastic | sassy | seriously | tipping | whatever | 中等 浅肤色 | 前台 | 前台男 | 嘲讽 | 小费 | 男
💁🏽‍♂️	man tipping hand: medium skin tone	前台男: 中等肤色	man tipping hand medium skin tone | 前台男 中等肤色 | fetch | flick | flip | gossip | hand | man | medium skin tone | sarcasm | sarcastic | sassy | seriously | tipping | whatever | 中等肤色 | 前台 | 前台男 | 嘲讽 | 小费 | 男
💁🏾‍♂️	man tipping hand: medium-dark skin tone	前台男: 中等-深肤色	man tipping hand medium dark skin tone | 前台男 中等 深肤色 | fetch | flick | flip | gossip | hand | man | medium dark skin tone | sarcasm | sarcastic | sassy | seriously | tipping | whatever | 中等 深肤色 | 前台 | 前台男 | 嘲讽 | 小费 | 男
💁🏿‍♂️	man tipping hand: dark skin tone	前台男: 较深肤色	man tipping hand dark skin tone | 前台男 较深肤色 | dark skin tone | fetch | flick | flip | gossip | hand | man | sarcasm | sarcastic | sassy | seriously | tipping | whatever | 前台 | 前台男 | 嘲讽 | 小费 | 男 | 较深肤色
💁‍♀️	woman tipping hand	前台女	woman tipping hand | 前台女 | fetch | flick | flip | gossip | hand | sarcasm | sarcastic | sassy | seriously | tipping | whatever | woman | 前台 | 女
💁🏻‍♀️	woman tipping hand: light skin tone	前台女: 较浅肤色	woman tipping hand light skin tone | 前台女 较浅肤色 | fetch | flick | flip | gossip | hand | light skin tone | sarcasm | sarcastic | sassy | seriously | tipping | whatever | woman | 前台 | 前台女 | 女 | 较浅肤色
💁🏼‍♀️	woman tipping hand: medium-light skin tone	前台女: 中等-浅肤色	woman tipping hand medium light skin tone | 前台女 中等 浅肤色 | fetch | flick | flip | gossip | hand | medium light skin tone | sarcasm | sarcastic | sassy | seriously | tipping | whatever | woman | 中等 浅肤色 | 前台 | 前台女 | 女
💁🏽‍♀️	woman tipping hand: medium skin tone	前台女: 中等肤色	woman tipping hand medium skin tone | 前台女 中等肤色 | fetch | flick | flip | gossip | hand | medium skin tone | sarcasm | sarcastic | sassy | seriously | tipping | whatever | woman | 中等肤色 | 前台 | 前台女 | 女
💁🏾‍♀️	woman tipping hand: medium-dark skin tone	前台女: 中等-深肤色	woman tipping hand medium dark skin tone | 前台女 中等 深肤色 | fetch | flick | flip | gossip | hand | medium dark skin tone | sarcasm | sarcastic | sassy | seriously | tipping | whatever | woman | 中等 深肤色 | 前台 | 前台女 | 女
💁🏿‍♀️	woman tipping hand: dark skin tone	前台女: 较深肤色	woman tipping hand dark skin tone | 前台女 较深肤色 | dark skin tone | fetch | flick | flip | gossip | hand | sarcasm | sarcastic | sassy | seriously | tipping | whatever | woman | 前台 | 前台女 | 女 | 较深肤色
🙋	person raising hand	举手	person raising hand | 举手 | gesture | hand | here | know | me | person | pick | question | raise | raising | 举手的人 | 嗨 | 开心 | 我参加 | 我可以帮忙 | 我知道 | 手 | 看这里 | 选我
🙋🏻	person raising hand: light skin tone	举手: 较浅肤色	person raising hand light skin tone | 举手 较浅肤色 | gesture | hand | here | know | light skin tone | me | person | pick | question | raise | raising | 举手 | 举手的人 | 嗨 | 开心 | 我参加 | 我可以帮忙 | 我知道 | 手 | 看这里 | 较浅肤色 | 选我
🙋🏼	person raising hand: medium-light skin tone	举手: 中等-浅肤色	person raising hand medium light skin tone | 举手 中等 浅肤色 | gesture | hand | here | know | me | medium light skin tone | person | pick | question | raise | raising | 中等 浅肤色 | 举手 | 举手的人 | 嗨 | 开心 | 我参加 | 我可以帮忙 | 我知道 | 手 | 看这里 | 选我
🙋🏽	person raising hand: medium skin tone	举手: 中等肤色	person raising hand medium skin tone | 举手 中等肤色 | gesture | hand | here | know | me | medium skin tone | person | pick | question | raise | raising | 中等肤色 | 举手 | 举手的人 | 嗨 | 开心 | 我参加 | 我可以帮忙 | 我知道 | 手 | 看这里 | 选我
🙋🏾	person raising hand: medium-dark skin tone	举手: 中等-深肤色	person raising hand medium dark skin tone | 举手 中等 深肤色 | gesture | hand | here | know | me | medium dark skin tone | person | pick | question | raise | raising | 中等 深肤色 | 举手 | 举手的人 | 嗨 | 开心 | 我参加 | 我可以帮忙 | 我知道 | 手 | 看这里 | 选我
🙋🏿	person raising hand: dark skin tone	举手: 较深肤色	person raising hand dark skin tone | 举手 较深肤色 | dark skin tone | gesture | hand | here | know | me | person | pick | question | raise | raising | 举手 | 举手的人 | 嗨 | 开心 | 我参加 | 我可以帮忙 | 我知道 | 手 | 看这里 | 较深肤色 | 选我
🙋‍♂️	man raising hand	男生举手	man raising hand | 男生举手 | gesture | hand | here | know | man | me | pick | question | raise | raising | 举手 | 发问 | 手势 | 男
🙋🏻‍♂️	man raising hand: light skin tone	男生举手: 较浅肤色	man raising hand light skin tone | 男生举手 较浅肤色 | gesture | hand | here | know | light skin tone | man | me | pick | question | raise | raising | 举手 | 发问 | 手势 | 男 | 男生举手 | 较浅肤色
🙋🏼‍♂️	man raising hand: medium-light skin tone	男生举手: 中等-浅肤色	man raising hand medium light skin tone | 男生举手 中等 浅肤色 | gesture | hand | here | know | man | me | medium light skin tone | pick | question | raise | raising | 中等 浅肤色 | 举手 | 发问 | 手势 | 男 | 男生举手
🙋🏽‍♂️	man raising hand: medium skin tone	男生举手: 中等肤色	man raising hand medium skin tone | 男生举手 中等肤色 | gesture | hand | here | know | man | me | medium skin tone | pick | question | raise | raising | 中等肤色 | 举手 | 发问 | 手势 | 男 | 男生举手
🙋🏾‍♂️	man raising hand: medium-dark skin tone	男生举手: 中等-深肤色	man raising hand medium dark skin tone | 男生举手 中等 深肤色 | gesture | hand | here | know | man | me | medium dark skin tone | pick | question | raise | raising | 中等 深肤色 | 举手 | 发问 | 手势 | 男 | 男生举手
🙋🏿‍♂️	man raising hand: dark skin tone	男生举手: 较深肤色	man raising hand dark skin tone | 男生举手 较深肤色 | dark skin tone | gesture | hand | here | know | man | me | pick | question | raise | raising | 举手 | 发问 | 手势 | 男 | 男生举手 | 较深肤色
🙋‍♀️	woman raising hand	女生举手	woman raising hand | 女生举手 | gesture | hand | here | know | me | pick | question | raise | raising | woman | 举手 | 女
🙋🏻‍♀️	woman raising hand: light skin tone	女生举手: 较浅肤色	woman raising hand light skin tone | 女生举手 较浅肤色 | gesture | hand | here | know | light skin tone | me | pick | question | raise | raising | woman | 举手 | 女 | 女生举手 | 较浅肤色
🙋🏼‍♀️	woman raising hand: medium-light skin tone	女生举手: 中等-浅肤色	woman raising hand medium light skin tone | 女生举手 中等 浅肤色 | gesture | hand | here | know | me | medium light skin tone | pick | question | raise | raising | woman | 中等 浅肤色 | 举手 | 女 | 女生举手
🙋🏽‍♀️	woman raising hand: medium skin tone	女生举手: 中等肤色	woman raising hand medium skin tone | 女生举手 中等肤色 | gesture | hand | here | know | me | medium skin tone | pick | question | raise | raising | woman | 中等肤色 | 举手 | 女 | 女生举手
🙋🏾‍♀️	woman raising hand: medium-dark skin tone	女生举手: 中等-深肤色	woman raising hand medium dark skin tone | 女生举手 中等 深肤色 | gesture | hand | here | know | me | medium dark skin tone | pick | question | raise | raising | woman | 中等 深肤色 | 举手 | 女 | 女生举手
🙋🏿‍♀️	woman raising hand: dark skin tone	女生举手: 较深肤色	woman raising hand dark skin tone | 女生举手 较深肤色 | dark skin tone | gesture | hand | here | know | me | pick | question | raise | raising | woman | 举手 | 女 | 女生举手 | 较深肤色
🧏	deaf person	失聪者	deaf person | 失聪者 | accessibility | deaf | ear | gesture | hear | person | 听力 | 听力障碍 | 听障 | 无障碍 | 耳朵 | 耳聋 | 聋
🧏🏻	deaf person: light skin tone	失聪者: 较浅肤色	deaf person light skin tone | 失聪者 较浅肤色 | accessibility | deaf | ear | gesture | hear | light skin tone | person | 听力 | 听力障碍 | 听障 | 失聪者 | 无障碍 | 耳朵 | 耳聋 | 聋 | 较浅肤色
🧏🏼	deaf person: medium-light skin tone	失聪者: 中等-浅肤色	deaf person medium light skin tone | 失聪者 中等 浅肤色 | accessibility | deaf | ear | gesture | hear | medium light skin tone | person | 中等 浅肤色 | 听力 | 听力障碍 | 听障 | 失聪者 | 无障碍 | 耳朵 | 耳聋 | 聋
🧏🏽	deaf person: medium skin tone	失聪者: 中等肤色	deaf person medium skin tone | 失聪者 中等肤色 | accessibility | deaf | ear | gesture | hear | medium skin tone | person | 中等肤色 | 听力 | 听力障碍 | 听障 | 失聪者 | 无障碍 | 耳朵 | 耳聋 | 聋
🧏🏾	deaf person: medium-dark skin tone	失聪者: 中等-深肤色	deaf person medium dark skin tone | 失聪者 中等 深肤色 | accessibility | deaf | ear | gesture | hear | medium dark skin tone | person | 中等 深肤色 | 听力 | 听力障碍 | 听障 | 失聪者 | 无障碍 | 耳朵 | 耳聋 | 聋
🧏🏿	deaf person: dark skin tone	失聪者: 较深肤色	deaf person dark skin tone | 失聪者 较深肤色 | accessibility | dark skin tone | deaf | ear | gesture | hear | person | 听力 | 听力障碍 | 听障 | 失聪者 | 无障碍 | 耳朵 | 耳聋 | 聋 | 较深肤色
🧏‍♂️	deaf man	失聪的男人	deaf man | 失聪的男人 | accessibility | deaf | ear | gesture | hear | man | 听力障碍 | 男 | 耳朵 | 聋
🧏🏻‍♂️	deaf man: light skin tone	失聪的男人: 较浅肤色	deaf man light skin tone | 失聪的男人 较浅肤色 | accessibility | deaf | ear | gesture | hear | light skin tone | man | 听力障碍 | 失聪的男人 | 男 | 耳朵 | 聋 | 较浅肤色
🧏🏼‍♂️	deaf man: medium-light skin tone	失聪的男人: 中等-浅肤色	deaf man medium light skin tone | 失聪的男人 中等 浅肤色 | accessibility | deaf | ear | gesture | hear | man | medium light skin tone | 中等 浅肤色 | 听力障碍 | 失聪的男人 | 男 | 耳朵 | 聋
🧏🏽‍♂️	deaf man: medium skin tone	失聪的男人: 中等肤色	deaf man medium skin tone | 失聪的男人 中等肤色 | accessibility | deaf | ear | gesture | hear | man | medium skin tone | 中等肤色 | 听力障碍 | 失聪的男人 | 男 | 耳朵 | 聋
🧏🏾‍♂️	deaf man: medium-dark skin tone	失聪的男人: 中等-深肤色	deaf man medium dark skin tone | 失聪的男人 中等 深肤色 | accessibility | deaf | ear | gesture | hear | man | medium dark skin tone | 中等 深肤色 | 听力障碍 | 失聪的男人 | 男 | 耳朵 | 聋
🧏🏿‍♂️	deaf man: dark skin tone	失聪的男人: 较深肤色	deaf man dark skin tone | 失聪的男人 较深肤色 | accessibility | dark skin tone | deaf | ear | gesture | hear | man | 听力障碍 | 失聪的男人 | 男 | 耳朵 | 聋 | 较深肤色
🧏‍♀️	deaf woman	失聪的女人	deaf woman | 失聪的女人 | accessibility | deaf | ear | gesture | hear | woman | 听力障碍 | 女 | 耳朵 | 聋
🧏🏻‍♀️	deaf woman: light skin tone	失聪的女人: 较浅肤色	deaf woman light skin tone | 失聪的女人 较浅肤色 | accessibility | deaf | ear | gesture | hear | light skin tone | woman | 听力障碍 | 失聪的女人 | 女 | 耳朵 | 聋 | 较浅肤色
🧏🏼‍♀️	deaf woman: medium-light skin tone	失聪的女人: 中等-浅肤色	deaf woman medium light skin tone | 失聪的女人 中等 浅肤色 | accessibility | deaf | ear | gesture | hear | medium light skin tone | woman | 中等 浅肤色 | 听力障碍 | 失聪的女人 | 女 | 耳朵 | 聋
🧏🏽‍♀️	deaf woman: medium skin tone	失聪的女人: 中等肤色	deaf woman medium skin tone | 失聪的女人 中等肤色 | accessibility | deaf | ear | gesture | hear | medium skin tone | woman | 中等肤色 | 听力障碍 | 失聪的女人 | 女 | 耳朵 | 聋
🧏🏾‍♀️	deaf woman: medium-dark skin tone	失聪的女人: 中等-深肤色	deaf woman medium dark skin tone | 失聪的女人 中等 深肤色 | accessibility | deaf | ear | gesture | hear | medium dark skin tone | woman | 中等 深肤色 | 听力障碍 | 失聪的女人 | 女 | 耳朵 | 聋
🧏🏿‍♀️	deaf woman: dark skin tone	失聪的女人: 较深肤色	deaf woman dark skin tone | 失聪的女人 较深肤色 | accessibility | dark skin tone | deaf | ear | gesture | hear | woman | 听力障碍 | 失聪的女人 | 女 | 耳朵 | 聋 | 较深肤色
🙇	person bowing	鞠躬	person bowing | 鞠躬 | apology | ask | beg | bow | bowing | favor | forgive | gesture | meditate | meditation | person | pity | regret | sorry | 不好意思 | 冥想 | 姿势 | 对不起 | 惭愧 | 感谢 | 懊悔 | 祈求宽恕 | 道歉 | 鞠躬的人
🙇🏻	person bowing: light skin tone	鞠躬: 较浅肤色	person bowing light skin tone | 鞠躬 较浅肤色 | apology | ask | beg | bow | bowing | favor | forgive | gesture | light skin tone | meditate | meditation | person | pity | regret | sorry | 不好意思 | 冥想 | 姿势 | 对不起 | 惭愧 | 感谢 | 懊悔 | 祈求宽恕 | 较浅肤色 | 道歉 | 鞠躬 | 鞠躬的人
🙇🏼	person bowing: medium-light skin tone	鞠躬: 中等-浅肤色	person bowing medium light skin tone | 鞠躬 中等 浅肤色 | apology | ask | beg | bow | bowing | favor | forgive | gesture | meditate | meditation | medium light skin tone | person | pity | regret | sorry | 不好意思 | 中等 浅肤色 | 冥想 | 姿势 | 对不起 | 惭愧 | 感谢 | 懊悔 | 祈求宽恕 | 道歉 | 鞠躬 | 鞠躬的人
🙇🏽	person bowing: medium skin tone	鞠躬: 中等肤色	person bowing medium skin tone | 鞠躬 中等肤色 | apology | ask | beg | bow | bowing | favor | forgive | gesture | meditate | meditation | medium skin tone | person | pity | regret | sorry | 不好意思 | 中等肤色 | 冥想 | 姿势 | 对不起 | 惭愧 | 感谢 | 懊悔 | 祈求宽恕 | 道歉 | 鞠躬 | 鞠躬的人
🙇🏾	person bowing: medium-dark skin tone	鞠躬: 中等-深肤色	person bowing medium dark skin tone | 鞠躬 中等 深肤色 | apology | ask | beg | bow | bowing | favor | forgive | gesture | meditate | meditation | medium dark skin tone | person | pity | regret | sorry | 不好意思 | 中等 深肤色 | 冥想 | 姿势 | 对不起 | 惭愧 | 感谢 | 懊悔 | 祈求宽恕 | 道歉 | 鞠躬 | 鞠躬的人
🙇🏿	person bowing: dark skin tone	鞠躬: 较深肤色	person bowing dark skin tone | 鞠躬 较深肤色 | apology | ask | beg | bow | bowing | dark skin tone | favor | forgive | gesture | meditate | meditation | person | pity | regret | sorry | 不好意思 | 冥想 | 姿势 | 对不起 | 惭愧 | 感谢 | 懊悔 | 祈求宽恕 | 较深肤色 | 道歉 | 鞠躬 | 鞠躬的人
🙇‍♂️	man bowing	男生鞠躬	man bowing | 男生鞠躬 | apology | ask | beg | bow | bowing | favor | forgive | gesture | man | meditate | meditation | pity | regret | sorry | 不好意思 | 对不起 | 男 | 道歉
🙇🏻‍♂️	man bowing: light skin tone	男生鞠躬: 较浅肤色	man bowing light skin tone | 男生鞠躬 较浅肤色 | apology | ask | beg | bow | bowing | favor | forgive | gesture | light skin tone | man | meditate | meditation | pity | regret | sorry | 不好意思 | 对不起 | 男 | 男生鞠躬 | 较浅肤色 | 道歉
🙇🏼‍♂️	man bowing: medium-light skin tone	男生鞠躬: 中等-浅肤色	man bowing medium light skin tone | 男生鞠躬 中等 浅肤色 | apology | ask | beg | bow | bowing | favor | forgive | gesture | man | meditate | meditation | medium light skin tone | pity | regret | sorry | 不好意思 | 中等 浅肤色 | 对不起 | 男 | 男生鞠躬 | 道歉
🙇🏽‍♂️	man bowing: medium skin tone	男生鞠躬: 中等肤色	man bowing medium skin tone | 男生鞠躬 中等肤色 | apology | ask | beg | bow | bowing | favor | forgive | gesture | man | meditate | meditation | medium skin tone | pity | regret | sorry | 不好意思 | 中等肤色 | 对不起 | 男 | 男生鞠躬 | 道歉
🙇🏾‍♂️	man bowing: medium-dark skin tone	男生鞠躬: 中等-深肤色	man bowing medium dark skin tone | 男生鞠躬 中等 深肤色 | apology | ask | beg | bow | bowing | favor | forgive | gesture | man | meditate | meditation | medium dark skin tone | pity | regret | sorry | 不好意思 | 中等 深肤色 | 对不起 | 男 | 男生鞠躬 | 道歉
🙇🏿‍♂️	man bowing: dark skin tone	男生鞠躬: 较深肤色	man bowing dark skin tone | 男生鞠躬 较深肤色 | apology | ask | beg | bow | bowing | dark skin tone | favor | forgive | gesture | man | meditate | meditation | pity | regret | sorry | 不好意思 | 对不起 | 男 | 男生鞠躬 | 较深肤色 | 道歉
🙇‍♀️	woman bowing	女生鞠躬	woman bowing | 女生鞠躬 | apology | ask | beg | bow | bowing | favor | forgive | gesture | meditate | meditation | pity | regret | sorry | woman | 不好意思 | 女 | 对不起 | 道歉 | 静思 | 鞠躬
🙇🏻‍♀️	woman bowing: light skin tone	女生鞠躬: 较浅肤色	woman bowing light skin tone | 女生鞠躬 较浅肤色 | apology | ask | beg | bow | bowing | favor | forgive | gesture | light skin tone | meditate | meditation | pity | regret | sorry | woman | 不好意思 | 女 | 女生鞠躬 | 对不起 | 较浅肤色 | 道歉 | 静思 | 鞠躬
🙇🏼‍♀️	woman bowing: medium-light skin tone	女生鞠躬: 中等-浅肤色	woman bowing medium light skin tone | 女生鞠躬 中等 浅肤色 | apology | ask | beg | bow | bowing | favor | forgive | gesture | meditate | meditation | medium light skin tone | pity | regret | sorry | woman | 不好意思 | 中等 浅肤色 | 女 | 女生鞠躬 | 对不起 | 道歉 | 静思 | 鞠躬
🙇🏽‍♀️	woman bowing: medium skin tone	女生鞠躬: 中等肤色	woman bowing medium skin tone | 女生鞠躬 中等肤色 | apology | ask | beg | bow | bowing | favor | forgive | gesture | meditate | meditation | medium skin tone | pity | regret | sorry | woman | 不好意思 | 中等肤色 | 女 | 女生鞠躬 | 对不起 | 道歉 | 静思 | 鞠躬
🙇🏾‍♀️	woman bowing: medium-dark skin tone	女生鞠躬: 中等-深肤色	woman bowing medium dark skin tone | 女生鞠躬 中等 深肤色 | apology | ask | beg | bow | bowing | favor | forgive | gesture | meditate | meditation | medium dark skin tone | pity | regret | sorry | woman | 不好意思 | 中等 深肤色 | 女 | 女生鞠躬 | 对不起 | 道歉 | 静思 | 鞠躬
🙇🏿‍♀️	woman bowing: dark skin tone	女生鞠躬: 较深肤色	woman bowing dark skin tone | 女生鞠躬 较深肤色 | apology | ask | beg | bow | bowing | dark skin tone | favor | forgive | gesture | meditate | meditation | pity | regret | sorry | woman | 不好意思 | 女 | 女生鞠躬 | 对不起 | 较深肤色 | 道歉 | 静思 | 鞠躬
🤦	person facepalming	捂脸	person facepalming | 捂脸 | again | bewilder | disbelief | exasperation | facepalm | no | not | oh | omg | person | shock | smh | 人 | 尴尬 | 恼怒 | 我的天哪 | 扶额 | 无语 | 难以置信 | 震惊
🤦🏻	person facepalming: light skin tone	捂脸: 较浅肤色	person facepalming light skin tone | 捂脸 较浅肤色 | again | bewilder | disbelief | exasperation | facepalm | light skin tone | no | not | oh | omg | person | shock | smh | 人 | 尴尬 | 恼怒 | 我的天哪 | 扶额 | 捂脸 | 无语 | 较浅肤色 | 难以置信 | 震惊
🤦🏼	person facepalming: medium-light skin tone	捂脸: 中等-浅肤色	person facepalming medium light skin tone | 捂脸 中等 浅肤色 | again | bewilder | disbelief | exasperation | facepalm | medium light skin tone | no | not | oh | omg | person | shock | smh | 中等 浅肤色 | 人 | 尴尬 | 恼怒 | 我的天哪 | 扶额 | 捂脸 | 无语 | 难以置信 | 震惊
🤦🏽	person facepalming: medium skin tone	捂脸: 中等肤色	person facepalming medium skin tone | 捂脸 中等肤色 | again | bewilder | disbelief | exasperation | facepalm | medium skin tone | no | not | oh | omg | person | shock | smh | 中等肤色 | 人 | 尴尬 | 恼怒 | 我的天哪 | 扶额 | 捂脸 | 无语 | 难以置信 | 震惊
🤦🏾	person facepalming: medium-dark skin tone	捂脸: 中等-深肤色	person facepalming medium dark skin tone | 捂脸 中等 深肤色 | again | bewilder | disbelief | exasperation | facepalm | medium dark skin tone | no | not | oh | omg | person | shock | smh | 中等 深肤色 | 人 | 尴尬 | 恼怒 | 我的天哪 | 扶额 | 捂脸 | 无语 | 难以置信 | 震惊
🤦🏿	person facepalming: dark skin tone	捂脸: 较深肤色	person facepalming dark skin tone | 捂脸 较深肤色 | again | bewilder | dark skin tone | disbelief | exasperation | facepalm | no | not | oh | omg | person | shock | smh | 人 | 尴尬 | 恼怒 | 我的天哪 | 扶额 | 捂脸 | 无语 | 较深肤色 | 难以置信 | 震惊
🤦‍♂️	man facepalming	男生捂脸	man facepalming | 男生捂脸 | again | bewilder | disbelief | exasperation | facepalm | man | no | not | oh | omg | shock | smh | 尴尬 | 恼怒 | 我的天哪 | 扶额 | 捂脸 | 无奈 | 无语 | 男 | 男子捂脸 | 难以置信 | 震惊
🤦🏻‍♂️	man facepalming: light skin tone	男生捂脸: 较浅肤色	man facepalming light skin tone | 男生捂脸 较浅肤色 | again | bewilder | disbelief | exasperation | facepalm | light skin tone | man | no | not | oh | omg | shock | smh | 尴尬 | 恼怒 | 我的天哪 | 扶额 | 捂脸 | 无奈 | 无语 | 男 | 男子捂脸 | 男生捂脸 | 较浅肤色 | 难以置信 | 震惊
🤦🏼‍♂️	man facepalming: medium-light skin tone	男生捂脸: 中等-浅肤色	man facepalming medium light skin tone | 男生捂脸 中等 浅肤色 | again | bewilder | disbelief | exasperation | facepalm | man | medium light skin tone | no | not | oh | omg | shock | smh | 中等 浅肤色 | 尴尬 | 恼怒 | 我的天哪 | 扶额 | 捂脸 | 无奈 | 无语 | 男 | 男子捂脸 | 男生捂脸 | 难以置信 | 震惊
🤦🏽‍♂️	man facepalming: medium skin tone	男生捂脸: 中等肤色	man facepalming medium skin tone | 男生捂脸 中等肤色 | again | bewilder | disbelief | exasperation | facepalm | man | medium skin tone | no | not | oh | omg | shock | smh | 中等肤色 | 尴尬 | 恼怒 | 我的天哪 | 扶额 | 捂脸 | 无奈 | 无语 | 男 | 男子捂脸 | 男生捂脸 | 难以置信 | 震惊
🤦🏾‍♂️	man facepalming: medium-dark skin tone	男生捂脸: 中等-深肤色	man facepalming medium dark skin tone | 男生捂脸 中等 深肤色 | again | bewilder | disbelief | exasperation | facepalm | man | medium dark skin tone | no | not | oh | omg | shock | smh | 中等 深肤色 | 尴尬 | 恼怒 | 我的天哪 | 扶额 | 捂脸 | 无奈 | 无语 | 男 | 男子捂脸 | 男生捂脸 | 难以置信 | 震惊
🤦🏿‍♂️	man facepalming: dark skin tone	男生捂脸: 较深肤色	man facepalming dark skin tone | 男生捂脸 较深肤色 | again | bewilder | dark skin tone | disbelief | exasperation | facepalm | man | no | not | oh | omg | shock | smh | 尴尬 | 恼怒 | 我的天哪 | 扶额 | 捂脸 | 无奈 | 无语 | 男 | 男子捂脸 | 男生捂脸 | 较深肤色 | 难以置信 | 震惊
🤦‍♀️	woman facepalming	女生捂脸	woman facepalming | 女生捂脸 | again | bewilder | disbelief | exasperation | facepalm | no | not | oh | omg | shock | smh | woman | 女 | 女子捂脸 | 尴尬 | 恼怒 | 我的天哪 | 扶额 | 捂脸 | 无奈 | 无语 | 难以置信 | 震惊
🤦🏻‍♀️	woman facepalming: light skin tone	女生捂脸: 较浅肤色	woman facepalming light skin tone | 女生捂脸 较浅肤色 | again | bewilder | disbelief | exasperation | facepalm | light skin tone | no | not | oh | omg | shock | smh | woman | 女 | 女子捂脸 | 女生捂脸 | 尴尬 | 恼怒 | 我的天哪 | 扶额 | 捂脸 | 无奈 | 无语 | 较浅肤色 | 难以置信 | 震惊
🤦🏼‍♀️	woman facepalming: medium-light skin tone	女生捂脸: 中等-浅肤色	woman facepalming medium light skin tone | 女生捂脸 中等 浅肤色 | again | bewilder | disbelief | exasperation | facepalm | medium light skin tone | no | not | oh | omg | shock | smh | woman | 中等 浅肤色 | 女 | 女子捂脸 | 女生捂脸 | 尴尬 | 恼怒 | 我的天哪 | 扶额 | 捂脸 | 无奈 | 无语 | 难以置信 | 震惊
🤦🏽‍♀️	woman facepalming: medium skin tone	女生捂脸: 中等肤色	woman facepalming medium skin tone | 女生捂脸 中等肤色 | again | bewilder | disbelief | exasperation | facepalm | medium skin tone | no | not | oh | omg | shock | smh | woman | 中等肤色 | 女 | 女子捂脸 | 女生捂脸 | 尴尬 | 恼怒 | 我的天哪 | 扶额 | 捂脸 | 无奈 | 无语 | 难以置信 | 震惊
🤦🏾‍♀️	woman facepalming: medium-dark skin tone	女生捂脸: 中等-深肤色	woman facepalming medium dark skin tone | 女生捂脸 中等 深肤色 | again | bewilder | disbelief | exasperation | facepalm | medium dark skin tone | no | not | oh | omg | shock | smh | woman | 中等 深肤色 | 女 | 女子捂脸 | 女生捂脸 | 尴尬 | 恼怒 | 我的天哪 | 扶额 | 捂脸 | 无奈 | 无语 | 难以置信 | 震惊
🤦🏿‍♀️	woman facepalming: dark skin tone	女生捂脸: 较深肤色	woman facepalming dark skin tone | 女生捂脸 较深肤色 | again | bewilder | dark skin tone | disbelief | exasperation | facepalm | no | not | oh | omg | shock | smh | woman | 女 | 女子捂脸 | 女生捂脸 | 尴尬 | 恼怒 | 我的天哪 | 扶额 | 捂脸 | 无奈 | 无语 | 较深肤色 | 难以置信 | 震惊
🤷	person shrugging	耸肩	person shrugging | 耸肩 | doubt | dunno | guess | idk | ignorance | indifference | knows | maybe | person | shrug | shrugging | whatever | who | 不关心 | 不知道 | 人 | 天晓得 | 怀疑 | 我哪知 | 我猜的 | 无所谓 | 无视
🤷🏻	person shrugging: light skin tone	耸肩: 较浅肤色	person shrugging light skin tone | 耸肩 较浅肤色 | doubt | dunno | guess | idk | ignorance | indifference | knows | light skin tone | maybe | person | shrug | shrugging | whatever | who | 不关心 | 不知道 | 人 | 天晓得 | 怀疑 | 我哪知 | 我猜的 | 无所谓 | 无视 | 耸肩 | 较浅肤色
🤷🏼	person shrugging: medium-light skin tone	耸肩: 中等-浅肤色	person shrugging medium light skin tone | 耸肩 中等 浅肤色 | doubt | dunno | guess | idk | ignorance | indifference | knows | maybe | medium light skin tone | person | shrug | shrugging | whatever | who | 不关心 | 不知道 | 中等 浅肤色 | 人 | 天晓得 | 怀疑 | 我哪知 | 我猜的 | 无所谓 | 无视 | 耸肩
🤷🏽	person shrugging: medium skin tone	耸肩: 中等肤色	person shrugging medium skin tone | 耸肩 中等肤色 | doubt | dunno | guess | idk | ignorance | indifference | knows | maybe | medium skin tone | person | shrug | shrugging | whatever | who | 不关心 | 不知道 | 中等肤色 | 人 | 天晓得 | 怀疑 | 我哪知 | 我猜的 | 无所谓 | 无视 | 耸肩
🤷🏾	person shrugging: medium-dark skin tone	耸肩: 中等-深肤色	person shrugging medium dark skin tone | 耸肩 中等 深肤色 | doubt | dunno | guess | idk | ignorance | indifference | knows | maybe | medium dark skin tone | person | shrug | shrugging | whatever | who | 不关心 | 不知道 | 中等 深肤色 | 人 | 天晓得 | 怀疑 | 我哪知 | 我猜的 | 无所谓 | 无视 | 耸肩
🤷🏿	person shrugging: dark skin tone	耸肩: 较深肤色	person shrugging dark skin tone | 耸肩 较深肤色 | dark skin tone | doubt | dunno | guess | idk | ignorance | indifference | knows | maybe | person | shrug | shrugging | whatever | who | 不关心 | 不知道 | 人 | 天晓得 | 怀疑 | 我哪知 | 我猜的 | 无所谓 | 无视 | 耸肩 | 较深肤色
🤷‍♂️	man shrugging	男生耸肩	man shrugging | 男生耸肩 | doubt | dunno | guess | idk | ignorance | indifference | knows | man | maybe | shrug | shrugging | whatever | who | 不关心 | 不知道 | 天晓得 | 怀疑 | 我哪知 | 我猜的 | 无所谓 | 无视 | 男 | 男子耸肩 | 耸肩
🤷🏻‍♂️	man shrugging: light skin tone	男生耸肩: 较浅肤色	man shrugging light skin tone | 男生耸肩 较浅肤色 | doubt | dunno | guess | idk | ignorance | indifference | knows | light skin tone | man | maybe | shrug | shrugging | whatever | who | 不关心 | 不知道 | 天晓得 | 怀疑 | 我哪知 | 我猜的 | 无所谓 | 无视 | 男 | 男子耸肩 | 男生耸肩 | 耸肩 | 较浅肤色
🤷🏼‍♂️	man shrugging: medium-light skin tone	男生耸肩: 中等-浅肤色	man shrugging medium light skin tone | 男生耸肩 中等 浅肤色 | doubt | dunno | guess | idk | ignorance | indifference | knows | man | maybe | medium light skin tone | shrug | shrugging | whatever | who | 不关心 | 不知道 | 中等 浅肤色 | 天晓得 | 怀疑 | 我哪知 | 我猜的 | 无所谓 | 无视 | 男 | 男子耸肩 | 男生耸肩 | 耸肩
🤷🏽‍♂️	man shrugging: medium skin tone	男生耸肩: 中等肤色	man shrugging medium skin tone | 男生耸肩 中等肤色 | doubt | dunno | guess | idk | ignorance | indifference | knows | man | maybe | medium skin tone | shrug | shrugging | whatever | who | 不关心 | 不知道 | 中等肤色 | 天晓得 | 怀疑 | 我哪知 | 我猜的 | 无所谓 | 无视 | 男 | 男子耸肩 | 男生耸肩 | 耸肩
🤷🏾‍♂️	man shrugging: medium-dark skin tone	男生耸肩: 中等-深肤色	man shrugging medium dark skin tone | 男生耸肩 中等 深肤色 | doubt | dunno | guess | idk | ignorance | indifference | knows | man | maybe | medium dark skin tone | shrug | shrugging | whatever | who | 不关心 | 不知道 | 中等 深肤色 | 天晓得 | 怀疑 | 我哪知 | 我猜的 | 无所谓 | 无视 | 男 | 男子耸肩 | 男生耸肩 | 耸肩
🤷🏿‍♂️	man shrugging: dark skin tone	男生耸肩: 较深肤色	man shrugging dark skin tone | 男生耸肩 较深肤色 | dark skin tone | doubt | dunno | guess | idk | ignorance | indifference | knows | man | maybe | shrug | shrugging | whatever | who | 不关心 | 不知道 | 天晓得 | 怀疑 | 我哪知 | 我猜的 | 无所谓 | 无视 | 男 | 男子耸肩 | 男生耸肩 | 耸肩 | 较深肤色
🤷‍♀️	woman shrugging	女生耸肩	woman shrugging | 女生耸肩 | doubt | dunno | guess | idk | ignorance | indifference | knows | maybe | shrug | shrugging | whatever | who | woman | 不关心 | 不知道 | 天晓得 | 女 | 女子耸肩 | 怀疑 | 我哪知 | 我猜的 | 无所谓 | 无视 | 耸肩
🤷🏻‍♀️	woman shrugging: light skin tone	女生耸肩: 较浅肤色	woman shrugging light skin tone | 女生耸肩 较浅肤色 | doubt | dunno | guess | idk | ignorance | indifference | knows | light skin tone | maybe | shrug | shrugging | whatever | who | woman | 不关心 | 不知道 | 天晓得 | 女 | 女子耸肩 | 女生耸肩 | 怀疑 | 我哪知 | 我猜的 | 无所谓 | 无视 | 耸肩 | 较浅肤色
🤷🏼‍♀️	woman shrugging: medium-light skin tone	女生耸肩: 中等-浅肤色	woman shrugging medium light skin tone | 女生耸肩 中等 浅肤色 | doubt | dunno | guess | idk | ignorance | indifference | knows | maybe | medium light skin tone | shrug | shrugging | whatever | who | woman | 不关心 | 不知道 | 中等 浅肤色 | 天晓得 | 女 | 女子耸肩 | 女生耸肩 | 怀疑 | 我哪知 | 我猜的 | 无所谓 | 无视 | 耸肩
🤷🏽‍♀️	woman shrugging: medium skin tone	女生耸肩: 中等肤色	woman shrugging medium skin tone | 女生耸肩 中等肤色 | doubt | dunno | guess | idk | ignorance | indifference | knows | maybe | medium skin tone | shrug | shrugging | whatever | who | woman | 不关心 | 不知道 | 中等肤色 | 天晓得 | 女 | 女子耸肩 | 女生耸肩 | 怀疑 | 我哪知 | 我猜的 | 无所谓 | 无视 | 耸肩
🤷🏾‍♀️	woman shrugging: medium-dark skin tone	女生耸肩: 中等-深肤色	woman shrugging medium dark skin tone | 女生耸肩 中等 深肤色 | doubt | dunno | guess | idk | ignorance | indifference | knows | maybe | medium dark skin tone | shrug | shrugging | whatever | who | woman | 不关心 | 不知道 | 中等 深肤色 | 天晓得 | 女 | 女子耸肩 | 女生耸肩 | 怀疑 | 我哪知 | 我猜的 | 无所谓 | 无视 | 耸肩
🤷🏿‍♀️	woman shrugging: dark skin tone	女生耸肩: 较深肤色	woman shrugging dark skin tone | 女生耸肩 较深肤色 | dark skin tone | doubt | dunno | guess | idk | ignorance | indifference | knows | maybe | shrug | shrugging | whatever | who | woman | 不关心 | 不知道 | 天晓得 | 女 | 女子耸肩 | 女生耸肩 | 怀疑 | 我哪知 | 我猜的 | 无所谓 | 无视 | 耸肩 | 较深肤色
🧑‍⚕️	health worker	卫生工作者	health worker | 卫生工作者 | doctor | health | healthcare | nurse | therapist | worker | 医生 | 护士 | 治疗师
🧑🏻‍⚕️	health worker: light skin tone	卫生工作者: 较浅肤色	health worker light skin tone | 卫生工作者 较浅肤色 | doctor | health | healthcare | light skin tone | nurse | therapist | worker | 医生 | 卫生工作者 | 护士 | 治疗师 | 较浅肤色
🧑🏼‍⚕️	health worker: medium-light skin tone	卫生工作者: 中等-浅肤色	health worker medium light skin tone | 卫生工作者 中等 浅肤色 | doctor | health | healthcare | medium light skin tone | nurse | therapist | worker | 中等 浅肤色 | 医生 | 卫生工作者 | 护士 | 治疗师
🧑🏽‍⚕️	health worker: medium skin tone	卫生工作者: 中等肤色	health worker medium skin tone | 卫生工作者 中等肤色 | doctor | health | healthcare | medium skin tone | nurse | therapist | worker | 中等肤色 | 医生 | 卫生工作者 | 护士 | 治疗师
🧑🏾‍⚕️	health worker: medium-dark skin tone	卫生工作者: 中等-深肤色	health worker medium dark skin tone | 卫生工作者 中等 深肤色 | doctor | health | healthcare | medium dark skin tone | nurse | therapist | worker | 中等 深肤色 | 医生 | 卫生工作者 | 护士 | 治疗师
🧑🏿‍⚕️	health worker: dark skin tone	卫生工作者: 较深肤色	health worker dark skin tone | 卫生工作者 较深肤色 | dark skin tone | doctor | health | healthcare | nurse | therapist | worker | 医生 | 卫生工作者 | 护士 | 治疗师 | 较深肤色
👨‍⚕️	man health worker	男医生	man health worker | 男医生 | doctor | health | healthcare | man | nurse | therapist | worker | 医护人员 | 医生 | 护士 | 治疗师 | 男 | 男人 | 男治疗师
👨🏻‍⚕️	man health worker: light skin tone	男医生: 较浅肤色	man health worker light skin tone | 男医生 较浅肤色 | doctor | health | healthcare | light skin tone | man | nurse | therapist | worker | 医护人员 | 医生 | 护士 | 治疗师 | 男 | 男人 | 男医生 | 男治疗师 | 较浅肤色
👨🏼‍⚕️	man health worker: medium-light skin tone	男医生: 中等-浅肤色	man health worker medium light skin tone | 男医生 中等 浅肤色 | doctor | health | healthcare | man | medium light skin tone | nurse | therapist | worker | 中等 浅肤色 | 医护人员 | 医生 | 护士 | 治疗师 | 男 | 男人 | 男医生 | 男治疗师
👨🏽‍⚕️	man health worker: medium skin tone	男医生: 中等肤色	man health worker medium skin tone | 男医生 中等肤色 | doctor | health | healthcare | man | medium skin tone | nurse | therapist | worker | 中等肤色 | 医护人员 | 医生 | 护士 | 治疗师 | 男 | 男人 | 男医生 | 男治疗师
👨🏾‍⚕️	man health worker: medium-dark skin tone	男医生: 中等-深肤色	man health worker medium dark skin tone | 男医生 中等 深肤色 | doctor | health | healthcare | man | medium dark skin tone | nurse | therapist | worker | 中等 深肤色 | 医护人员 | 医生 | 护士 | 治疗师 | 男 | 男人 | 男医生 | 男治疗师
👨🏿‍⚕️	man health worker: dark skin tone	男医生: 较深肤色	man health worker dark skin tone | 男医生 较深肤色 | dark skin tone | doctor | health | healthcare | man | nurse | therapist | worker | 医护人员 | 医生 | 护士 | 治疗师 | 男 | 男人 | 男医生 | 男治疗师 | 较深肤色
👩‍⚕️	woman health worker	女医生	woman health worker | 女医生 | doctor | health | healthcare | nurse | therapist | woman | worker | 医护人员 | 医生 | 女 | 女人 | 女治疗师 | 护士 | 治疗师
👩🏻‍⚕️	woman health worker: light skin tone	女医生: 较浅肤色	woman health worker light skin tone | 女医生 较浅肤色 | doctor | health | healthcare | light skin tone | nurse | therapist | woman | worker | 医护人员 | 医生 | 女 | 女人 | 女医生 | 女治疗师 | 护士 | 治疗师 | 较浅肤色
👩🏼‍⚕️	woman health worker: medium-light skin tone	女医生: 中等-浅肤色	woman health worker medium light skin tone | 女医生 中等 浅肤色 | doctor | health | healthcare | medium light skin tone | nurse | therapist | woman | worker | 中等 浅肤色 | 医护人员 | 医生 | 女 | 女人 | 女医生 | 女治疗师 | 护士 | 治疗师
👩🏽‍⚕️	woman health worker: medium skin tone	女医生: 中等肤色	woman health worker medium skin tone | 女医生 中等肤色 | doctor | health | healthcare | medium skin tone | nurse | therapist | woman | worker | 中等肤色 | 医护人员 | 医生 | 女 | 女人 | 女医生 | 女治疗师 | 护士 | 治疗师
👩🏾‍⚕️	woman health worker: medium-dark skin tone	女医生: 中等-深肤色	woman health worker medium dark skin tone | 女医生 中等 深肤色 | doctor | health | healthcare | medium dark skin tone | nurse | therapist | woman | worker | 中等 深肤色 | 医护人员 | 医生 | 女 | 女人 | 女医生 | 女治疗师 | 护士 | 治疗师
👩🏿‍⚕️	woman health worker: dark skin tone	女医生: 较深肤色	woman health worker dark skin tone | 女医生 较深肤色 | dark skin tone | doctor | health | healthcare | nurse | therapist | woman | worker | 医护人员 | 医生 | 女 | 女人 | 女医生 | 女治疗师 | 护士 | 治疗师 | 较深肤色
🧑‍🎓	student	学生	student | 学生 | graduate | 毕业 | 毕业生
🧑🏻‍🎓	student: light skin tone	学生: 较浅肤色	student light skin tone | 学生 较浅肤色 | graduate | light skin tone | student | 学生 | 毕业 | 毕业生 | 较浅肤色
🧑🏼‍🎓	student: medium-light skin tone	学生: 中等-浅肤色	student medium light skin tone | 学生 中等 浅肤色 | graduate | medium light skin tone | student | 中等 浅肤色 | 学生 | 毕业 | 毕业生
🧑🏽‍🎓	student: medium skin tone	学生: 中等肤色	student medium skin tone | 学生 中等肤色 | graduate | medium skin tone | student | 中等肤色 | 学生 | 毕业 | 毕业生
🧑🏾‍🎓	student: medium-dark skin tone	学生: 中等-深肤色	student medium dark skin tone | 学生 中等 深肤色 | graduate | medium dark skin tone | student | 中等 深肤色 | 学生 | 毕业 | 毕业生
🧑🏿‍🎓	student: dark skin tone	学生: 较深肤色	student dark skin tone | 学生 较深肤色 | dark skin tone | graduate | student | 学生 | 毕业 | 毕业生 | 较深肤色
👨‍🎓	man student	男学生	man student | 男学生 | graduate | man | student | 学生 | 毕业 | 男
👨🏻‍🎓	man student: light skin tone	男学生: 较浅肤色	man student light skin tone | 男学生 较浅肤色 | graduate | light skin tone | man | student | 学生 | 毕业 | 男 | 男学生 | 较浅肤色
👨🏼‍🎓	man student: medium-light skin tone	男学生: 中等-浅肤色	man student medium light skin tone | 男学生 中等 浅肤色 | graduate | man | medium light skin tone | student | 中等 浅肤色 | 学生 | 毕业 | 男 | 男学生
👨🏽‍🎓	man student: medium skin tone	男学生: 中等肤色	man student medium skin tone | 男学生 中等肤色 | graduate | man | medium skin tone | student | 中等肤色 | 学生 | 毕业 | 男 | 男学生
👨🏾‍🎓	man student: medium-dark skin tone	男学生: 中等-深肤色	man student medium dark skin tone | 男学生 中等 深肤色 | graduate | man | medium dark skin tone | student | 中等 深肤色 | 学生 | 毕业 | 男 | 男学生
👨🏿‍🎓	man student: dark skin tone	男学生: 较深肤色	man student dark skin tone | 男学生 较深肤色 | dark skin tone | graduate | man | student | 学生 | 毕业 | 男 | 男学生 | 较深肤色
👩‍🎓	woman student	女学生	woman student | 女学生 | graduate | student | woman | 女 | 学生 | 毕业
👩🏻‍🎓	woman student: light skin tone	女学生: 较浅肤色	woman student light skin tone | 女学生 较浅肤色 | graduate | light skin tone | student | woman | 女 | 女学生 | 学生 | 毕业 | 较浅肤色
👩🏼‍🎓	woman student: medium-light skin tone	女学生: 中等-浅肤色	woman student medium light skin tone | 女学生 中等 浅肤色 | graduate | medium light skin tone | student | woman | 中等 浅肤色 | 女 | 女学生 | 学生 | 毕业
👩🏽‍🎓	woman student: medium skin tone	女学生: 中等肤色	woman student medium skin tone | 女学生 中等肤色 | graduate | medium skin tone | student | woman | 中等肤色 | 女 | 女学生 | 学生 | 毕业
👩🏾‍🎓	woman student: medium-dark skin tone	女学生: 中等-深肤色	woman student medium dark skin tone | 女学生 中等 深肤色 | graduate | medium dark skin tone | student | woman | 中等 深肤色 | 女 | 女学生 | 学生 | 毕业
👩🏿‍🎓	woman student: dark skin tone	女学生: 较深肤色	woman student dark skin tone | 女学生 较深肤色 | dark skin tone | graduate | student | woman | 女 | 女学生 | 学生 | 毕业 | 较深肤色
🧑‍🏫	teacher	老师	teacher | 老师 | instructor | lecturer | professor | 教师 | 教授
🧑🏻‍🏫	teacher: light skin tone	老师: 较浅肤色	teacher light skin tone | 老师 较浅肤色 | instructor | lecturer | light skin tone | professor | teacher | 教师 | 教授 | 老师 | 较浅肤色
🧑🏼‍🏫	teacher: medium-light skin tone	老师: 中等-浅肤色	teacher medium light skin tone | 老师 中等 浅肤色 | instructor | lecturer | medium light skin tone | professor | teacher | 中等 浅肤色 | 教师 | 教授 | 老师
🧑🏽‍🏫	teacher: medium skin tone	老师: 中等肤色	teacher medium skin tone | 老师 中等肤色 | instructor | lecturer | medium skin tone | professor | teacher | 中等肤色 | 教师 | 教授 | 老师
🧑🏾‍🏫	teacher: medium-dark skin tone	老师: 中等-深肤色	teacher medium dark skin tone | 老师 中等 深肤色 | instructor | lecturer | medium dark skin tone | professor | teacher | 中等 深肤色 | 教师 | 教授 | 老师
🧑🏿‍🏫	teacher: dark skin tone	老师: 较深肤色	teacher dark skin tone | 老师 较深肤色 | dark skin tone | instructor | lecturer | professor | teacher | 教师 | 教授 | 老师 | 较深肤色
👨‍🏫	man teacher	男老师	man teacher | 男老师 | instructor | lecturer | man | professor | teacher | 教师 | 教授 | 男 | 老师
👨🏻‍🏫	man teacher: light skin tone	男老师: 较浅肤色	man teacher light skin tone | 男老师 较浅肤色 | instructor | lecturer | light skin tone | man | professor | teacher | 教师 | 教授 | 男 | 男老师 | 老师 | 较浅肤色
👨🏼‍🏫	man teacher: medium-light skin tone	男老师: 中等-浅肤色	man teacher medium light skin tone | 男老师 中等 浅肤色 | instructor | lecturer | man | medium light skin tone | professor | teacher | 中等 浅肤色 | 教师 | 教授 | 男 | 男老师 | 老师
👨🏽‍🏫	man teacher: medium skin tone	男老师: 中等肤色	man teacher medium skin tone | 男老师 中等肤色 | instructor | lecturer | man | medium skin tone | professor | teacher | 中等肤色 | 教师 | 教授 | 男 | 男老师 | 老师
👨🏾‍🏫	man teacher: medium-dark skin tone	男老师: 中等-深肤色	man teacher medium dark skin tone | 男老师 中等 深肤色 | instructor | lecturer | man | medium dark skin tone | professor | teacher | 中等 深肤色 | 教师 | 教授 | 男 | 男老师 | 老师
👨🏿‍🏫	man teacher: dark skin tone	男老师: 较深肤色	man teacher dark skin tone | 男老师 较深肤色 | dark skin tone | instructor | lecturer | man | professor | teacher | 教师 | 教授 | 男 | 男老师 | 老师 | 较深肤色
👩‍🏫	woman teacher	女老师	woman teacher | 女老师 | instructor | lecturer | professor | teacher | woman | 女 | 教师 | 教授 | 老师
👩🏻‍🏫	woman teacher: light skin tone	女老师: 较浅肤色	woman teacher light skin tone | 女老师 较浅肤色 | instructor | lecturer | light skin tone | professor | teacher | woman | 女 | 女老师 | 教师 | 教授 | 老师 | 较浅肤色
👩🏼‍🏫	woman teacher: medium-light skin tone	女老师: 中等-浅肤色	woman teacher medium light skin tone | 女老师 中等 浅肤色 | instructor | lecturer | medium light skin tone | professor | teacher | woman | 中等 浅肤色 | 女 | 女老师 | 教师 | 教授 | 老师
👩🏽‍🏫	woman teacher: medium skin tone	女老师: 中等肤色	woman teacher medium skin tone | 女老师 中等肤色 | instructor | lecturer | medium skin tone | professor | teacher | woman | 中等肤色 | 女 | 女老师 | 教师 | 教授 | 老师
👩🏾‍🏫	woman teacher: medium-dark skin tone	女老师: 中等-深肤色	woman teacher medium dark skin tone | 女老师 中等 深肤色 | instructor | lecturer | medium dark skin tone | professor | teacher | woman | 中等 深肤色 | 女 | 女老师 | 教师 | 教授 | 老师
👩🏿‍🏫	woman teacher: dark skin tone	女老师: 较深肤色	woman teacher dark skin tone | 女老师 较深肤色 | dark skin tone | instructor | lecturer | professor | teacher | woman | 女 | 女老师 | 教师 | 教授 | 老师 | 较深肤色
🧑‍⚖️	judge	法官	judge | 法官 | justice | law | scales | 法律
🧑🏻‍⚖️	judge: light skin tone	法官: 较浅肤色	judge light skin tone | 法官 较浅肤色 | judge | justice | law | light skin tone | scales | 法官 | 法律 | 较浅肤色
🧑🏼‍⚖️	judge: medium-light skin tone	法官: 中等-浅肤色	judge medium light skin tone | 法官 中等 浅肤色 | judge | justice | law | medium light skin tone | scales | 中等 浅肤色 | 法官 | 法律
🧑🏽‍⚖️	judge: medium skin tone	法官: 中等肤色	judge medium skin tone | 法官 中等肤色 | judge | justice | law | medium skin tone | scales | 中等肤色 | 法官 | 法律
🧑🏾‍⚖️	judge: medium-dark skin tone	法官: 中等-深肤色	judge medium dark skin tone | 法官 中等 深肤色 | judge | justice | law | medium dark skin tone | scales | 中等 深肤色 | 法官 | 法律
🧑🏿‍⚖️	judge: dark skin tone	法官: 较深肤色	judge dark skin tone | 法官 较深肤色 | dark skin tone | judge | justice | law | scales | 法官 | 法律 | 较深肤色
👨‍⚖️	man judge	男法官	man judge | 男法官 | judge | justice | law | man | scales | 正义 | 法官 | 法律 | 男
👨🏻‍⚖️	man judge: light skin tone	男法官: 较浅肤色	man judge light skin tone | 男法官 较浅肤色 | judge | justice | law | light skin tone | man | scales | 正义 | 法官 | 法律 | 男 | 男法官 | 较浅肤色
👨🏼‍⚖️	man judge: medium-light skin tone	男法官: 中等-浅肤色	man judge medium light skin tone | 男法官 中等 浅肤色 | judge | justice | law | man | medium light skin tone | scales | 中等 浅肤色 | 正义 | 法官 | 法律 | 男 | 男法官
👨🏽‍⚖️	man judge: medium skin tone	男法官: 中等肤色	man judge medium skin tone | 男法官 中等肤色 | judge | justice | law | man | medium skin tone | scales | 中等肤色 | 正义 | 法官 | 法律 | 男 | 男法官
👨🏾‍⚖️	man judge: medium-dark skin tone	男法官: 中等-深肤色	man judge medium dark skin tone | 男法官 中等 深肤色 | judge | justice | law | man | medium dark skin tone | scales | 中等 深肤色 | 正义 | 法官 | 法律 | 男 | 男法官
👨🏿‍⚖️	man judge: dark skin tone	男法官: 较深肤色	man judge dark skin tone | 男法官 较深肤色 | dark skin tone | judge | justice | law | man | scales | 正义 | 法官 | 法律 | 男 | 男法官 | 较深肤色
👩‍⚖️	woman judge	女法官	woman judge | 女法官 | judge | justice | law | scales | woman | 女 | 正义 | 法官 | 法律
👩🏻‍⚖️	woman judge: light skin tone	女法官: 较浅肤色	woman judge light skin tone | 女法官 较浅肤色 | judge | justice | law | light skin tone | scales | woman | 女 | 女法官 | 正义 | 法官 | 法律 | 较浅肤色
👩🏼‍⚖️	woman judge: medium-light skin tone	女法官: 中等-浅肤色	woman judge medium light skin tone | 女法官 中等 浅肤色 | judge | justice | law | medium light skin tone | scales | woman | 中等 浅肤色 | 女 | 女法官 | 正义 | 法官 | 法律
👩🏽‍⚖️	woman judge: medium skin tone	女法官: 中等肤色	woman judge medium skin tone | 女法官 中等肤色 | judge | justice | law | medium skin tone | scales | woman | 中等肤色 | 女 | 女法官 | 正义 | 法官 | 法律
👩🏾‍⚖️	woman judge: medium-dark skin tone	女法官: 中等-深肤色	woman judge medium dark skin tone | 女法官 中等 深肤色 | judge | justice | law | medium dark skin tone | scales | woman | 中等 深肤色 | 女 | 女法官 | 正义 | 法官 | 法律
👩🏿‍⚖️	woman judge: dark skin tone	女法官: 较深肤色	woman judge dark skin tone | 女法官 较深肤色 | dark skin tone | judge | justice | law | scales | woman | 女 | 女法官 | 正义 | 法官 | 法律 | 较深肤色
🧑‍🌾	farmer	农民	farmer | 农民 | gardener | rancher | 园丁
🧑🏻‍🌾	farmer: light skin tone	农民: 较浅肤色	farmer light skin tone | 农民 较浅肤色 | farmer | gardener | light skin tone | rancher | 农民 | 园丁 | 较浅肤色
🧑🏼‍🌾	farmer: medium-light skin tone	农民: 中等-浅肤色	farmer medium light skin tone | 农民 中等 浅肤色 | farmer | gardener | medium light skin tone | rancher | 中等 浅肤色 | 农民 | 园丁
🧑🏽‍🌾	farmer: medium skin tone	农民: 中等肤色	farmer medium skin tone | 农民 中等肤色 | farmer | gardener | medium skin tone | rancher | 中等肤色 | 农民 | 园丁
🧑🏾‍🌾	farmer: medium-dark skin tone	农民: 中等-深肤色	farmer medium dark skin tone | 农民 中等 深肤色 | farmer | gardener | medium dark skin tone | rancher | 中等 深肤色 | 农民 | 园丁
🧑🏿‍🌾	farmer: dark skin tone	农民: 较深肤色	farmer dark skin tone | 农民 较深肤色 | dark skin tone | farmer | gardener | rancher | 农民 | 园丁 | 较深肤色
👨‍🌾	man farmer	农夫	man farmer | 农夫 | farmer | gardener | man | rancher | 农民 | 园丁 | 牧场主人 | 牧场工人 | 男
👨🏻‍🌾	man farmer: light skin tone	农夫: 较浅肤色	man farmer light skin tone | 农夫 较浅肤色 | farmer | gardener | light skin tone | man | rancher | 农夫 | 农民 | 园丁 | 牧场主人 | 牧场工人 | 男 | 较浅肤色
👨🏼‍🌾	man farmer: medium-light skin tone	农夫: 中等-浅肤色	man farmer medium light skin tone | 农夫 中等 浅肤色 | farmer | gardener | man | medium light skin tone | rancher | 中等 浅肤色 | 农夫 | 农民 | 园丁 | 牧场主人 | 牧场工人 | 男
👨🏽‍🌾	man farmer: medium skin tone	农夫: 中等肤色	man farmer medium skin tone | 农夫 中等肤色 | farmer | gardener | man | medium skin tone | rancher | 中等肤色 | 农夫 | 农民 | 园丁 | 牧场主人 | 牧场工人 | 男
👨🏾‍🌾	man farmer: medium-dark skin tone	农夫: 中等-深肤色	man farmer medium dark skin tone | 农夫 中等 深肤色 | farmer | gardener | man | medium dark skin tone | rancher | 中等 深肤色 | 农夫 | 农民 | 园丁 | 牧场主人 | 牧场工人 | 男
👨🏿‍🌾	man farmer: dark skin tone	农夫: 较深肤色	man farmer dark skin tone | 农夫 较深肤色 | dark skin tone | farmer | gardener | man | rancher | 农夫 | 农民 | 园丁 | 牧场主人 | 牧场工人 | 男 | 较深肤色
👩‍🌾	woman farmer	农妇	woman farmer | 农妇 | farmer | gardener | rancher | woman | 农民 | 园丁 | 女 | 牧场主人 | 牧场工
👩🏻‍🌾	woman farmer: light skin tone	农妇: 较浅肤色	woman farmer light skin tone | 农妇 较浅肤色 | farmer | gardener | light skin tone | rancher | woman | 农妇 | 农民 | 园丁 | 女 | 牧场主人 | 牧场工 | 较浅肤色
👩🏼‍🌾	woman farmer: medium-light skin tone	农妇: 中等-浅肤色	woman farmer medium light skin tone | 农妇 中等 浅肤色 | farmer | gardener | medium light skin tone | rancher | woman | 中等 浅肤色 | 农妇 | 农民 | 园丁 | 女 | 牧场主人 | 牧场工
👩🏽‍🌾	woman farmer: medium skin tone	农妇: 中等肤色	woman farmer medium skin tone | 农妇 中等肤色 | farmer | gardener | medium skin tone | rancher | woman | 中等肤色 | 农妇 | 农民 | 园丁 | 女 | 牧场主人 | 牧场工
👩🏾‍🌾	woman farmer: medium-dark skin tone	农妇: 中等-深肤色	woman farmer medium dark skin tone | 农妇 中等 深肤色 | farmer | gardener | medium dark skin tone | rancher | woman | 中等 深肤色 | 农妇 | 农民 | 园丁 | 女 | 牧场主人 | 牧场工
👩🏿‍🌾	woman farmer: dark skin tone	农妇: 较深肤色	woman farmer dark skin tone | 农妇 较深肤色 | dark skin tone | farmer | gardener | rancher | woman | 农妇 | 农民 | 园丁 | 女 | 牧场主人 | 牧场工 | 较深肤色
🧑‍🍳	cook	厨师	cook | 厨师 | chef | 做饭 | 大厨
🧑🏻‍🍳	cook: light skin tone	厨师: 较浅肤色	cook light skin tone | 厨师 较浅肤色 | chef | cook | light skin tone | 做饭 | 厨师 | 大厨 | 较浅肤色
🧑🏼‍🍳	cook: medium-light skin tone	厨师: 中等-浅肤色	cook medium light skin tone | 厨师 中等 浅肤色 | chef | cook | medium light skin tone | 中等 浅肤色 | 做饭 | 厨师 | 大厨
🧑🏽‍🍳	cook: medium skin tone	厨师: 中等肤色	cook medium skin tone | 厨师 中等肤色 | chef | cook | medium skin tone | 中等肤色 | 做饭 | 厨师 | 大厨
🧑🏾‍🍳	cook: medium-dark skin tone	厨师: 中等-深肤色	cook medium dark skin tone | 厨师 中等 深肤色 | chef | cook | medium dark skin tone | 中等 深肤色 | 做饭 | 厨师 | 大厨
🧑🏿‍🍳	cook: dark skin tone	厨师: 较深肤色	cook dark skin tone | 厨师 较深肤色 | chef | cook | dark skin tone | 做饭 | 厨师 | 大厨 | 较深肤色
👨‍🍳	man cook	男厨师	man cook | 男厨师 | chef | cook | man | 做饭 | 厨师 | 大厨 | 男
👨🏻‍🍳	man cook: light skin tone	男厨师: 较浅肤色	man cook light skin tone | 男厨师 较浅肤色 | chef | cook | light skin tone | man | 做饭 | 厨师 | 大厨 | 男 | 男厨师 | 较浅肤色
👨🏼‍🍳	man cook: medium-light skin tone	男厨师: 中等-浅肤色	man cook medium light skin tone | 男厨师 中等 浅肤色 | chef | cook | man | medium light skin tone | 中等 浅肤色 | 做饭 | 厨师 | 大厨 | 男 | 男厨师
👨🏽‍🍳	man cook: medium skin tone	男厨师: 中等肤色	man cook medium skin tone | 男厨师 中等肤色 | chef | cook | man | medium skin tone | 中等肤色 | 做饭 | 厨师 | 大厨 | 男 | 男厨师
👨🏾‍🍳	man cook: medium-dark skin tone	男厨师: 中等-深肤色	man cook medium dark skin tone | 男厨师 中等 深肤色 | chef | cook | man | medium dark skin tone | 中等 深肤色 | 做饭 | 厨师 | 大厨 | 男 | 男厨师
👨🏿‍🍳	man cook: dark skin tone	男厨师: 较深肤色	man cook dark skin tone | 男厨师 较深肤色 | chef | cook | dark skin tone | man | 做饭 | 厨师 | 大厨 | 男 | 男厨师 | 较深肤色
👩‍🍳	woman cook	女厨师	woman cook | 女厨师 | chef | cook | woman | 做饭 | 厨师 | 大厨 | 女
👩🏻‍🍳	woman cook: light skin tone	女厨师: 较浅肤色	woman cook light skin tone | 女厨师 较浅肤色 | chef | cook | light skin tone | woman | 做饭 | 厨师 | 大厨 | 女 | 女厨师 | 较浅肤色
👩🏼‍🍳	woman cook: medium-light skin tone	女厨师: 中等-浅肤色	woman cook medium light skin tone | 女厨师 中等 浅肤色 | chef | cook | medium light skin tone | woman | 中等 浅肤色 | 做饭 | 厨师 | 大厨 | 女 | 女厨师
👩🏽‍🍳	woman cook: medium skin tone	女厨师: 中等肤色	woman cook medium skin tone | 女厨师 中等肤色 | chef | cook | medium skin tone | woman | 中等肤色 | 做饭 | 厨师 | 大厨 | 女 | 女厨师
👩🏾‍🍳	woman cook: medium-dark skin tone	女厨师: 中等-深肤色	woman cook medium dark skin tone | 女厨师 中等 深肤色 | chef | cook | medium dark skin tone | woman | 中等 深肤色 | 做饭 | 厨师 | 大厨 | 女 | 女厨师
👩🏿‍🍳	woman cook: dark skin tone	女厨师: 较深肤色	woman cook dark skin tone | 女厨师 较深肤色 | chef | cook | dark skin tone | woman | 做饭 | 厨师 | 大厨 | 女 | 女厨师 | 较深肤色
🧑‍🔧	mechanic	技工	mechanic | 技工 | electrician | plumber | tradesperson | 水管工 | 电工
🧑🏻‍🔧	mechanic: light skin tone	技工: 较浅肤色	mechanic light skin tone | 技工 较浅肤色 | electrician | light skin tone | mechanic | plumber | tradesperson | 技工 | 水管工 | 电工 | 较浅肤色
🧑🏼‍🔧	mechanic: medium-light skin tone	技工: 中等-浅肤色	mechanic medium light skin tone | 技工 中等 浅肤色 | electrician | mechanic | medium light skin tone | plumber | tradesperson | 中等 浅肤色 | 技工 | 水管工 | 电工
🧑🏽‍🔧	mechanic: medium skin tone	技工: 中等肤色	mechanic medium skin tone | 技工 中等肤色 | electrician | mechanic | medium skin tone | plumber | tradesperson | 中等肤色 | 技工 | 水管工 | 电工
🧑🏾‍🔧	mechanic: medium-dark skin tone	技工: 中等-深肤色	mechanic medium dark skin tone | 技工 中等 深肤色 | electrician | mechanic | medium dark skin tone | plumber | tradesperson | 中等 深肤色 | 技工 | 水管工 | 电工
🧑🏿‍🔧	mechanic: dark skin tone	技工: 较深肤色	mechanic dark skin tone | 技工 较深肤色 | dark skin tone | electrician | mechanic | plumber | tradesperson | 技工 | 水管工 | 电工 | 较深肤色
👨‍🔧	man mechanic	男技工	man mechanic | 男技工 | electrician | man | mechanic | plumber | tradesperson | 技工 | 机械工 | 杂工 | 水管工 | 水管工人 | 电工 | 男
👨🏻‍🔧	man mechanic: light skin tone	男技工: 较浅肤色	man mechanic light skin tone | 男技工 较浅肤色 | electrician | light skin tone | man | mechanic | plumber | tradesperson | 技工 | 机械工 | 杂工 | 水管工 | 水管工人 | 电工 | 男 | 男技工 | 较浅肤色
👨🏼‍🔧	man mechanic: medium-light skin tone	男技工: 中等-浅肤色	man mechanic medium light skin tone | 男技工 中等 浅肤色 | electrician | man | mechanic | medium light skin tone | plumber | tradesperson | 中等 浅肤色 | 技工 | 机械工 | 杂工 | 水管工 | 水管工人 | 电工 | 男 | 男技工
👨🏽‍🔧	man mechanic: medium skin tone	男技工: 中等肤色	man mechanic medium skin tone | 男技工 中等肤色 | electrician | man | mechanic | medium skin tone | plumber | tradesperson | 中等肤色 | 技工 | 机械工 | 杂工 | 水管工 | 水管工人 | 电工 | 男 | 男技工
👨🏾‍🔧	man mechanic: medium-dark skin tone	男技工: 中等-深肤色	man mechanic medium dark skin tone | 男技工 中等 深肤色 | electrician | man | mechanic | medium dark skin tone | plumber | tradesperson | 中等 深肤色 | 技工 | 机械工 | 杂工 | 水管工 | 水管工人 | 电工 | 男 | 男技工
👨🏿‍🔧	man mechanic: dark skin tone	男技工: 较深肤色	man mechanic dark skin tone | 男技工 较深肤色 | dark skin tone | electrician | man | mechanic | plumber | tradesperson | 技工 | 机械工 | 杂工 | 水管工 | 水管工人 | 电工 | 男 | 男技工 | 较深肤色
👩‍🔧	woman mechanic	女技工	woman mechanic | 女技工 | electrician | mechanic | plumber | tradesperson | woman | 修理工 | 女 | 技工 | 水电工 | 水管工 | 水管工人 | 电工
👩🏻‍🔧	woman mechanic: light skin tone	女技工: 较浅肤色	woman mechanic light skin tone | 女技工 较浅肤色 | electrician | light skin tone | mechanic | plumber | tradesperson | woman | 修理工 | 女 | 女技工 | 技工 | 水电工 | 水管工 | 水管工人 | 电工 | 较浅肤色
👩🏼‍🔧	woman mechanic: medium-light skin tone	女技工: 中等-浅肤色	woman mechanic medium light skin tone | 女技工 中等 浅肤色 | electrician | mechanic | medium light skin tone | plumber | tradesperson | woman | 中等 浅肤色 | 修理工 | 女 | 女技工 | 技工 | 水电工 | 水管工 | 水管工人 | 电工
👩🏽‍🔧	woman mechanic: medium skin tone	女技工: 中等肤色	woman mechanic medium skin tone | 女技工 中等肤色 | electrician | mechanic | medium skin tone | plumber | tradesperson | woman | 中等肤色 | 修理工 | 女 | 女技工 | 技工 | 水电工 | 水管工 | 水管工人 | 电工
👩🏾‍🔧	woman mechanic: medium-dark skin tone	女技工: 中等-深肤色	woman mechanic medium dark skin tone | 女技工 中等 深肤色 | electrician | mechanic | medium dark skin tone | plumber | tradesperson | woman | 中等 深肤色 | 修理工 | 女 | 女技工 | 技工 | 水电工 | 水管工 | 水管工人 | 电工
👩🏿‍🔧	woman mechanic: dark skin tone	女技工: 较深肤色	woman mechanic dark skin tone | 女技工 较深肤色 | dark skin tone | electrician | mechanic | plumber | tradesperson | woman | 修理工 | 女 | 女技工 | 技工 | 水电工 | 水管工 | 水管工人 | 电工 | 较深肤色
🧑‍🏭	factory worker	工人	factory worker | 工人 | assembly | factory | industrial | worker | 工业 | 工厂 | 装配
🧑🏻‍🏭	factory worker: light skin tone	工人: 较浅肤色	factory worker light skin tone | 工人 较浅肤色 | assembly | factory | industrial | light skin tone | worker | 工业 | 工人 | 工厂 | 装配 | 较浅肤色
🧑🏼‍🏭	factory worker: medium-light skin tone	工人: 中等-浅肤色	factory worker medium light skin tone | 工人 中等 浅肤色 | assembly | factory | industrial | medium light skin tone | worker | 中等 浅肤色 | 工业 | 工人 | 工厂 | 装配
🧑🏽‍🏭	factory worker: medium skin tone	工人: 中等肤色	factory worker medium skin tone | 工人 中等肤色 | assembly | factory | industrial | medium skin tone | worker | 中等肤色 | 工业 | 工人 | 工厂 | 装配
🧑🏾‍🏭	factory worker: medium-dark skin tone	工人: 中等-深肤色	factory worker medium dark skin tone | 工人 中等 深肤色 | assembly | factory | industrial | medium dark skin tone | worker | 中等 深肤色 | 工业 | 工人 | 工厂 | 装配
🧑🏿‍🏭	factory worker: dark skin tone	工人: 较深肤色	factory worker dark skin tone | 工人 较深肤色 | assembly | dark skin tone | factory | industrial | worker | 工业 | 工人 | 工厂 | 装配 | 较深肤色
👨‍🏭	man factory worker	男工人	man factory worker | 男工人 | assembly | factory | industrial | man | worker | 工业 | 工人 | 工厂 | 男 | 组装工 | 装配
👨🏻‍🏭	man factory worker: light skin tone	男工人: 较浅肤色	man factory worker light skin tone | 男工人 较浅肤色 | assembly | factory | industrial | light skin tone | man | worker | 工业 | 工人 | 工厂 | 男 | 男工人 | 组装工 | 装配 | 较浅肤色
👨🏼‍🏭	man factory worker: medium-light skin tone	男工人: 中等-浅肤色	man factory worker medium light skin tone | 男工人 中等 浅肤色 | assembly | factory | industrial | man | medium light skin tone | worker | 中等 浅肤色 | 工业 | 工人 | 工厂 | 男 | 男工人 | 组装工 | 装配
👨🏽‍🏭	man factory worker: medium skin tone	男工人: 中等肤色	man factory worker medium skin tone | 男工人 中等肤色 | assembly | factory | industrial | man | medium skin tone | worker | 中等肤色 | 工业 | 工人 | 工厂 | 男 | 男工人 | 组装工 | 装配
👨🏾‍🏭	man factory worker: medium-dark skin tone	男工人: 中等-深肤色	man factory worker medium dark skin tone | 男工人 中等 深肤色 | assembly | factory | industrial | man | medium dark skin tone | worker | 中等 深肤色 | 工业 | 工人 | 工厂 | 男 | 男工人 | 组装工 | 装配
👨🏿‍🏭	man factory worker: dark skin tone	男工人: 较深肤色	man factory worker dark skin tone | 男工人 较深肤色 | assembly | dark skin tone | factory | industrial | man | worker | 工业 | 工人 | 工厂 | 男 | 男工人 | 组装工 | 装配 | 较深肤色
👩‍🏭	woman factory worker	女工人	woman factory worker | 女工人 | assembly | factory | industrial | woman | worker | 女 | 工业 | 工人 | 工厂 | 装配
👩🏻‍🏭	woman factory worker: light skin tone	女工人: 较浅肤色	woman factory worker light skin tone | 女工人 较浅肤色 | assembly | factory | industrial | light skin tone | woman | worker | 女 | 女工人 | 工业 | 工人 | 工厂 | 装配 | 较浅肤色
👩🏼‍🏭	woman factory worker: medium-light skin tone	女工人: 中等-浅肤色	woman factory worker medium light skin tone | 女工人 中等 浅肤色 | assembly | factory | industrial | medium light skin tone | woman | worker | 中等 浅肤色 | 女 | 女工人 | 工业 | 工人 | 工厂 | 装配
👩🏽‍🏭	woman factory worker: medium skin tone	女工人: 中等肤色	woman factory worker medium skin tone | 女工人 中等肤色 | assembly | factory | industrial | medium skin tone | woman | worker | 中等肤色 | 女 | 女工人 | 工业 | 工人 | 工厂 | 装配
👩🏾‍🏭	woman factory worker: medium-dark skin tone	女工人: 中等-深肤色	woman factory worker medium dark skin tone | 女工人 中等 深肤色 | assembly | factory | industrial | medium dark skin tone | woman | worker | 中等 深肤色 | 女 | 女工人 | 工业 | 工人 | 工厂 | 装配
👩🏿‍🏭	woman factory worker: dark skin tone	女工人: 较深肤色	woman factory worker dark skin tone | 女工人 较深肤色 | assembly | dark skin tone | factory | industrial | woman | worker | 女 | 女工人 | 工业 | 工人 | 工厂 | 装配 | 较深肤色
🧑‍💼	office worker	白领	office worker | 白领 | architect | business | manager | office | white collar | worker | 商人 | 建筑师 | 经理
🧑🏻‍💼	office worker: light skin tone	白领: 较浅肤色	office worker light skin tone | 白领 较浅肤色 | architect | business | light skin tone | manager | office | white collar | worker | 商人 | 建筑师 | 白领 | 经理 | 较浅肤色
🧑🏼‍💼	office worker: medium-light skin tone	白领: 中等-浅肤色	office worker medium light skin tone | 白领 中等 浅肤色 | architect | business | manager | medium light skin tone | office | white collar | worker | 中等 浅肤色 | 商人 | 建筑师 | 白领 | 经理
🧑🏽‍💼	office worker: medium skin tone	白领: 中等肤色	office worker medium skin tone | 白领 中等肤色 | architect | business | manager | medium skin tone | office | white collar | worker | 中等肤色 | 商人 | 建筑师 | 白领 | 经理
🧑🏾‍💼	office worker: medium-dark skin tone	白领: 中等-深肤色	office worker medium dark skin tone | 白领 中等 深肤色 | architect | business | manager | medium dark skin tone | office | white collar | worker | 中等 深肤色 | 商人 | 建筑师 | 白领 | 经理
🧑🏿‍💼	office worker: dark skin tone	白领: 较深肤色	office worker dark skin tone | 白领 较深肤色 | architect | business | dark skin tone | manager | office | white collar | worker | 商人 | 建筑师 | 白领 | 经理 | 较深肤色
👨‍💼	man office worker	男白领	man office worker | 男白领 | architect | business | man | manager | office | white collar | worker | 商人 | 建筑师 | 男 | 白领 | 经理
👨🏻‍💼	man office worker: light skin tone	男白领: 较浅肤色	man office worker light skin tone | 男白领 较浅肤色 | architect | business | light skin tone | man | manager | office | white collar | worker | 商人 | 建筑师 | 男 | 男白领 | 白领 | 经理 | 较浅肤色
👨🏼‍💼	man office worker: medium-light skin tone	男白领: 中等-浅肤色	man office worker medium light skin tone | 男白领 中等 浅肤色 | architect | business | man | manager | medium light skin tone | office | white collar | worker | 中等 浅肤色 | 商人 | 建筑师 | 男 | 男白领 | 白领 | 经理
👨🏽‍💼	man office worker: medium skin tone	男白领: 中等肤色	man office worker medium skin tone | 男白领 中等肤色 | architect | business | man | manager | medium skin tone | office | white collar | worker | 中等肤色 | 商人 | 建筑师 | 男 | 男白领 | 白领 | 经理
👨🏾‍💼	man office worker: medium-dark skin tone	男白领: 中等-深肤色	man office worker medium dark skin tone | 男白领 中等 深肤色 | architect | business | man | manager | medium dark skin tone | office | white collar | worker | 中等 深肤色 | 商人 | 建筑师 | 男 | 男白领 | 白领 | 经理
👨🏿‍💼	man office worker: dark skin tone	男白领: 较深肤色	man office worker dark skin tone | 男白领 较深肤色 | architect | business | dark skin tone | man | manager | office | white collar | worker | 商人 | 建筑师 | 男 | 男白领 | 白领 | 经理 | 较深肤色
👩‍💼	woman office worker	女白领	woman office worker | 女白领 | architect | business | manager | office | white collar | woman | worker | 人物 | 商人 | 女 | 建筑师 | 白领 | 经理
👩🏻‍💼	woman office worker: light skin tone	女白领: 较浅肤色	woman office worker light skin tone | 女白领 较浅肤色 | architect | business | light skin tone | manager | office | white collar | woman | worker | 人物 | 商人 | 女 | 女白领 | 建筑师 | 白领 | 经理 | 较浅肤色
👩🏼‍💼	woman office worker: medium-light skin tone	女白领: 中等-浅肤色	woman office worker medium light skin tone | 女白领 中等 浅肤色 | architect | business | manager | medium light skin tone | office | white collar | woman | worker | 中等 浅肤色 | 人物 | 商人 | 女 | 女白领 | 建筑师 | 白领 | 经理
👩🏽‍💼	woman office worker: medium skin tone	女白领: 中等肤色	woman office worker medium skin tone | 女白领 中等肤色 | architect | business | manager | medium skin tone | office | white collar | woman | worker | 中等肤色 | 人物 | 商人 | 女 | 女白领 | 建筑师 | 白领 | 经理
👩🏾‍💼	woman office worker: medium-dark skin tone	女白领: 中等-深肤色	woman office worker medium dark skin tone | 女白领 中等 深肤色 | architect | business | manager | medium dark skin tone | office | white collar | woman | worker | 中等 深肤色 | 人物 | 商人 | 女 | 女白领 | 建筑师 | 白领 | 经理
👩🏿‍💼	woman office worker: dark skin tone	女白领: 较深肤色	woman office worker dark skin tone | 女白领 较深肤色 | architect | business | dark skin tone | manager | office | white collar | woman | worker | 人物 | 商人 | 女 | 女白领 | 建筑师 | 白领 | 经理 | 较深肤色
🧑‍🔬	scientist	科学家	scientist | 科学家 | biologist | chemist | engineer | mathematician | physicist | 化学家 | 工程学家 | 物理学家 | 生物学家
🧑🏻‍🔬	scientist: light skin tone	科学家: 较浅肤色	scientist light skin tone | 科学家 较浅肤色 | biologist | chemist | engineer | light skin tone | mathematician | physicist | scientist | 化学家 | 工程学家 | 物理学家 | 生物学家 | 科学家 | 较浅肤色
🧑🏼‍🔬	scientist: medium-light skin tone	科学家: 中等-浅肤色	scientist medium light skin tone | 科学家 中等 浅肤色 | biologist | chemist | engineer | mathematician | medium light skin tone | physicist | scientist | 中等 浅肤色 | 化学家 | 工程学家 | 物理学家 | 生物学家 | 科学家
🧑🏽‍🔬	scientist: medium skin tone	科学家: 中等肤色	scientist medium skin tone | 科学家 中等肤色 | biologist | chemist | engineer | mathematician | medium skin tone | physicist | scientist | 中等肤色 | 化学家 | 工程学家 | 物理学家 | 生物学家 | 科学家
🧑🏾‍🔬	scientist: medium-dark skin tone	科学家: 中等-深肤色	scientist medium dark skin tone | 科学家 中等 深肤色 | biologist | chemist | engineer | mathematician | medium dark skin tone | physicist | scientist | 中等 深肤色 | 化学家 | 工程学家 | 物理学家 | 生物学家 | 科学家
🧑🏿‍🔬	scientist: dark skin tone	科学家: 较深肤色	scientist dark skin tone | 科学家 较深肤色 | biologist | chemist | dark skin tone | engineer | mathematician | physicist | scientist | 化学家 | 工程学家 | 物理学家 | 生物学家 | 科学家 | 较深肤色
👨‍🔬	man scientist	男科学家	man scientist | 男科学家 | biologist | chemist | engineer | man | mathematician | physicist | scientist | 化学家 | 工程学家 | 工程师 | 数学家 | 物理学家 | 生物学家 | 男 | 科学家
👨🏻‍🔬	man scientist: light skin tone	男科学家: 较浅肤色	man scientist light skin tone | 男科学家 较浅肤色 | biologist | chemist | engineer | light skin tone | man | mathematician | physicist | scientist | 化学家 | 工程学家 | 工程师 | 数学家 | 物理学家 | 生物学家 | 男 | 男科学家 | 科学家 | 较浅肤色
👨🏼‍🔬	man scientist: medium-light skin tone	男科学家: 中等-浅肤色	man scientist medium light skin tone | 男科学家 中等 浅肤色 | biologist | chemist | engineer | man | mathematician | medium light skin tone | physicist | scientist | 中等 浅肤色 | 化学家 | 工程学家 | 工程师 | 数学家 | 物理学家 | 生物学家 | 男 | 男科学家 | 科学家
👨🏽‍🔬	man scientist: medium skin tone	男科学家: 中等肤色	man scientist medium skin tone | 男科学家 中等肤色 | biologist | chemist | engineer | man | mathematician | medium skin tone | physicist | scientist | 中等肤色 | 化学家 | 工程学家 | 工程师 | 数学家 | 物理学家 | 生物学家 | 男 | 男科学家 | 科学家
👨🏾‍🔬	man scientist: medium-dark skin tone	男科学家: 中等-深肤色	man scientist medium dark skin tone | 男科学家 中等 深肤色 | biologist | chemist | engineer | man | mathematician | medium dark skin tone | physicist | scientist | 中等 深肤色 | 化学家 | 工程学家 | 工程师 | 数学家 | 物理学家 | 生物学家 | 男 | 男科学家 | 科学家
👨🏿‍🔬	man scientist: dark skin tone	男科学家: 较深肤色	man scientist dark skin tone | 男科学家 较深肤色 | biologist | chemist | dark skin tone | engineer | man | mathematician | physicist | scientist | 化学家 | 工程学家 | 工程师 | 数学家 | 物理学家 | 生物学家 | 男 | 男科学家 | 科学家 | 较深肤色
👩‍🔬	woman scientist	女科学家	woman scientist | 女科学家 | biologist | chemist | engineer | mathematician | physicist | scientist | woman | 化学家 | 女 | 工程学家 | 工程师 | 数学家 | 物理学家 | 生物学家 | 科学家
👩🏻‍🔬	woman scientist: light skin tone	女科学家: 较浅肤色	woman scientist light skin tone | 女科学家 较浅肤色 | biologist | chemist | engineer | light skin tone | mathematician | physicist | scientist | woman | 化学家 | 女 | 女科学家 | 工程学家 | 工程师 | 数学家 | 物理学家 | 生物学家 | 科学家 | 较浅肤色
👩🏼‍🔬	woman scientist: medium-light skin tone	女科学家: 中等-浅肤色	woman scientist medium light skin tone | 女科学家 中等 浅肤色 | biologist | chemist | engineer | mathematician | medium light skin tone | physicist | scientist | woman | 中等 浅肤色 | 化学家 | 女 | 女科学家 | 工程学家 | 工程师 | 数学家 | 物理学家 | 生物学家 | 科学家
👩🏽‍🔬	woman scientist: medium skin tone	女科学家: 中等肤色	woman scientist medium skin tone | 女科学家 中等肤色 | biologist | chemist | engineer | mathematician | medium skin tone | physicist | scientist | woman | 中等肤色 | 化学家 | 女 | 女科学家 | 工程学家 | 工程师 | 数学家 | 物理学家 | 生物学家 | 科学家
👩🏾‍🔬	woman scientist: medium-dark skin tone	女科学家: 中等-深肤色	woman scientist medium dark skin tone | 女科学家 中等 深肤色 | biologist | chemist | engineer | mathematician | medium dark skin tone | physicist | scientist | woman | 中等 深肤色 | 化学家 | 女 | 女科学家 | 工程学家 | 工程师 | 数学家 | 物理学家 | 生物学家 | 科学家
👩🏿‍🔬	woman scientist: dark skin tone	女科学家: 较深肤色	woman scientist dark skin tone | 女科学家 较深肤色 | biologist | chemist | dark skin tone | engineer | mathematician | physicist | scientist | woman | 化学家 | 女 | 女科学家 | 工程学家 | 工程师 | 数学家 | 物理学家 | 生物学家 | 科学家 | 较深肤色
🧑‍💻	technologist	程序员	technologist | 程序员 | coder | computer | developer | inventor | software | 发明 | 开发人员 | 码农 | 软件
🧑🏻‍💻	technologist: light skin tone	程序员: 较浅肤色	technologist light skin tone | 程序员 较浅肤色 | coder | computer | developer | inventor | light skin tone | software | technologist | 发明 | 开发人员 | 码农 | 程序员 | 软件 | 较浅肤色
🧑🏼‍💻	technologist: medium-light skin tone	程序员: 中等-浅肤色	technologist medium light skin tone | 程序员 中等 浅肤色 | coder | computer | developer | inventor | medium light skin tone | software | technologist | 中等 浅肤色 | 发明 | 开发人员 | 码农 | 程序员 | 软件
🧑🏽‍💻	technologist: medium skin tone	程序员: 中等肤色	technologist medium skin tone | 程序员 中等肤色 | coder | computer | developer | inventor | medium skin tone | software | technologist | 中等肤色 | 发明 | 开发人员 | 码农 | 程序员 | 软件
🧑🏾‍💻	technologist: medium-dark skin tone	程序员: 中等-深肤色	technologist medium dark skin tone | 程序员 中等 深肤色 | coder | computer | developer | inventor | medium dark skin tone | software | technologist | 中等 深肤色 | 发明 | 开发人员 | 码农 | 程序员 | 软件
🧑🏿‍💻	technologist: dark skin tone	程序员: 较深肤色	technologist dark skin tone | 程序员 较深肤色 | coder | computer | dark skin tone | developer | inventor | software | technologist | 发明 | 开发人员 | 码农 | 程序员 | 软件 | 较深肤色
👨‍💻	man technologist	男程序员	man technologist | 男程序员 | coder | computer | developer | inventor | man | software | technologist | 发明家 | 工程师 | 开发人员 | 男 | 码农 | 程序员 | 软件
👨🏻‍💻	man technologist: light skin tone	男程序员: 较浅肤色	man technologist light skin tone | 男程序员 较浅肤色 | coder | computer | developer | inventor | light skin tone | man | software | technologist | 发明家 | 工程师 | 开发人员 | 男 | 男程序员 | 码农 | 程序员 | 软件 | 较浅肤色
👨🏼‍💻	man technologist: medium-light skin tone	男程序员: 中等-浅肤色	man technologist medium light skin tone | 男程序员 中等 浅肤色 | coder | computer | developer | inventor | man | medium light skin tone | software | technologist | 中等 浅肤色 | 发明家 | 工程师 | 开发人员 | 男 | 男程序员 | 码农 | 程序员 | 软件
👨🏽‍💻	man technologist: medium skin tone	男程序员: 中等肤色	man technologist medium skin tone | 男程序员 中等肤色 | coder | computer | developer | inventor | man | medium skin tone | software | technologist | 中等肤色 | 发明家 | 工程师 | 开发人员 | 男 | 男程序员 | 码农 | 程序员 | 软件
👨🏾‍💻	man technologist: medium-dark skin tone	男程序员: 中等-深肤色	man technologist medium dark skin tone | 男程序员 中等 深肤色 | coder | computer | developer | inventor | man | medium dark skin tone | software | technologist | 中等 深肤色 | 发明家 | 工程师 | 开发人员 | 男 | 男程序员 | 码农 | 程序员 | 软件
👨🏿‍💻	man technologist: dark skin tone	男程序员: 较深肤色	man technologist dark skin tone | 男程序员 较深肤色 | coder | computer | dark skin tone | developer | inventor | man | software | technologist | 发明家 | 工程师 | 开发人员 | 男 | 男程序员 | 码农 | 程序员 | 软件 | 较深肤色
👩‍💻	woman technologist	女程序员	woman technologist | 女程序员 | coder | computer | developer | inventor | software | technologist | woman | 发明家 | 女 | 工程师 | 开发人员 | 码农 | 程序员 | 软件
👩🏻‍💻	woman technologist: light skin tone	女程序员: 较浅肤色	woman technologist light skin tone | 女程序员 较浅肤色 | coder | computer | developer | inventor | light skin tone | software | technologist | woman | 发明家 | 女 | 女程序员 | 工程师 | 开发人员 | 码农 | 程序员 | 软件 | 较浅肤色
👩🏼‍💻	woman technologist: medium-light skin tone	女程序员: 中等-浅肤色	woman technologist medium light skin tone | 女程序员 中等 浅肤色 | coder | computer | developer | inventor | medium light skin tone | software | technologist | woman | 中等 浅肤色 | 发明家 | 女 | 女程序员 | 工程师 | 开发人员 | 码农 | 程序员 | 软件
👩🏽‍💻	woman technologist: medium skin tone	女程序员: 中等肤色	woman technologist medium skin tone | 女程序员 中等肤色 | coder | computer | developer | inventor | medium skin tone | software | technologist | woman | 中等肤色 | 发明家 | 女 | 女程序员 | 工程师 | 开发人员 | 码农 | 程序员 | 软件
👩🏾‍💻	woman technologist: medium-dark skin tone	女程序员: 中等-深肤色	woman technologist medium dark skin tone | 女程序员 中等 深肤色 | coder | computer | developer | inventor | medium dark skin tone | software | technologist | woman | 中等 深肤色 | 发明家 | 女 | 女程序员 | 工程师 | 开发人员 | 码农 | 程序员 | 软件
👩🏿‍💻	woman technologist: dark skin tone	女程序员: 较深肤色	woman technologist dark skin tone | 女程序员 较深肤色 | coder | computer | dark skin tone | developer | inventor | software | technologist | woman | 发明家 | 女 | 女程序员 | 工程师 | 开发人员 | 码农 | 程序员 | 软件 | 较深肤色
🧑‍🎤	singer	歌手	singer | 歌手 | actor | entertainer | rock | rockstar | star | 摇滚歌手 | 明星 | 演员 | 艺人
🧑🏻‍🎤	singer: light skin tone	歌手: 较浅肤色	singer light skin tone | 歌手 较浅肤色 | actor | entertainer | light skin tone | rock | rockstar | singer | star | 摇滚歌手 | 明星 | 歌手 | 演员 | 艺人 | 较浅肤色
🧑🏼‍🎤	singer: medium-light skin tone	歌手: 中等-浅肤色	singer medium light skin tone | 歌手 中等 浅肤色 | actor | entertainer | medium light skin tone | rock | rockstar | singer | star | 中等 浅肤色 | 摇滚歌手 | 明星 | 歌手 | 演员 | 艺人
🧑🏽‍🎤	singer: medium skin tone	歌手: 中等肤色	singer medium skin tone | 歌手 中等肤色 | actor | entertainer | medium skin tone | rock | rockstar | singer | star | 中等肤色 | 摇滚歌手 | 明星 | 歌手 | 演员 | 艺人
🧑🏾‍🎤	singer: medium-dark skin tone	歌手: 中等-深肤色	singer medium dark skin tone | 歌手 中等 深肤色 | actor | entertainer | medium dark skin tone | rock | rockstar | singer | star | 中等 深肤色 | 摇滚歌手 | 明星 | 歌手 | 演员 | 艺人
🧑🏿‍🎤	singer: dark skin tone	歌手: 较深肤色	singer dark skin tone | 歌手 较深肤色 | actor | dark skin tone | entertainer | rock | rockstar | singer | star | 摇滚歌手 | 明星 | 歌手 | 演员 | 艺人 | 较深肤色
👨‍🎤	man singer	男歌手	man singer | 男歌手 | actor | entertainer | man | rock | rockstar | singer | star | 摇滚歌手 | 明星 | 歌手 | 男 | 男演员 | 艺人
👨🏻‍🎤	man singer: light skin tone	男歌手: 较浅肤色	man singer light skin tone | 男歌手 较浅肤色 | actor | entertainer | light skin tone | man | rock | rockstar | singer | star | 摇滚歌手 | 明星 | 歌手 | 男 | 男歌手 | 男演员 | 艺人 | 较浅肤色
👨🏼‍🎤	man singer: medium-light skin tone	男歌手: 中等-浅肤色	man singer medium light skin tone | 男歌手 中等 浅肤色 | actor | entertainer | man | medium light skin tone | rock | rockstar | singer | star | 中等 浅肤色 | 摇滚歌手 | 明星 | 歌手 | 男 | 男歌手 | 男演员 | 艺人
👨🏽‍🎤	man singer: medium skin tone	男歌手: 中等肤色	man singer medium skin tone | 男歌手 中等肤色 | actor | entertainer | man | medium skin tone | rock | rockstar | singer | star | 中等肤色 | 摇滚歌手 | 明星 | 歌手 | 男 | 男歌手 | 男演员 | 艺人
👨🏾‍🎤	man singer: medium-dark skin tone	男歌手: 中等-深肤色	man singer medium dark skin tone | 男歌手 中等 深肤色 | actor | entertainer | man | medium dark skin tone | rock | rockstar | singer | star | 中等 深肤色 | 摇滚歌手 | 明星 | 歌手 | 男 | 男歌手 | 男演员 | 艺人
👨🏿‍🎤	man singer: dark skin tone	男歌手: 较深肤色	man singer dark skin tone | 男歌手 较深肤色 | actor | dark skin tone | entertainer | man | rock | rockstar | singer | star | 摇滚歌手 | 明星 | 歌手 | 男 | 男歌手 | 男演员 | 艺人 | 较深肤色
👩‍🎤	woman singer	女歌手	woman singer | 女歌手 | actor | entertainer | rock | rockstar | singer | star | woman | 女 | 摇滚歌手 | 明星 | 歌手 | 演员 | 艺人
👩🏻‍🎤	woman singer: light skin tone	女歌手: 较浅肤色	woman singer light skin tone | 女歌手 较浅肤色 | actor | entertainer | light skin tone | rock | rockstar | singer | star | woman | 女 | 女歌手 | 摇滚歌手 | 明星 | 歌手 | 演员 | 艺人 | 较浅肤色
👩🏼‍🎤	woman singer: medium-light skin tone	女歌手: 中等-浅肤色	woman singer medium light skin tone | 女歌手 中等 浅肤色 | actor | entertainer | medium light skin tone | rock | rockstar | singer | star | woman | 中等 浅肤色 | 女 | 女歌手 | 摇滚歌手 | 明星 | 歌手 | 演员 | 艺人
👩🏽‍🎤	woman singer: medium skin tone	女歌手: 中等肤色	woman singer medium skin tone | 女歌手 中等肤色 | actor | entertainer | medium skin tone | rock | rockstar | singer | star | woman | 中等肤色 | 女 | 女歌手 | 摇滚歌手 | 明星 | 歌手 | 演员 | 艺人
👩🏾‍🎤	woman singer: medium-dark skin tone	女歌手: 中等-深肤色	woman singer medium dark skin tone | 女歌手 中等 深肤色 | actor | entertainer | medium dark skin tone | rock | rockstar | singer | star | woman | 中等 深肤色 | 女 | 女歌手 | 摇滚歌手 | 明星 | 歌手 | 演员 | 艺人
👩🏿‍🎤	woman singer: dark skin tone	女歌手: 较深肤色	woman singer dark skin tone | 女歌手 较深肤色 | actor | dark skin tone | entertainer | rock | rockstar | singer | star | woman | 女 | 女歌手 | 摇滚歌手 | 明星 | 歌手 | 演员 | 艺人 | 较深肤色
🧑‍🎨	artist	艺术家	artist | 艺术家 | palette | 画家
🧑🏻‍🎨	artist: light skin tone	艺术家: 较浅肤色	artist light skin tone | 艺术家 较浅肤色 | artist | light skin tone | palette | 画家 | 艺术家 | 较浅肤色
🧑🏼‍🎨	artist: medium-light skin tone	艺术家: 中等-浅肤色	artist medium light skin tone | 艺术家 中等 浅肤色 | artist | medium light skin tone | palette | 中等 浅肤色 | 画家 | 艺术家
🧑🏽‍🎨	artist: medium skin tone	艺术家: 中等肤色	artist medium skin tone | 艺术家 中等肤色 | artist | medium skin tone | palette | 中等肤色 | 画家 | 艺术家
🧑🏾‍🎨	artist: medium-dark skin tone	艺术家: 中等-深肤色	artist medium dark skin tone | 艺术家 中等 深肤色 | artist | medium dark skin tone | palette | 中等 深肤色 | 画家 | 艺术家
🧑🏿‍🎨	artist: dark skin tone	艺术家: 较深肤色	artist dark skin tone | 艺术家 较深肤色 | artist | dark skin tone | palette | 画家 | 艺术家 | 较深肤色
👨‍🎨	man artist	男艺术家	man artist | 男艺术家 | artist | man | palette | 男 | 画家 | 艺术
👨🏻‍🎨	man artist: light skin tone	男艺术家: 较浅肤色	man artist light skin tone | 男艺术家 较浅肤色 | artist | light skin tone | man | palette | 男 | 男艺术家 | 画家 | 艺术 | 较浅肤色
👨🏼‍🎨	man artist: medium-light skin tone	男艺术家: 中等-浅肤色	man artist medium light skin tone | 男艺术家 中等 浅肤色 | artist | man | medium light skin tone | palette | 中等 浅肤色 | 男 | 男艺术家 | 画家 | 艺术
👨🏽‍🎨	man artist: medium skin tone	男艺术家: 中等肤色	man artist medium skin tone | 男艺术家 中等肤色 | artist | man | medium skin tone | palette | 中等肤色 | 男 | 男艺术家 | 画家 | 艺术
👨🏾‍🎨	man artist: medium-dark skin tone	男艺术家: 中等-深肤色	man artist medium dark skin tone | 男艺术家 中等 深肤色 | artist | man | medium dark skin tone | palette | 中等 深肤色 | 男 | 男艺术家 | 画家 | 艺术
👨🏿‍🎨	man artist: dark skin tone	男艺术家: 较深肤色	man artist dark skin tone | 男艺术家 较深肤色 | artist | dark skin tone | man | palette | 男 | 男艺术家 | 画家 | 艺术 | 较深肤色
👩‍🎨	woman artist	女艺术家	woman artist | 女艺术家 | artist | palette | woman | 女 | 画家 | 艺术
👩🏻‍🎨	woman artist: light skin tone	女艺术家: 较浅肤色	woman artist light skin tone | 女艺术家 较浅肤色 | artist | light skin tone | palette | woman | 女 | 女艺术家 | 画家 | 艺术 | 较浅肤色
👩🏼‍🎨	woman artist: medium-light skin tone	女艺术家: 中等-浅肤色	woman artist medium light skin tone | 女艺术家 中等 浅肤色 | artist | medium light skin tone | palette | woman | 中等 浅肤色 | 女 | 女艺术家 | 画家 | 艺术
👩🏽‍🎨	woman artist: medium skin tone	女艺术家: 中等肤色	woman artist medium skin tone | 女艺术家 中等肤色 | artist | medium skin tone | palette | woman | 中等肤色 | 女 | 女艺术家 | 画家 | 艺术
👩🏾‍🎨	woman artist: medium-dark skin tone	女艺术家: 中等-深肤色	woman artist medium dark skin tone | 女艺术家 中等 深肤色 | artist | medium dark skin tone | palette | woman | 中等 深肤色 | 女 | 女艺术家 | 画家 | 艺术
👩🏿‍🎨	woman artist: dark skin tone	女艺术家: 较深肤色	woman artist dark skin tone | 女艺术家 较深肤色 | artist | dark skin tone | palette | woman | 女 | 女艺术家 | 画家 | 艺术 | 较深肤色
🧑‍✈️	pilot	飞行员	pilot | 飞行员 | plane | 飞机
🧑🏻‍✈️	pilot: light skin tone	飞行员: 较浅肤色	pilot light skin tone | 飞行员 较浅肤色 | light skin tone | pilot | plane | 较浅肤色 | 飞机 | 飞行员
🧑🏼‍✈️	pilot: medium-light skin tone	飞行员: 中等-浅肤色	pilot medium light skin tone | 飞行员 中等 浅肤色 | medium light skin tone | pilot | plane | 中等 浅肤色 | 飞机 | 飞行员
🧑🏽‍✈️	pilot: medium skin tone	飞行员: 中等肤色	pilot medium skin tone | 飞行员 中等肤色 | medium skin tone | pilot | plane | 中等肤色 | 飞机 | 飞行员
🧑🏾‍✈️	pilot: medium-dark skin tone	飞行员: 中等-深肤色	pilot medium dark skin tone | 飞行员 中等 深肤色 | medium dark skin tone | pilot | plane | 中等 深肤色 | 飞机 | 飞行员
🧑🏿‍✈️	pilot: dark skin tone	飞行员: 较深肤色	pilot dark skin tone | 飞行员 较深肤色 | dark skin tone | pilot | plane | 较深肤色 | 飞机 | 飞行员
👨‍✈️	man pilot	男飞行员	man pilot | 男飞行员 | man | pilot | plane | 机长 | 男 | 飞机 | 飞行员
👨🏻‍✈️	man pilot: light skin tone	男飞行员: 较浅肤色	man pilot light skin tone | 男飞行员 较浅肤色 | light skin tone | man | pilot | plane | 机长 | 男 | 男飞行员 | 较浅肤色 | 飞机 | 飞行员
👨🏼‍✈️	man pilot: medium-light skin tone	男飞行员: 中等-浅肤色	man pilot medium light skin tone | 男飞行员 中等 浅肤色 | man | medium light skin tone | pilot | plane | 中等 浅肤色 | 机长 | 男 | 男飞行员 | 飞机 | 飞行员
👨🏽‍✈️	man pilot: medium skin tone	男飞行员: 中等肤色	man pilot medium skin tone | 男飞行员 中等肤色 | man | medium skin tone | pilot | plane | 中等肤色 | 机长 | 男 | 男飞行员 | 飞机 | 飞行员
👨🏾‍✈️	man pilot: medium-dark skin tone	男飞行员: 中等-深肤色	man pilot medium dark skin tone | 男飞行员 中等 深肤色 | man | medium dark skin tone | pilot | plane | 中等 深肤色 | 机长 | 男 | 男飞行员 | 飞机 | 飞行员
👨🏿‍✈️	man pilot: dark skin tone	男飞行员: 较深肤色	man pilot dark skin tone | 男飞行员 较深肤色 | dark skin tone | man | pilot | plane | 机长 | 男 | 男飞行员 | 较深肤色 | 飞机 | 飞行员
👩‍✈️	woman pilot	女飞行员	woman pilot | 女飞行员 | pilot | plane | woman | 女 | 机长 | 飞机 | 飞行员
👩🏻‍✈️	woman pilot: light skin tone	女飞行员: 较浅肤色	woman pilot light skin tone | 女飞行员 较浅肤色 | light skin tone | pilot | plane | woman | 女 | 女飞行员 | 机长 | 较浅肤色 | 飞机 | 飞行员
👩🏼‍✈️	woman pilot: medium-light skin tone	女飞行员: 中等-浅肤色	woman pilot medium light skin tone | 女飞行员 中等 浅肤色 | medium light skin tone | pilot | plane | woman | 中等 浅肤色 | 女 | 女飞行员 | 机长 | 飞机 | 飞行员
👩🏽‍✈️	woman pilot: medium skin tone	女飞行员: 中等肤色	woman pilot medium skin tone | 女飞行员 中等肤色 | medium skin tone | pilot | plane | woman | 中等肤色 | 女 | 女飞行员 | 机长 | 飞机 | 飞行员
👩🏾‍✈️	woman pilot: medium-dark skin tone	女飞行员: 中等-深肤色	woman pilot medium dark skin tone | 女飞行员 中等 深肤色 | medium dark skin tone | pilot | plane | woman | 中等 深肤色 | 女 | 女飞行员 | 机长 | 飞机 | 飞行员
👩🏿‍✈️	woman pilot: dark skin tone	女飞行员: 较深肤色	woman pilot dark skin tone | 女飞行员 较深肤色 | dark skin tone | pilot | plane | woman | 女 | 女飞行员 | 机长 | 较深肤色 | 飞机 | 飞行员
🧑‍🚀	astronaut	宇航员	astronaut | 宇航员 | rocket | space | 火箭
🧑🏻‍🚀	astronaut: light skin tone	宇航员: 较浅肤色	astronaut light skin tone | 宇航员 较浅肤色 | astronaut | light skin tone | rocket | space | 宇航员 | 火箭 | 较浅肤色
🧑🏼‍🚀	astronaut: medium-light skin tone	宇航员: 中等-浅肤色	astronaut medium light skin tone | 宇航员 中等 浅肤色 | astronaut | medium light skin tone | rocket | space | 中等 浅肤色 | 宇航员 | 火箭
🧑🏽‍🚀	astronaut: medium skin tone	宇航员: 中等肤色	astronaut medium skin tone | 宇航员 中等肤色 | astronaut | medium skin tone | rocket | space | 中等肤色 | 宇航员 | 火箭
🧑🏾‍🚀	astronaut: medium-dark skin tone	宇航员: 中等-深肤色	astronaut medium dark skin tone | 宇航员 中等 深肤色 | astronaut | medium dark skin tone | rocket | space | 中等 深肤色 | 宇航员 | 火箭
🧑🏿‍🚀	astronaut: dark skin tone	宇航员: 较深肤色	astronaut dark skin tone | 宇航员 较深肤色 | astronaut | dark skin tone | rocket | space | 宇航员 | 火箭 | 较深肤色
👨‍🚀	man astronaut	男宇航员	man astronaut | 男宇航员 | astronaut | man | rocket | space | 宇宙 | 宇航员 | 火箭 | 男 | 航天
👨🏻‍🚀	man astronaut: light skin tone	男宇航员: 较浅肤色	man astronaut light skin tone | 男宇航员 较浅肤色 | astronaut | light skin tone | man | rocket | space | 宇宙 | 宇航员 | 火箭 | 男 | 男宇航员 | 航天 | 较浅肤色
👨🏼‍🚀	man astronaut: medium-light skin tone	男宇航员: 中等-浅肤色	man astronaut medium light skin tone | 男宇航员 中等 浅肤色 | astronaut | man | medium light skin tone | rocket | space | 中等 浅肤色 | 宇宙 | 宇航员 | 火箭 | 男 | 男宇航员 | 航天
👨🏽‍🚀	man astronaut: medium skin tone	男宇航员: 中等肤色	man astronaut medium skin tone | 男宇航员 中等肤色 | astronaut | man | medium skin tone | rocket | space | 中等肤色 | 宇宙 | 宇航员 | 火箭 | 男 | 男宇航员 | 航天
👨🏾‍🚀	man astronaut: medium-dark skin tone	男宇航员: 中等-深肤色	man astronaut medium dark skin tone | 男宇航员 中等 深肤色 | astronaut | man | medium dark skin tone | rocket | space | 中等 深肤色 | 宇宙 | 宇航员 | 火箭 | 男 | 男宇航员 | 航天
👨🏿‍🚀	man astronaut: dark skin tone	男宇航员: 较深肤色	man astronaut dark skin tone | 男宇航员 较深肤色 | astronaut | dark skin tone | man | rocket | space | 宇宙 | 宇航员 | 火箭 | 男 | 男宇航员 | 航天 | 较深肤色
👩‍🚀	woman astronaut	女宇航员	woman astronaut | 女宇航员 | astronaut | rocket | space | woman | 女 | 宇宙 | 宇航员 | 火箭 | 航天
👩🏻‍🚀	woman astronaut: light skin tone	女宇航员: 较浅肤色	woman astronaut light skin tone | 女宇航员 较浅肤色 | astronaut | light skin tone | rocket | space | woman | 女 | 女宇航员 | 宇宙 | 宇航员 | 火箭 | 航天 | 较浅肤色
👩🏼‍🚀	woman astronaut: medium-light skin tone	女宇航员: 中等-浅肤色	woman astronaut medium light skin tone | 女宇航员 中等 浅肤色 | astronaut | medium light skin tone | rocket | space | woman | 中等 浅肤色 | 女 | 女宇航员 | 宇宙 | 宇航员 | 火箭 | 航天
👩🏽‍🚀	woman astronaut: medium skin tone	女宇航员: 中等肤色	woman astronaut medium skin tone | 女宇航员 中等肤色 | astronaut | medium skin tone | rocket | space | woman | 中等肤色 | 女 | 女宇航员 | 宇宙 | 宇航员 | 火箭 | 航天
👩🏾‍🚀	woman astronaut: medium-dark skin tone	女宇航员: 中等-深肤色	woman astronaut medium dark skin tone | 女宇航员 中等 深肤色 | astronaut | medium dark skin tone | rocket | space | woman | 中等 深肤色 | 女 | 女宇航员 | 宇宙 | 宇航员 | 火箭 | 航天
👩🏿‍🚀	woman astronaut: dark skin tone	女宇航员: 较深肤色	woman astronaut dark skin tone | 女宇航员 较深肤色 | astronaut | dark skin tone | rocket | space | woman | 女 | 女宇航员 | 宇宙 | 宇航员 | 火箭 | 航天 | 较深肤色
🧑‍🚒	firefighter	消防员	firefighter | 消防员 | fire | firetruck | 消防车
🧑🏻‍🚒	firefighter: light skin tone	消防员: 较浅肤色	firefighter light skin tone | 消防员 较浅肤色 | fire | firefighter | firetruck | light skin tone | 消防员 | 消防车 | 较浅肤色
🧑🏼‍🚒	firefighter: medium-light skin tone	消防员: 中等-浅肤色	firefighter medium light skin tone | 消防员 中等 浅肤色 | fire | firefighter | firetruck | medium light skin tone | 中等 浅肤色 | 消防员 | 消防车
🧑🏽‍🚒	firefighter: medium skin tone	消防员: 中等肤色	firefighter medium skin tone | 消防员 中等肤色 | fire | firefighter | firetruck | medium skin tone | 中等肤色 | 消防员 | 消防车
🧑🏾‍🚒	firefighter: medium-dark skin tone	消防员: 中等-深肤色	firefighter medium dark skin tone | 消防员 中等 深肤色 | fire | firefighter | firetruck | medium dark skin tone | 中等 深肤色 | 消防员 | 消防车
🧑🏿‍🚒	firefighter: dark skin tone	消防员: 较深肤色	firefighter dark skin tone | 消防员 较深肤色 | dark skin tone | fire | firefighter | firetruck | 消防员 | 消防车 | 较深肤色
👨‍🚒	man firefighter	男消防员	man firefighter | 男消防员 | fire | firefighter | firetruck | man | 救火 | 消防 | 消防员 | 消防车 | 男
👨🏻‍🚒	man firefighter: light skin tone	男消防员: 较浅肤色	man firefighter light skin tone | 男消防员 较浅肤色 | fire | firefighter | firetruck | light skin tone | man | 救火 | 消防 | 消防员 | 消防车 | 男 | 男消防员 | 较浅肤色
👨🏼‍🚒	man firefighter: medium-light skin tone	男消防员: 中等-浅肤色	man firefighter medium light skin tone | 男消防员 中等 浅肤色 | fire | firefighter | firetruck | man | medium light skin tone | 中等 浅肤色 | 救火 | 消防 | 消防员 | 消防车 | 男 | 男消防员
👨🏽‍🚒	man firefighter: medium skin tone	男消防员: 中等肤色	man firefighter medium skin tone | 男消防员 中等肤色 | fire | firefighter | firetruck | man | medium skin tone | 中等肤色 | 救火 | 消防 | 消防员 | 消防车 | 男 | 男消防员
👨🏾‍🚒	man firefighter: medium-dark skin tone	男消防员: 中等-深肤色	man firefighter medium dark skin tone | 男消防员 中等 深肤色 | fire | firefighter | firetruck | man | medium dark skin tone | 中等 深肤色 | 救火 | 消防 | 消防员 | 消防车 | 男 | 男消防员
👨🏿‍🚒	man firefighter: dark skin tone	男消防员: 较深肤色	man firefighter dark skin tone | 男消防员 较深肤色 | dark skin tone | fire | firefighter | firetruck | man | 救火 | 消防 | 消防员 | 消防车 | 男 | 男消防员 | 较深肤色
👩‍🚒	woman firefighter	女消防员	woman firefighter | 女消防员 | fire | firefighter | firetruck | woman | 女 | 救火 | 消防 | 消防员 | 消防车 | 火灾
👩🏻‍🚒	woman firefighter: light skin tone	女消防员: 较浅肤色	woman firefighter light skin tone | 女消防员 较浅肤色 | fire | firefighter | firetruck | light skin tone | woman | 女 | 女消防员 | 救火 | 消防 | 消防员 | 消防车 | 火灾 | 较浅肤色
👩🏼‍🚒	woman firefighter: medium-light skin tone	女消防员: 中等-浅肤色	woman firefighter medium light skin tone | 女消防员 中等 浅肤色 | fire | firefighter | firetruck | medium light skin tone | woman | 中等 浅肤色 | 女 | 女消防员 | 救火 | 消防 | 消防员 | 消防车 | 火灾
👩🏽‍🚒	woman firefighter: medium skin tone	女消防员: 中等肤色	woman firefighter medium skin tone | 女消防员 中等肤色 | fire | firefighter | firetruck | medium skin tone | woman | 中等肤色 | 女 | 女消防员 | 救火 | 消防 | 消防员 | 消防车 | 火灾
👩🏾‍🚒	woman firefighter: medium-dark skin tone	女消防员: 中等-深肤色	woman firefighter medium dark skin tone | 女消防员 中等 深肤色 | fire | firefighter | firetruck | medium dark skin tone | woman | 中等 深肤色 | 女 | 女消防员 | 救火 | 消防 | 消防员 | 消防车 | 火灾
👩🏿‍🚒	woman firefighter: dark skin tone	女消防员: 较深肤色	woman firefighter dark skin tone | 女消防员 较深肤色 | dark skin tone | fire | firefighter | firetruck | woman | 女 | 女消防员 | 救火 | 消防 | 消防员 | 消防车 | 火灾 | 较深肤色
👮	police officer	警察	police officer | 警察 | apprehend | arrest | citation | cop | law | officer | over | police | pulled | undercover | 交警 | 传唤 | 公安 | 卧底 | 武警 | 法警 | 警官 | 警方 | 逮捕
👮🏻	police officer: light skin tone	警察: 较浅肤色	police officer light skin tone | 警察 较浅肤色 | apprehend | arrest | citation | cop | law | light skin tone | officer | over | police | pulled | undercover | 交警 | 传唤 | 公安 | 卧底 | 武警 | 法警 | 警官 | 警察 | 警方 | 较浅肤色 | 逮捕
👮🏼	police officer: medium-light skin tone	警察: 中等-浅肤色	police officer medium light skin tone | 警察 中等 浅肤色 | apprehend | arrest | citation | cop | law | medium light skin tone | officer | over | police | pulled | undercover | 中等 浅肤色 | 交警 | 传唤 | 公安 | 卧底 | 武警 | 法警 | 警官 | 警察 | 警方 | 逮捕
👮🏽	police officer: medium skin tone	警察: 中等肤色	police officer medium skin tone | 警察 中等肤色 | apprehend | arrest | citation | cop | law | medium skin tone | officer | over | police | pulled | undercover | 中等肤色 | 交警 | 传唤 | 公安 | 卧底 | 武警 | 法警 | 警官 | 警察 | 警方 | 逮捕
👮🏾	police officer: medium-dark skin tone	警察: 中等-深肤色	police officer medium dark skin tone | 警察 中等 深肤色 | apprehend | arrest | citation | cop | law | medium dark skin tone | officer | over | police | pulled | undercover | 中等 深肤色 | 交警 | 传唤 | 公安 | 卧底 | 武警 | 法警 | 警官 | 警察 | 警方 | 逮捕
👮🏿	police officer: dark skin tone	警察: 较深肤色	police officer dark skin tone | 警察 较深肤色 | apprehend | arrest | citation | cop | dark skin tone | law | officer | over | police | pulled | undercover | 交警 | 传唤 | 公安 | 卧底 | 武警 | 法警 | 警官 | 警察 | 警方 | 较深肤色 | 逮捕
👮‍♂️	man police officer	男警察	man police officer | 男警察 | apprehend | arrest | citation | cop | law | man | officer | over | police | pulled | undercover | 男 | 警官 | 警察
👮🏻‍♂️	man police officer: light skin tone	男警察: 较浅肤色	man police officer light skin tone | 男警察 较浅肤色 | apprehend | arrest | citation | cop | law | light skin tone | man | officer | over | police | pulled | undercover | 男 | 男警察 | 警官 | 警察 | 较浅肤色
👮🏼‍♂️	man police officer: medium-light skin tone	男警察: 中等-浅肤色	man police officer medium light skin tone | 男警察 中等 浅肤色 | apprehend | arrest | citation | cop | law | man | medium light skin tone | officer | over | police | pulled | undercover | 中等 浅肤色 | 男 | 男警察 | 警官 | 警察
👮🏽‍♂️	man police officer: medium skin tone	男警察: 中等肤色	man police officer medium skin tone | 男警察 中等肤色 | apprehend | arrest | citation | cop | law | man | medium skin tone | officer | over | police | pulled | undercover | 中等肤色 | 男 | 男警察 | 警官 | 警察
👮🏾‍♂️	man police officer: medium-dark skin tone	男警察: 中等-深肤色	man police officer medium dark skin tone | 男警察 中等 深肤色 | apprehend | arrest | citation | cop | law | man | medium dark skin tone | officer | over | police | pulled | undercover | 中等 深肤色 | 男 | 男警察 | 警官 | 警察
👮🏿‍♂️	man police officer: dark skin tone	男警察: 较深肤色	man police officer dark skin tone | 男警察 较深肤色 | apprehend | arrest | citation | cop | dark skin tone | law | man | officer | over | police | pulled | undercover | 男 | 男警察 | 警官 | 警察 | 较深肤色
👮‍♀️	woman police officer	女警察	woman police officer | 女警察 | apprehend | arrest | citation | cop | law | officer | over | police | pulled | undercover | woman | 交警 | 公安 | 卧底 | 女 | 武警 | 法警 | 警官 | 警察 | 警方 | 逮捕
👮🏻‍♀️	woman police officer: light skin tone	女警察: 较浅肤色	woman police officer light skin tone | 女警察 较浅肤色 | apprehend | arrest | citation | cop | law | light skin tone | officer | over | police | pulled | undercover | woman | 交警 | 公安 | 卧底 | 女 | 女警察 | 武警 | 法警 | 警官 | 警察 | 警方 | 较浅肤色 | 逮捕
👮🏼‍♀️	woman police officer: medium-light skin tone	女警察: 中等-浅肤色	woman police officer medium light skin tone | 女警察 中等 浅肤色 | apprehend | arrest | citation | cop | law | medium light skin tone | officer | over | police | pulled | undercover | woman | 中等 浅肤色 | 交警 | 公安 | 卧底 | 女 | 女警察 | 武警 | 法警 | 警官 | 警察 | 警方 | 逮捕
👮🏽‍♀️	woman police officer: medium skin tone	女警察: 中等肤色	woman police officer medium skin tone | 女警察 中等肤色 | apprehend | arrest | citation | cop | law | medium skin tone | officer | over | police | pulled | undercover | woman | 中等肤色 | 交警 | 公安 | 卧底 | 女 | 女警察 | 武警 | 法警 | 警官 | 警察 | 警方 | 逮捕
👮🏾‍♀️	woman police officer: medium-dark skin tone	女警察: 中等-深肤色	woman police officer medium dark skin tone | 女警察 中等 深肤色 | apprehend | arrest | citation | cop | law | medium dark skin tone | officer | over | police | pulled | undercover | woman | 中等 深肤色 | 交警 | 公安 | 卧底 | 女 | 女警察 | 武警 | 法警 | 警官 | 警察 | 警方 | 逮捕
👮🏿‍♀️	woman police officer: dark skin tone	女警察: 较深肤色	woman police officer dark skin tone | 女警察 较深肤色 | apprehend | arrest | citation | cop | dark skin tone | law | officer | over | police | pulled | undercover | woman | 交警 | 公安 | 卧底 | 女 | 女警察 | 武警 | 法警 | 警官 | 警察 | 警方 | 较深肤色 | 逮捕
🕵️	detective	侦探	detective | 侦探 | sleuth | spy | 特工 | 男 | 间谍
🕵🏻	detective: light skin tone	侦探: 较浅肤色	detective light skin tone | 侦探 较浅肤色 | detective | light skin tone | sleuth | spy | 侦探 | 特工 | 男 | 较浅肤色 | 间谍
🕵🏼	detective: medium-light skin tone	侦探: 中等-浅肤色	detective medium light skin tone | 侦探 中等 浅肤色 | detective | medium light skin tone | sleuth | spy | 中等 浅肤色 | 侦探 | 特工 | 男 | 间谍
🕵🏽	detective: medium skin tone	侦探: 中等肤色	detective medium skin tone | 侦探 中等肤色 | detective | medium skin tone | sleuth | spy | 中等肤色 | 侦探 | 特工 | 男 | 间谍
🕵🏾	detective: medium-dark skin tone	侦探: 中等-深肤色	detective medium dark skin tone | 侦探 中等 深肤色 | detective | medium dark skin tone | sleuth | spy | 中等 深肤色 | 侦探 | 特工 | 男 | 间谍
🕵🏿	detective: dark skin tone	侦探: 较深肤色	detective dark skin tone | 侦探 较深肤色 | dark skin tone | detective | sleuth | spy | 侦探 | 特工 | 男 | 较深肤色 | 间谍
🕵️‍♂️	man detective	男侦探	man detective | 男侦探 | detective | man | sleuth | spy | 侦探 | 男 | 间谍
🕵🏻‍♂️	man detective: light skin tone	男侦探: 较浅肤色	man detective light skin tone | 男侦探 较浅肤色 | detective | light skin tone | man | sleuth | spy | 侦探 | 男 | 男侦探 | 较浅肤色 | 间谍
🕵🏼‍♂️	man detective: medium-light skin tone	男侦探: 中等-浅肤色	man detective medium light skin tone | 男侦探 中等 浅肤色 | detective | man | medium light skin tone | sleuth | spy | 中等 浅肤色 | 侦探 | 男 | 男侦探 | 间谍
🕵🏽‍♂️	man detective: medium skin tone	男侦探: 中等肤色	man detective medium skin tone | 男侦探 中等肤色 | detective | man | medium skin tone | sleuth | spy | 中等肤色 | 侦探 | 男 | 男侦探 | 间谍
🕵🏾‍♂️	man detective: medium-dark skin tone	男侦探: 中等-深肤色	man detective medium dark skin tone | 男侦探 中等 深肤色 | detective | man | medium dark skin tone | sleuth | spy | 中等 深肤色 | 侦探 | 男 | 男侦探 | 间谍
🕵🏿‍♂️	man detective: dark skin tone	男侦探: 较深肤色	man detective dark skin tone | 男侦探 较深肤色 | dark skin tone | detective | man | sleuth | spy | 侦探 | 男 | 男侦探 | 较深肤色 | 间谍
🕵️‍♀️	woman detective	女侦探	woman detective | 女侦探 | detective | sleuth | spy | woman | 侦探 | 女 | 特工 | 间谍
🕵🏻‍♀️	woman detective: light skin tone	女侦探: 较浅肤色	woman detective light skin tone | 女侦探 较浅肤色 | detective | light skin tone | sleuth | spy | woman | 侦探 | 女 | 女侦探 | 特工 | 较浅肤色 | 间谍
🕵🏼‍♀️	woman detective: medium-light skin tone	女侦探: 中等-浅肤色	woman detective medium light skin tone | 女侦探 中等 浅肤色 | detective | medium light skin tone | sleuth | spy | woman | 中等 浅肤色 | 侦探 | 女 | 女侦探 | 特工 | 间谍
🕵🏽‍♀️	woman detective: medium skin tone	女侦探: 中等肤色	woman detective medium skin tone | 女侦探 中等肤色 | detective | medium skin tone | sleuth | spy | woman | 中等肤色 | 侦探 | 女 | 女侦探 | 特工 | 间谍
🕵🏾‍♀️	woman detective: medium-dark skin tone	女侦探: 中等-深肤色	woman detective medium dark skin tone | 女侦探 中等 深肤色 | detective | medium dark skin tone | sleuth | spy | woman | 中等 深肤色 | 侦探 | 女 | 女侦探 | 特工 | 间谍
🕵🏿‍♀️	woman detective: dark skin tone	女侦探: 较深肤色	woman detective dark skin tone | 女侦探 较深肤色 | dark skin tone | detective | sleuth | spy | woman | 侦探 | 女 | 女侦探 | 特工 | 较深肤色 | 间谍
💂	guard	卫兵	guard | 卫兵 | buckingham | helmet | london | palace | 伦敦 | 卫士 | 守卫 | 白金汉宫
💂🏻	guard: light skin tone	卫兵: 较浅肤色	guard light skin tone | 卫兵 较浅肤色 | buckingham | guard | helmet | light skin tone | london | palace | 伦敦 | 卫兵 | 卫士 | 守卫 | 白金汉宫 | 较浅肤色
💂🏼	guard: medium-light skin tone	卫兵: 中等-浅肤色	guard medium light skin tone | 卫兵 中等 浅肤色 | buckingham | guard | helmet | london | medium light skin tone | palace | 中等 浅肤色 | 伦敦 | 卫兵 | 卫士 | 守卫 | 白金汉宫
💂🏽	guard: medium skin tone	卫兵: 中等肤色	guard medium skin tone | 卫兵 中等肤色 | buckingham | guard | helmet | london | medium skin tone | palace | 中等肤色 | 伦敦 | 卫兵 | 卫士 | 守卫 | 白金汉宫
💂🏾	guard: medium-dark skin tone	卫兵: 中等-深肤色	guard medium dark skin tone | 卫兵 中等 深肤色 | buckingham | guard | helmet | london | medium dark skin tone | palace | 中等 深肤色 | 伦敦 | 卫兵 | 卫士 | 守卫 | 白金汉宫
💂🏿	guard: dark skin tone	卫兵: 较深肤色	guard dark skin tone | 卫兵 较深肤色 | buckingham | dark skin tone | guard | helmet | london | palace | 伦敦 | 卫兵 | 卫士 | 守卫 | 白金汉宫 | 较深肤色
💂‍♂️	man guard	男卫兵	man guard | 男卫兵 | buckingham | guard | helmet | london | man | palace | 卫兵 | 卫士 | 守卫 | 男
💂🏻‍♂️	man guard: light skin tone	男卫兵: 较浅肤色	man guard light skin tone | 男卫兵 较浅肤色 | buckingham | guard | helmet | light skin tone | london | man | palace | 卫兵 | 卫士 | 守卫 | 男 | 男卫兵 | 较浅肤色
💂🏼‍♂️	man guard: medium-light skin tone	男卫兵: 中等-浅肤色	man guard medium light skin tone | 男卫兵 中等 浅肤色 | buckingham | guard | helmet | london | man | medium light skin tone | palace | 中等 浅肤色 | 卫兵 | 卫士 | 守卫 | 男 | 男卫兵
💂🏽‍♂️	man guard: medium skin tone	男卫兵: 中等肤色	man guard medium skin tone | 男卫兵 中等肤色 | buckingham | guard | helmet | london | man | medium skin tone | palace | 中等肤色 | 卫兵 | 卫士 | 守卫 | 男 | 男卫兵
💂🏾‍♂️	man guard: medium-dark skin tone	男卫兵: 中等-深肤色	man guard medium dark skin tone | 男卫兵 中等 深肤色 | buckingham | guard | helmet | london | man | medium dark skin tone | palace | 中等 深肤色 | 卫兵 | 卫士 | 守卫 | 男 | 男卫兵
💂🏿‍♂️	man guard: dark skin tone	男卫兵: 较深肤色	man guard dark skin tone | 男卫兵 较深肤色 | buckingham | dark skin tone | guard | helmet | london | man | palace | 卫兵 | 卫士 | 守卫 | 男 | 男卫兵 | 较深肤色
💂‍♀️	woman guard	女卫兵	woman guard | 女卫兵 | buckingham | guard | helmet | london | palace | woman | 卫兵 | 卫士 | 女 | 守卫
💂🏻‍♀️	woman guard: light skin tone	女卫兵: 较浅肤色	woman guard light skin tone | 女卫兵 较浅肤色 | buckingham | guard | helmet | light skin tone | london | palace | woman | 卫兵 | 卫士 | 女 | 女卫兵 | 守卫 | 较浅肤色
💂🏼‍♀️	woman guard: medium-light skin tone	女卫兵: 中等-浅肤色	woman guard medium light skin tone | 女卫兵 中等 浅肤色 | buckingham | guard | helmet | london | medium light skin tone | palace | woman | 中等 浅肤色 | 卫兵 | 卫士 | 女 | 女卫兵 | 守卫
💂🏽‍♀️	woman guard: medium skin tone	女卫兵: 中等肤色	woman guard medium skin tone | 女卫兵 中等肤色 | buckingham | guard | helmet | london | medium skin tone | palace | woman | 中等肤色 | 卫兵 | 卫士 | 女 | 女卫兵 | 守卫
💂🏾‍♀️	woman guard: medium-dark skin tone	女卫兵: 中等-深肤色	woman guard medium dark skin tone | 女卫兵 中等 深肤色 | buckingham | guard | helmet | london | medium dark skin tone | palace | woman | 中等 深肤色 | 卫兵 | 卫士 | 女 | 女卫兵 | 守卫
💂🏿‍♀️	woman guard: dark skin tone	女卫兵: 较深肤色	woman guard dark skin tone | 女卫兵 较深肤色 | buckingham | dark skin tone | guard | helmet | london | palace | woman | 卫兵 | 卫士 | 女 | 女卫兵 | 守卫 | 较深肤色
🥷	ninja	忍者	ninja | 忍者 | assassin | fight | fighter | hidden | person | secret | skills | sly | soldier | stealth | war | 人物 | 侠客 | 刺客 | 士兵 | 战斗 | 打斗 | 狡猾 | 秘密 | 隐藏 | 隐身
🥷🏻	ninja: light skin tone	忍者: 较浅肤色	ninja light skin tone | 忍者 较浅肤色 | assassin | fight | fighter | hidden | light skin tone | ninja | person | secret | skills | sly | soldier | stealth | war | 人物 | 侠客 | 刺客 | 士兵 | 忍者 | 战斗 | 打斗 | 狡猾 | 秘密 | 较浅肤色 | 隐藏 | 隐身
🥷🏼	ninja: medium-light skin tone	忍者: 中等-浅肤色	ninja medium light skin tone | 忍者 中等 浅肤色 | assassin | fight | fighter | hidden | medium light skin tone | ninja | person | secret | skills | sly | soldier | stealth | war | 中等 浅肤色 | 人物 | 侠客 | 刺客 | 士兵 | 忍者 | 战斗 | 打斗 | 狡猾 | 秘密 | 隐藏 | 隐身
🥷🏽	ninja: medium skin tone	忍者: 中等肤色	ninja medium skin tone | 忍者 中等肤色 | assassin | fight | fighter | hidden | medium skin tone | ninja | person | secret | skills | sly | soldier | stealth | war | 中等肤色 | 人物 | 侠客 | 刺客 | 士兵 | 忍者 | 战斗 | 打斗 | 狡猾 | 秘密 | 隐藏 | 隐身
🥷🏾	ninja: medium-dark skin tone	忍者: 中等-深肤色	ninja medium dark skin tone | 忍者 中等 深肤色 | assassin | fight | fighter | hidden | medium dark skin tone | ninja | person | secret | skills | sly | soldier | stealth | war | 中等 深肤色 | 人物 | 侠客 | 刺客 | 士兵 | 忍者 | 战斗 | 打斗 | 狡猾 | 秘密 | 隐藏 | 隐身
🥷🏿	ninja: dark skin tone	忍者: 较深肤色	ninja dark skin tone | 忍者 较深肤色 | assassin | dark skin tone | fight | fighter | hidden | ninja | person | secret | skills | sly | soldier | stealth | war | 人物 | 侠客 | 刺客 | 士兵 | 忍者 | 战斗 | 打斗 | 狡猾 | 秘密 | 较深肤色 | 隐藏 | 隐身
👷	construction worker	建筑工人	construction worker | 建筑工人 | build | construction | fix | hardhat | hat | man | person | rebuild | remodel | repair | work | worker | 包工头 | 头盔 | 安全帽 | 工人 | 工程师 | 建筑 | 建造 | 搬砖 | 改造
👷🏻	construction worker: light skin tone	建筑工人: 较浅肤色	construction worker light skin tone | 建筑工人 较浅肤色 | build | construction | fix | hardhat | hat | light skin tone | man | person | rebuild | remodel | repair | work | worker | 包工头 | 头盔 | 安全帽 | 工人 | 工程师 | 建筑 | 建筑工人 | 建造 | 搬砖 | 改造 | 较浅肤色
👷🏼	construction worker: medium-light skin tone	建筑工人: 中等-浅肤色	construction worker medium light skin tone | 建筑工人 中等 浅肤色 | build | construction | fix | hardhat | hat | man | medium light skin tone | person | rebuild | remodel | repair | work | worker | 中等 浅肤色 | 包工头 | 头盔 | 安全帽 | 工人 | 工程师 | 建筑 | 建筑工人 | 建造 | 搬砖 | 改造
👷🏽	construction worker: medium skin tone	建筑工人: 中等肤色	construction worker medium skin tone | 建筑工人 中等肤色 | build | construction | fix | hardhat | hat | man | medium skin tone | person | rebuild | remodel | repair | work | worker | 中等肤色 | 包工头 | 头盔 | 安全帽 | 工人 | 工程师 | 建筑 | 建筑工人 | 建造 | 搬砖 | 改造
👷🏾	construction worker: medium-dark skin tone	建筑工人: 中等-深肤色	construction worker medium dark skin tone | 建筑工人 中等 深肤色 | build | construction | fix | hardhat | hat | man | medium dark skin tone | person | rebuild | remodel | repair | work | worker | 中等 深肤色 | 包工头 | 头盔 | 安全帽 | 工人 | 工程师 | 建筑 | 建筑工人 | 建造 | 搬砖 | 改造
👷🏿	construction worker: dark skin tone	建筑工人: 较深肤色	construction worker dark skin tone | 建筑工人 较深肤色 | build | construction | dark skin tone | fix | hardhat | hat | man | person | rebuild | remodel | repair | work | worker | 包工头 | 头盔 | 安全帽 | 工人 | 工程师 | 建筑 | 建筑工人 | 建造 | 搬砖 | 改造 | 较深肤色
👷‍♂️	man construction worker	男建筑工人	man construction worker | 男建筑工人 | build | construction | fix | hardhat | hat | man | rebuild | remodel | repair | work | worker | 工人 | 建筑 | 男
👷🏻‍♂️	man construction worker: light skin tone	男建筑工人: 较浅肤色	man construction worker light skin tone | 男建筑工人 较浅肤色 | build | construction | fix | hardhat | hat | light skin tone | man | rebuild | remodel | repair | work | worker | 工人 | 建筑 | 男 | 男建筑工人 | 较浅肤色
👷🏼‍♂️	man construction worker: medium-light skin tone	男建筑工人: 中等-浅肤色	man construction worker medium light skin tone | 男建筑工人 中等 浅肤色 | build | construction | fix | hardhat | hat | man | medium light skin tone | rebuild | remodel | repair | work | worker | 中等 浅肤色 | 工人 | 建筑 | 男 | 男建筑工人
👷🏽‍♂️	man construction worker: medium skin tone	男建筑工人: 中等肤色	man construction worker medium skin tone | 男建筑工人 中等肤色 | build | construction | fix | hardhat | hat | man | medium skin tone | rebuild | remodel | repair | work | worker | 中等肤色 | 工人 | 建筑 | 男 | 男建筑工人
👷🏾‍♂️	man construction worker: medium-dark skin tone	男建筑工人: 中等-深肤色	man construction worker medium dark skin tone | 男建筑工人 中等 深肤色 | build | construction | fix | hardhat | hat | man | medium dark skin tone | rebuild | remodel | repair | work | worker | 中等 深肤色 | 工人 | 建筑 | 男 | 男建筑工人
👷🏿‍♂️	man construction worker: dark skin tone	男建筑工人: 较深肤色	man construction worker dark skin tone | 男建筑工人 较深肤色 | build | construction | dark skin tone | fix | hardhat | hat | man | rebuild | remodel | repair | work | worker | 工人 | 建筑 | 男 | 男建筑工人 | 较深肤色
👷‍♀️	woman construction worker	女建筑工人	woman construction worker | 女建筑工人 | build | construction | fix | hardhat | hat | man | rebuild | remodel | repair | woman | work | worker | 头盔 | 女 | 工人 | 建筑
👷🏻‍♀️	woman construction worker: light skin tone	女建筑工人: 较浅肤色	woman construction worker light skin tone | 女建筑工人 较浅肤色 | build | construction | fix | hardhat | hat | light skin tone | man | rebuild | remodel | repair | woman | work | worker | 头盔 | 女 | 女建筑工人 | 工人 | 建筑 | 较浅肤色
👷🏼‍♀️	woman construction worker: medium-light skin tone	女建筑工人: 中等-浅肤色	woman construction worker medium light skin tone | 女建筑工人 中等 浅肤色 | build | construction | fix | hardhat | hat | man | medium light skin tone | rebuild | remodel | repair | woman | work | worker | 中等 浅肤色 | 头盔 | 女 | 女建筑工人 | 工人 | 建筑
👷🏽‍♀️	woman construction worker: medium skin tone	女建筑工人: 中等肤色	woman construction worker medium skin tone | 女建筑工人 中等肤色 | build | construction | fix | hardhat | hat | man | medium skin tone | rebuild | remodel | repair | woman | work | worker | 中等肤色 | 头盔 | 女 | 女建筑工人 | 工人 | 建筑
👷🏾‍♀️	woman construction worker: medium-dark skin tone	女建筑工人: 中等-深肤色	woman construction worker medium dark skin tone | 女建筑工人 中等 深肤色 | build | construction | fix | hardhat | hat | man | medium dark skin tone | rebuild | remodel | repair | woman | work | worker | 中等 深肤色 | 头盔 | 女 | 女建筑工人 | 工人 | 建筑
👷🏿‍♀️	woman construction worker: dark skin tone	女建筑工人: 较深肤色	woman construction worker dark skin tone | 女建筑工人 较深肤色 | build | construction | dark skin tone | fix | hardhat | hat | man | rebuild | remodel | repair | woman | work | worker | 头盔 | 女 | 女建筑工人 | 工人 | 建筑 | 较深肤色
🫅	person with crown	戴王冠的人	person with crown | 戴王冠的人 | crown | monarch | noble | person | regal | royal | royalty | 君主 | 君威 | 国王 | 王冠 | 王后 | 王室 | 皇室 | 贵族
🫅🏻	person with crown: light skin tone	戴王冠的人: 较浅肤色	person with crown light skin tone | 戴王冠的人 较浅肤色 | crown | light skin tone | monarch | noble | person | regal | royal | royalty | 君主 | 君威 | 国王 | 戴王冠的人 | 王冠 | 王后 | 王室 | 皇室 | 贵族 | 较浅肤色
🫅🏼	person with crown: medium-light skin tone	戴王冠的人: 中等-浅肤色	person with crown medium light skin tone | 戴王冠的人 中等 浅肤色 | crown | medium light skin tone | monarch | noble | person | regal | royal | royalty | 中等 浅肤色 | 君主 | 君威 | 国王 | 戴王冠的人 | 王冠 | 王后 | 王室 | 皇室 | 贵族
🫅🏽	person with crown: medium skin tone	戴王冠的人: 中等肤色	person with crown medium skin tone | 戴王冠的人 中等肤色 | crown | medium skin tone | monarch | noble | person | regal | royal | royalty | 中等肤色 | 君主 | 君威 | 国王 | 戴王冠的人 | 王冠 | 王后 | 王室 | 皇室 | 贵族
🫅🏾	person with crown: medium-dark skin tone	戴王冠的人: 中等-深肤色	person with crown medium dark skin tone | 戴王冠的人 中等 深肤色 | crown | medium dark skin tone | monarch | noble | person | regal | royal | royalty | 中等 深肤色 | 君主 | 君威 | 国王 | 戴王冠的人 | 王冠 | 王后 | 王室 | 皇室 | 贵族
🫅🏿	person with crown: dark skin tone	戴王冠的人: 较深肤色	person with crown dark skin tone | 戴王冠的人 较深肤色 | crown | dark skin tone | monarch | noble | person | regal | royal | royalty | 君主 | 君威 | 国王 | 戴王冠的人 | 王冠 | 王后 | 王室 | 皇室 | 贵族 | 较深肤色
🤴	prince	王子	prince | 王子 | crown | fairy | fairytale | fantasy | king | royal | royalty | tale | 皇家
🤴🏻	prince: light skin tone	王子: 较浅肤色	prince light skin tone | 王子 较浅肤色 | crown | fairy | fairytale | fantasy | king | light skin tone | prince | royal | royalty | tale | 王子 | 皇家 | 较浅肤色
🤴🏼	prince: medium-light skin tone	王子: 中等-浅肤色	prince medium light skin tone | 王子 中等 浅肤色 | crown | fairy | fairytale | fantasy | king | medium light skin tone | prince | royal | royalty | tale | 中等 浅肤色 | 王子 | 皇家
🤴🏽	prince: medium skin tone	王子: 中等肤色	prince medium skin tone | 王子 中等肤色 | crown | fairy | fairytale | fantasy | king | medium skin tone | prince | royal | royalty | tale | 中等肤色 | 王子 | 皇家
🤴🏾	prince: medium-dark skin tone	王子: 中等-深肤色	prince medium dark skin tone | 王子 中等 深肤色 | crown | fairy | fairytale | fantasy | king | medium dark skin tone | prince | royal | royalty | tale | 中等 深肤色 | 王子 | 皇家
🤴🏿	prince: dark skin tone	王子: 较深肤色	prince dark skin tone | 王子 较深肤色 | crown | dark skin tone | fairy | fairytale | fantasy | king | prince | royal | royalty | tale | 王子 | 皇家 | 较深肤色
👸	princess	公主	princess | 公主 | crown | fairy | fairytale | fantasy | queen | royal | royalty | tale | 皇冠 | 童话
👸🏻	princess: light skin tone	公主: 较浅肤色	princess light skin tone | 公主 较浅肤色 | crown | fairy | fairytale | fantasy | light skin tone | princess | queen | royal | royalty | tale | 公主 | 皇冠 | 童话 | 较浅肤色
👸🏼	princess: medium-light skin tone	公主: 中等-浅肤色	princess medium light skin tone | 公主 中等 浅肤色 | crown | fairy | fairytale | fantasy | medium light skin tone | princess | queen | royal | royalty | tale | 中等 浅肤色 | 公主 | 皇冠 | 童话
👸🏽	princess: medium skin tone	公主: 中等肤色	princess medium skin tone | 公主 中等肤色 | crown | fairy | fairytale | fantasy | medium skin tone | princess | queen | royal | royalty | tale | 中等肤色 | 公主 | 皇冠 | 童话
👸🏾	princess: medium-dark skin tone	公主: 中等-深肤色	princess medium dark skin tone | 公主 中等 深肤色 | crown | fairy | fairytale | fantasy | medium dark skin tone | princess | queen | royal | royalty | tale | 中等 深肤色 | 公主 | 皇冠 | 童话
👸🏿	princess: dark skin tone	公主: 较深肤色	princess dark skin tone | 公主 较深肤色 | crown | dark skin tone | fairy | fairytale | fantasy | princess | queen | royal | royalty | tale | 公主 | 皇冠 | 童话 | 较深肤色
👳	person wearing turban	戴头巾的人	person wearing turban | 戴头巾的人 | person | turban | wearing | 头巾
👳🏻	person wearing turban: light skin tone	戴头巾的人: 较浅肤色	person wearing turban light skin tone | 戴头巾的人 较浅肤色 | light skin tone | person | turban | wearing | 头巾 | 戴头巾的人 | 较浅肤色
👳🏼	person wearing turban: medium-light skin tone	戴头巾的人: 中等-浅肤色	person wearing turban medium light skin tone | 戴头巾的人 中等 浅肤色 | medium light skin tone | person | turban | wearing | 中等 浅肤色 | 头巾 | 戴头巾的人
👳🏽	person wearing turban: medium skin tone	戴头巾的人: 中等肤色	person wearing turban medium skin tone | 戴头巾的人 中等肤色 | medium skin tone | person | turban | wearing | 中等肤色 | 头巾 | 戴头巾的人
👳🏾	person wearing turban: medium-dark skin tone	戴头巾的人: 中等-深肤色	person wearing turban medium dark skin tone | 戴头巾的人 中等 深肤色 | medium dark skin tone | person | turban | wearing | 中等 深肤色 | 头巾 | 戴头巾的人
👳🏿	person wearing turban: dark skin tone	戴头巾的人: 较深肤色	person wearing turban dark skin tone | 戴头巾的人 较深肤色 | dark skin tone | person | turban | wearing | 头巾 | 戴头巾的人 | 较深肤色
👳‍♂️	man wearing turban	戴头巾的男人	man wearing turban | 戴头巾的男人 | man | turban | wearing | 头巾 | 男
👳🏻‍♂️	man wearing turban: light skin tone	戴头巾的男人: 较浅肤色	man wearing turban light skin tone | 戴头巾的男人 较浅肤色 | light skin tone | man | turban | wearing | 头巾 | 戴头巾的男人 | 男 | 较浅肤色
👳🏼‍♂️	man wearing turban: medium-light skin tone	戴头巾的男人: 中等-浅肤色	man wearing turban medium light skin tone | 戴头巾的男人 中等 浅肤色 | man | medium light skin tone | turban | wearing | 中等 浅肤色 | 头巾 | 戴头巾的男人 | 男
👳🏽‍♂️	man wearing turban: medium skin tone	戴头巾的男人: 中等肤色	man wearing turban medium skin tone | 戴头巾的男人 中等肤色 | man | medium skin tone | turban | wearing | 中等肤色 | 头巾 | 戴头巾的男人 | 男
👳🏾‍♂️	man wearing turban: medium-dark skin tone	戴头巾的男人: 中等-深肤色	man wearing turban medium dark skin tone | 戴头巾的男人 中等 深肤色 | man | medium dark skin tone | turban | wearing | 中等 深肤色 | 头巾 | 戴头巾的男人 | 男
👳🏿‍♂️	man wearing turban: dark skin tone	戴头巾的男人: 较深肤色	man wearing turban dark skin tone | 戴头巾的男人 较深肤色 | dark skin tone | man | turban | wearing | 头巾 | 戴头巾的男人 | 男 | 较深肤色
👳‍♀️	woman wearing turban	戴头巾的女人	woman wearing turban | 戴头巾的女人 | turban | wearing | woman | 头巾 | 女 | 特本
👳🏻‍♀️	woman wearing turban: light skin tone	戴头巾的女人: 较浅肤色	woman wearing turban light skin tone | 戴头巾的女人 较浅肤色 | light skin tone | turban | wearing | woman | 头巾 | 女 | 戴头巾的女人 | 特本 | 较浅肤色
👳🏼‍♀️	woman wearing turban: medium-light skin tone	戴头巾的女人: 中等-浅肤色	woman wearing turban medium light skin tone | 戴头巾的女人 中等 浅肤色 | medium light skin tone | turban | wearing | woman | 中等 浅肤色 | 头巾 | 女 | 戴头巾的女人 | 特本
👳🏽‍♀️	woman wearing turban: medium skin tone	戴头巾的女人: 中等肤色	woman wearing turban medium skin tone | 戴头巾的女人 中等肤色 | medium skin tone | turban | wearing | woman | 中等肤色 | 头巾 | 女 | 戴头巾的女人 | 特本
👳🏾‍♀️	woman wearing turban: medium-dark skin tone	戴头巾的女人: 中等-深肤色	woman wearing turban medium dark skin tone | 戴头巾的女人 中等 深肤色 | medium dark skin tone | turban | wearing | woman | 中等 深肤色 | 头巾 | 女 | 戴头巾的女人 | 特本
👳🏿‍♀️	woman wearing turban: dark skin tone	戴头巾的女人: 较深肤色	woman wearing turban dark skin tone | 戴头巾的女人 较深肤色 | dark skin tone | turban | wearing | woman | 头巾 | 女 | 戴头巾的女人 | 特本 | 较深肤色
👲	person with skullcap	戴瓜皮帽的人	person with skullcap | 戴瓜皮帽的人 | cap | chinese | gua | guapi | hat | mao | person | pi | skullcap | 人物 | 帽子 | 瓜皮帽
👲🏻	person with skullcap: light skin tone	戴瓜皮帽的人: 较浅肤色	person with skullcap light skin tone | 戴瓜皮帽的人 较浅肤色 | cap | chinese | gua | guapi | hat | light skin tone | mao | person | pi | skullcap | 人物 | 帽子 | 戴瓜皮帽的人 | 瓜皮帽 | 较浅肤色
👲🏼	person with skullcap: medium-light skin tone	戴瓜皮帽的人: 中等-浅肤色	person with skullcap medium light skin tone | 戴瓜皮帽的人 中等 浅肤色 | cap | chinese | gua | guapi | hat | mao | medium light skin tone | person | pi | skullcap | 中等 浅肤色 | 人物 | 帽子 | 戴瓜皮帽的人 | 瓜皮帽
👲🏽	person with skullcap: medium skin tone	戴瓜皮帽的人: 中等肤色	person with skullcap medium skin tone | 戴瓜皮帽的人 中等肤色 | cap | chinese | gua | guapi | hat | mao | medium skin tone | person | pi | skullcap | 中等肤色 | 人物 | 帽子 | 戴瓜皮帽的人 | 瓜皮帽
👲🏾	person with skullcap: medium-dark skin tone	戴瓜皮帽的人: 中等-深肤色	person with skullcap medium dark skin tone | 戴瓜皮帽的人 中等 深肤色 | cap | chinese | gua | guapi | hat | mao | medium dark skin tone | person | pi | skullcap | 中等 深肤色 | 人物 | 帽子 | 戴瓜皮帽的人 | 瓜皮帽
👲🏿	person with skullcap: dark skin tone	戴瓜皮帽的人: 较深肤色	person with skullcap dark skin tone | 戴瓜皮帽的人 较深肤色 | cap | chinese | dark skin tone | gua | guapi | hat | mao | person | pi | skullcap | 人物 | 帽子 | 戴瓜皮帽的人 | 瓜皮帽 | 较深肤色
🧕	woman with headscarf	带头饰的女人	woman with headscarf | 带头饰的女人 | bandana | head | headscarf | hijab | kerchief | mantilla | tichel | woman | 头巾 | 希贾布 | 戴头巾的女人
🧕🏻	woman with headscarf: light skin tone	带头饰的女人: 较浅肤色	woman with headscarf light skin tone | 带头饰的女人 较浅肤色 | bandana | head | headscarf | hijab | kerchief | light skin tone | mantilla | tichel | woman | 头巾 | 希贾布 | 带头饰的女人 | 戴头巾的女人 | 较浅肤色
🧕🏼	woman with headscarf: medium-light skin tone	带头饰的女人: 中等-浅肤色	woman with headscarf medium light skin tone | 带头饰的女人 中等 浅肤色 | bandana | head | headscarf | hijab | kerchief | mantilla | medium light skin tone | tichel | woman | 中等 浅肤色 | 头巾 | 希贾布 | 带头饰的女人 | 戴头巾的女人
🧕🏽	woman with headscarf: medium skin tone	带头饰的女人: 中等肤色	woman with headscarf medium skin tone | 带头饰的女人 中等肤色 | bandana | head | headscarf | hijab | kerchief | mantilla | medium skin tone | tichel | woman | 中等肤色 | 头巾 | 希贾布 | 带头饰的女人 | 戴头巾的女人
🧕🏾	woman with headscarf: medium-dark skin tone	带头饰的女人: 中等-深肤色	woman with headscarf medium dark skin tone | 带头饰的女人 中等 深肤色 | bandana | head | headscarf | hijab | kerchief | mantilla | medium dark skin tone | tichel | woman | 中等 深肤色 | 头巾 | 希贾布 | 带头饰的女人 | 戴头巾的女人
🧕🏿	woman with headscarf: dark skin tone	带头饰的女人: 较深肤色	woman with headscarf dark skin tone | 带头饰的女人 较深肤色 | bandana | dark skin tone | head | headscarf | hijab | kerchief | mantilla | tichel | woman | 头巾 | 希贾布 | 带头饰的女人 | 戴头巾的女人 | 较深肤色
🤵	person in tuxedo	穿燕尾服的人	person in tuxedo | 穿燕尾服的人 | formal | person | tuxedo | wedding | 人 | 新郎 | 正式 | 燕尾服 | 男人 | 穿燕尾服的男人
🤵🏻	person in tuxedo: light skin tone	穿燕尾服的人: 较浅肤色	person in tuxedo light skin tone | 穿燕尾服的人 较浅肤色 | formal | light skin tone | person | tuxedo | wedding | 人 | 新郎 | 正式 | 燕尾服 | 男人 | 穿燕尾服的人 | 穿燕尾服的男人 | 较浅肤色
🤵🏼	person in tuxedo: medium-light skin tone	穿燕尾服的人: 中等-浅肤色	person in tuxedo medium light skin tone | 穿燕尾服的人 中等 浅肤色 | formal | medium light skin tone | person | tuxedo | wedding | 中等 浅肤色 | 人 | 新郎 | 正式 | 燕尾服 | 男人 | 穿燕尾服的人 | 穿燕尾服的男人
🤵🏽	person in tuxedo: medium skin tone	穿燕尾服的人: 中等肤色	person in tuxedo medium skin tone | 穿燕尾服的人 中等肤色 | formal | medium skin tone | person | tuxedo | wedding | 中等肤色 | 人 | 新郎 | 正式 | 燕尾服 | 男人 | 穿燕尾服的人 | 穿燕尾服的男人
🤵🏾	person in tuxedo: medium-dark skin tone	穿燕尾服的人: 中等-深肤色	person in tuxedo medium dark skin tone | 穿燕尾服的人 中等 深肤色 | formal | medium dark skin tone | person | tuxedo | wedding | 中等 深肤色 | 人 | 新郎 | 正式 | 燕尾服 | 男人 | 穿燕尾服的人 | 穿燕尾服的男人
🤵🏿	person in tuxedo: dark skin tone	穿燕尾服的人: 较深肤色	person in tuxedo dark skin tone | 穿燕尾服的人 较深肤色 | dark skin tone | formal | person | tuxedo | wedding | 人 | 新郎 | 正式 | 燕尾服 | 男人 | 穿燕尾服的人 | 穿燕尾服的男人 | 较深肤色
🤵‍♂️	man in tuxedo	穿礼服的男人	man in tuxedo | 穿礼服的男人 | formal | groom | man | tuxedo | wedding | 男人 | 礼服
🤵🏻‍♂️	man in tuxedo: light skin tone	穿礼服的男人: 较浅肤色	man in tuxedo light skin tone | 穿礼服的男人 较浅肤色 | formal | groom | light skin tone | man | tuxedo | wedding | 男人 | 礼服 | 穿礼服的男人 | 较浅肤色
🤵🏼‍♂️	man in tuxedo: medium-light skin tone	穿礼服的男人: 中等-浅肤色	man in tuxedo medium light skin tone | 穿礼服的男人 中等 浅肤色 | formal | groom | man | medium light skin tone | tuxedo | wedding | 中等 浅肤色 | 男人 | 礼服 | 穿礼服的男人
🤵🏽‍♂️	man in tuxedo: medium skin tone	穿礼服的男人: 中等肤色	man in tuxedo medium skin tone | 穿礼服的男人 中等肤色 | formal | groom | man | medium skin tone | tuxedo | wedding | 中等肤色 | 男人 | 礼服 | 穿礼服的男人
🤵🏾‍♂️	man in tuxedo: medium-dark skin tone	穿礼服的男人: 中等-深肤色	man in tuxedo medium dark skin tone | 穿礼服的男人 中等 深肤色 | formal | groom | man | medium dark skin tone | tuxedo | wedding | 中等 深肤色 | 男人 | 礼服 | 穿礼服的男人
🤵🏿‍♂️	man in tuxedo: dark skin tone	穿礼服的男人: 较深肤色	man in tuxedo dark skin tone | 穿礼服的男人 较深肤色 | dark skin tone | formal | groom | man | tuxedo | wedding | 男人 | 礼服 | 穿礼服的男人 | 较深肤色
🤵‍♀️	woman in tuxedo	穿礼服的女人	woman in tuxedo | 穿礼服的女人 | formal | tuxedo | wedding | woman | 女人 | 礼服
🤵🏻‍♀️	woman in tuxedo: light skin tone	穿礼服的女人: 较浅肤色	woman in tuxedo light skin tone | 穿礼服的女人 较浅肤色 | formal | light skin tone | tuxedo | wedding | woman | 女人 | 礼服 | 穿礼服的女人 | 较浅肤色
🤵🏼‍♀️	woman in tuxedo: medium-light skin tone	穿礼服的女人: 中等-浅肤色	woman in tuxedo medium light skin tone | 穿礼服的女人 中等 浅肤色 | formal | medium light skin tone | tuxedo | wedding | woman | 中等 浅肤色 | 女人 | 礼服 | 穿礼服的女人
🤵🏽‍♀️	woman in tuxedo: medium skin tone	穿礼服的女人: 中等肤色	woman in tuxedo medium skin tone | 穿礼服的女人 中等肤色 | formal | medium skin tone | tuxedo | wedding | woman | 中等肤色 | 女人 | 礼服 | 穿礼服的女人
🤵🏾‍♀️	woman in tuxedo: medium-dark skin tone	穿礼服的女人: 中等-深肤色	woman in tuxedo medium dark skin tone | 穿礼服的女人 中等 深肤色 | formal | medium dark skin tone | tuxedo | wedding | woman | 中等 深肤色 | 女人 | 礼服 | 穿礼服的女人
🤵🏿‍♀️	woman in tuxedo: dark skin tone	穿礼服的女人: 较深肤色	woman in tuxedo dark skin tone | 穿礼服的女人 较深肤色 | dark skin tone | formal | tuxedo | wedding | woman | 女人 | 礼服 | 穿礼服的女人 | 较深肤色
👰	person with veil	戴头纱的人	person with veil | 戴头纱的人 | person | veil | wedding | 人 | 头纱 | 婚礼 | 戴头纱的新娘 | 新娘 | 结婚
👰🏻	person with veil: light skin tone	戴头纱的人: 较浅肤色	person with veil light skin tone | 戴头纱的人 较浅肤色 | light skin tone | person | veil | wedding | 人 | 头纱 | 婚礼 | 戴头纱的人 | 戴头纱的新娘 | 新娘 | 结婚 | 较浅肤色
👰🏼	person with veil: medium-light skin tone	戴头纱的人: 中等-浅肤色	person with veil medium light skin tone | 戴头纱的人 中等 浅肤色 | medium light skin tone | person | veil | wedding | 中等 浅肤色 | 人 | 头纱 | 婚礼 | 戴头纱的人 | 戴头纱的新娘 | 新娘 | 结婚
👰🏽	person with veil: medium skin tone	戴头纱的人: 中等肤色	person with veil medium skin tone | 戴头纱的人 中等肤色 | medium skin tone | person | veil | wedding | 中等肤色 | 人 | 头纱 | 婚礼 | 戴头纱的人 | 戴头纱的新娘 | 新娘 | 结婚
👰🏾	person with veil: medium-dark skin tone	戴头纱的人: 中等-深肤色	person with veil medium dark skin tone | 戴头纱的人 中等 深肤色 | medium dark skin tone | person | veil | wedding | 中等 深肤色 | 人 | 头纱 | 婚礼 | 戴头纱的人 | 戴头纱的新娘 | 新娘 | 结婚
👰🏿	person with veil: dark skin tone	戴头纱的人: 较深肤色	person with veil dark skin tone | 戴头纱的人 较深肤色 | dark skin tone | person | veil | wedding | 人 | 头纱 | 婚礼 | 戴头纱的人 | 戴头纱的新娘 | 新娘 | 结婚 | 较深肤色
👰‍♂️	man with veil	戴头纱的男人	man with veil | 戴头纱的男人 | man | veil | wedding | 头纱 | 男人
👰🏻‍♂️	man with veil: light skin tone	戴头纱的男人: 较浅肤色	man with veil light skin tone | 戴头纱的男人 较浅肤色 | light skin tone | man | veil | wedding | 头纱 | 戴头纱的男人 | 男人 | 较浅肤色
👰🏼‍♂️	man with veil: medium-light skin tone	戴头纱的男人: 中等-浅肤色	man with veil medium light skin tone | 戴头纱的男人 中等 浅肤色 | man | medium light skin tone | veil | wedding | 中等 浅肤色 | 头纱 | 戴头纱的男人 | 男人
👰🏽‍♂️	man with veil: medium skin tone	戴头纱的男人: 中等肤色	man with veil medium skin tone | 戴头纱的男人 中等肤色 | man | medium skin tone | veil | wedding | 中等肤色 | 头纱 | 戴头纱的男人 | 男人
👰🏾‍♂️	man with veil: medium-dark skin tone	戴头纱的男人: 中等-深肤色	man with veil medium dark skin tone | 戴头纱的男人 中等 深肤色 | man | medium dark skin tone | veil | wedding | 中等 深肤色 | 头纱 | 戴头纱的男人 | 男人
👰🏿‍♂️	man with veil: dark skin tone	戴头纱的男人: 较深肤色	man with veil dark skin tone | 戴头纱的男人 较深肤色 | dark skin tone | man | veil | wedding | 头纱 | 戴头纱的男人 | 男人 | 较深肤色
👰‍♀️	woman with veil	戴头纱的女人	woman with veil | 戴头纱的女人 | bride | veil | wedding | woman | 头纱 | 女人
👰🏻‍♀️	woman with veil: light skin tone	戴头纱的女人: 较浅肤色	woman with veil light skin tone | 戴头纱的女人 较浅肤色 | bride | light skin tone | veil | wedding | woman | 头纱 | 女人 | 戴头纱的女人 | 较浅肤色
👰🏼‍♀️	woman with veil: medium-light skin tone	戴头纱的女人: 中等-浅肤色	woman with veil medium light skin tone | 戴头纱的女人 中等 浅肤色 | bride | medium light skin tone | veil | wedding | woman | 中等 浅肤色 | 头纱 | 女人 | 戴头纱的女人
👰🏽‍♀️	woman with veil: medium skin tone	戴头纱的女人: 中等肤色	woman with veil medium skin tone | 戴头纱的女人 中等肤色 | bride | medium skin tone | veil | wedding | woman | 中等肤色 | 头纱 | 女人 | 戴头纱的女人
👰🏾‍♀️	woman with veil: medium-dark skin tone	戴头纱的女人: 中等-深肤色	woman with veil medium dark skin tone | 戴头纱的女人 中等 深肤色 | bride | medium dark skin tone | veil | wedding | woman | 中等 深肤色 | 头纱 | 女人 | 戴头纱的女人
👰🏿‍♀️	woman with veil: dark skin tone	戴头纱的女人: 较深肤色	woman with veil dark skin tone | 戴头纱的女人 较深肤色 | bride | dark skin tone | veil | wedding | woman | 头纱 | 女人 | 戴头纱的女人 | 较深肤色
🤰	pregnant woman	孕妇	pregnant woman | 孕妇 | pregnant | woman | 女人 | 怀孕 | 怀孕的女人
🤰🏻	pregnant woman: light skin tone	孕妇: 较浅肤色	pregnant woman light skin tone | 孕妇 较浅肤色 | light skin tone | pregnant | woman | 女人 | 孕妇 | 怀孕 | 怀孕的女人 | 较浅肤色
🤰🏼	pregnant woman: medium-light skin tone	孕妇: 中等-浅肤色	pregnant woman medium light skin tone | 孕妇 中等 浅肤色 | medium light skin tone | pregnant | woman | 中等 浅肤色 | 女人 | 孕妇 | 怀孕 | 怀孕的女人
🤰🏽	pregnant woman: medium skin tone	孕妇: 中等肤色	pregnant woman medium skin tone | 孕妇 中等肤色 | medium skin tone | pregnant | woman | 中等肤色 | 女人 | 孕妇 | 怀孕 | 怀孕的女人
🤰🏾	pregnant woman: medium-dark skin tone	孕妇: 中等-深肤色	pregnant woman medium dark skin tone | 孕妇 中等 深肤色 | medium dark skin tone | pregnant | woman | 中等 深肤色 | 女人 | 孕妇 | 怀孕 | 怀孕的女人
🤰🏿	pregnant woman: dark skin tone	孕妇: 较深肤色	pregnant woman dark skin tone | 孕妇 较深肤色 | dark skin tone | pregnant | woman | 女人 | 孕妇 | 怀孕 | 怀孕的女人 | 较深肤色
🫃	pregnant man	怀孕的男人	pregnant man | 怀孕的男人 | belly | bloated | full | man | overeat | pregnant | 充满 | 吃撑 | 怀孕 | 男子 | 腹部 | 臃肿
🫃🏻	pregnant man: light skin tone	怀孕的男人: 较浅肤色	pregnant man light skin tone | 怀孕的男人 较浅肤色 | belly | bloated | full | light skin tone | man | overeat | pregnant | 充满 | 吃撑 | 怀孕 | 怀孕的男人 | 男子 | 腹部 | 臃肿 | 较浅肤色
🫃🏼	pregnant man: medium-light skin tone	怀孕的男人: 中等-浅肤色	pregnant man medium light skin tone | 怀孕的男人 中等 浅肤色 | belly | bloated | full | man | medium light skin tone | overeat | pregnant | 中等 浅肤色 | 充满 | 吃撑 | 怀孕 | 怀孕的男人 | 男子 | 腹部 | 臃肿
🫃🏽	pregnant man: medium skin tone	怀孕的男人: 中等肤色	pregnant man medium skin tone | 怀孕的男人 中等肤色 | belly | bloated | full | man | medium skin tone | overeat | pregnant | 中等肤色 | 充满 | 吃撑 | 怀孕 | 怀孕的男人 | 男子 | 腹部 | 臃肿
🫃🏾	pregnant man: medium-dark skin tone	怀孕的男人: 中等-深肤色	pregnant man medium dark skin tone | 怀孕的男人 中等 深肤色 | belly | bloated | full | man | medium dark skin tone | overeat | pregnant | 中等 深肤色 | 充满 | 吃撑 | 怀孕 | 怀孕的男人 | 男子 | 腹部 | 臃肿
🫃🏿	pregnant man: dark skin tone	怀孕的男人: 较深肤色	pregnant man dark skin tone | 怀孕的男人 较深肤色 | belly | bloated | dark skin tone | full | man | overeat | pregnant | 充满 | 吃撑 | 怀孕 | 怀孕的男人 | 男子 | 腹部 | 臃肿 | 较深肤色
🫄	pregnant person	怀孕的人	pregnant person | 怀孕的人 | belly | bloated | full | overeat | person | pregnant | stuffed | 充满 | 吃撑 | 怀孕 | 腹部 | 臃肿
🫄🏻	pregnant person: light skin tone	怀孕的人: 较浅肤色	pregnant person light skin tone | 怀孕的人 较浅肤色 | belly | bloated | full | light skin tone | overeat | person | pregnant | stuffed | 充满 | 吃撑 | 怀孕 | 怀孕的人 | 腹部 | 臃肿 | 较浅肤色
🫄🏼	pregnant person: medium-light skin tone	怀孕的人: 中等-浅肤色	pregnant person medium light skin tone | 怀孕的人 中等 浅肤色 | belly | bloated | full | medium light skin tone | overeat | person | pregnant | stuffed | 中等 浅肤色 | 充满 | 吃撑 | 怀孕 | 怀孕的人 | 腹部 | 臃肿
🫄🏽	pregnant person: medium skin tone	怀孕的人: 中等肤色	pregnant person medium skin tone | 怀孕的人 中等肤色 | belly | bloated | full | medium skin tone | overeat | person | pregnant | stuffed | 中等肤色 | 充满 | 吃撑 | 怀孕 | 怀孕的人 | 腹部 | 臃肿
🫄🏾	pregnant person: medium-dark skin tone	怀孕的人: 中等-深肤色	pregnant person medium dark skin tone | 怀孕的人 中等 深肤色 | belly | bloated | full | medium dark skin tone | overeat | person | pregnant | stuffed | 中等 深肤色 | 充满 | 吃撑 | 怀孕 | 怀孕的人 | 腹部 | 臃肿
🫄🏿	pregnant person: dark skin tone	怀孕的人: 较深肤色	pregnant person dark skin tone | 怀孕的人 较深肤色 | belly | bloated | dark skin tone | full | overeat | person | pregnant | stuffed | 充满 | 吃撑 | 怀孕 | 怀孕的人 | 腹部 | 臃肿 | 较深肤色
🤱	breast-feeding	母乳喂养	breast feeding | 母乳喂养 | baby | breast | feeding | mom | mother | nursing | woman | 乳房 | 哺乳 | 喂奶 | 婴儿
🤱🏻	breast-feeding: light skin tone	母乳喂养: 较浅肤色	breast feeding light skin tone | 母乳喂养 较浅肤色 | baby | breast | breast feeding | feeding | light skin tone | mom | mother | nursing | woman | 乳房 | 哺乳 | 喂奶 | 婴儿 | 母乳喂养 | 较浅肤色
🤱🏼	breast-feeding: medium-light skin tone	母乳喂养: 中等-浅肤色	breast feeding medium light skin tone | 母乳喂养 中等 浅肤色 | baby | breast | breast feeding | feeding | medium light skin tone | mom | mother | nursing | woman | 中等 浅肤色 | 乳房 | 哺乳 | 喂奶 | 婴儿 | 母乳喂养
🤱🏽	breast-feeding: medium skin tone	母乳喂养: 中等肤色	breast feeding medium skin tone | 母乳喂养 中等肤色 | baby | breast | breast feeding | feeding | medium skin tone | mom | mother | nursing | woman | 中等肤色 | 乳房 | 哺乳 | 喂奶 | 婴儿 | 母乳喂养
🤱🏾	breast-feeding: medium-dark skin tone	母乳喂养: 中等-深肤色	breast feeding medium dark skin tone | 母乳喂养 中等 深肤色 | baby | breast | breast feeding | feeding | medium dark skin tone | mom | mother | nursing | woman | 中等 深肤色 | 乳房 | 哺乳 | 喂奶 | 婴儿 | 母乳喂养
🤱🏿	breast-feeding: dark skin tone	母乳喂养: 较深肤色	breast feeding dark skin tone | 母乳喂养 较深肤色 | baby | breast | breast feeding | dark skin tone | feeding | mom | mother | nursing | woman | 乳房 | 哺乳 | 喂奶 | 婴儿 | 母乳喂养 | 较深肤色
👩‍🍼	woman feeding baby	哺乳的女人	woman feeding baby | 哺乳的女人 | baby | feed | feeding | mom | mother | nanny | newborn | nursing | woman | 人物 | 保姆 | 哺乳 | 喂养 | 女人 | 妈咪 | 妈妈 | 婴儿 | 宝宝 | 母亲 | 爱
👩🏻‍🍼	woman feeding baby: light skin tone	哺乳的女人: 较浅肤色	woman feeding baby light skin tone | 哺乳的女人 较浅肤色 | baby | feed | feeding | light skin tone | mom | mother | nanny | newborn | nursing | woman | 人物 | 保姆 | 哺乳 | 哺乳的女人 | 喂养 | 女人 | 妈咪 | 妈妈 | 婴儿 | 宝宝 | 母亲 | 爱 | 较浅肤色
👩🏼‍🍼	woman feeding baby: medium-light skin tone	哺乳的女人: 中等-浅肤色	woman feeding baby medium light skin tone | 哺乳的女人 中等 浅肤色 | baby | feed | feeding | medium light skin tone | mom | mother | nanny | newborn | nursing | woman | 中等 浅肤色 | 人物 | 保姆 | 哺乳 | 哺乳的女人 | 喂养 | 女人 | 妈咪 | 妈妈 | 婴儿 | 宝宝 | 母亲 | 爱
👩🏽‍🍼	woman feeding baby: medium skin tone	哺乳的女人: 中等肤色	woman feeding baby medium skin tone | 哺乳的女人 中等肤色 | baby | feed | feeding | medium skin tone | mom | mother | nanny | newborn | nursing | woman | 中等肤色 | 人物 | 保姆 | 哺乳 | 哺乳的女人 | 喂养 | 女人 | 妈咪 | 妈妈 | 婴儿 | 宝宝 | 母亲 | 爱
👩🏾‍🍼	woman feeding baby: medium-dark skin tone	哺乳的女人: 中等-深肤色	woman feeding baby medium dark skin tone | 哺乳的女人 中等 深肤色 | baby | feed | feeding | medium dark skin tone | mom | mother | nanny | newborn | nursing | woman | 中等 深肤色 | 人物 | 保姆 | 哺乳 | 哺乳的女人 | 喂养 | 女人 | 妈咪 | 妈妈 | 婴儿 | 宝宝 | 母亲 | 爱
👩🏿‍🍼	woman feeding baby: dark skin tone	哺乳的女人: 较深肤色	woman feeding baby dark skin tone | 哺乳的女人 较深肤色 | baby | dark skin tone | feed | feeding | mom | mother | nanny | newborn | nursing | woman | 人物 | 保姆 | 哺乳 | 哺乳的女人 | 喂养 | 女人 | 妈咪 | 妈妈 | 婴儿 | 宝宝 | 母亲 | 爱 | 较深肤色
👨‍🍼	man feeding baby	哺乳的男人	man feeding baby | 哺乳的男人 | baby | dad | father | feed | feeding | man | nanny | newborn | nursing | 人物 | 保姆 | 哺乳 | 哺育 | 喂养 | 婴儿 | 宝宝 | 新生儿 | 爱 | 父亲 | 父子情 | 父爱 | 男人
👨🏻‍🍼	man feeding baby: light skin tone	哺乳的男人: 较浅肤色	man feeding baby light skin tone | 哺乳的男人 较浅肤色 | baby | dad | father | feed | feeding | light skin tone | man | nanny | newborn | nursing | 人物 | 保姆 | 哺乳 | 哺乳的男人 | 哺育 | 喂养 | 婴儿 | 宝宝 | 新生儿 | 爱 | 父亲 | 父子情 | 父爱 | 男人 | 较浅肤色
👨🏼‍🍼	man feeding baby: medium-light skin tone	哺乳的男人: 中等-浅肤色	man feeding baby medium light skin tone | 哺乳的男人 中等 浅肤色 | baby | dad | father | feed | feeding | man | medium light skin tone | nanny | newborn | nursing | 中等 浅肤色 | 人物 | 保姆 | 哺乳 | 哺乳的男人 | 哺育 | 喂养 | 婴儿 | 宝宝 | 新生儿 | 爱 | 父亲 | 父子情 | 父爱 | 男人
👨🏽‍🍼	man feeding baby: medium skin tone	哺乳的男人: 中等肤色	man feeding baby medium skin tone | 哺乳的男人 中等肤色 | baby | dad | father | feed | feeding | man | medium skin tone | nanny | newborn | nursing | 中等肤色 | 人物 | 保姆 | 哺乳 | 哺乳的男人 | 哺育 | 喂养 | 婴儿 | 宝宝 | 新生儿 | 爱 | 父亲 | 父子情 | 父爱 | 男人
👨🏾‍🍼	man feeding baby: medium-dark skin tone	哺乳的男人: 中等-深肤色	man feeding baby medium dark skin tone | 哺乳的男人 中等 深肤色 | baby | dad | father | feed | feeding | man | medium dark skin tone | nanny | newborn | nursing | 中等 深肤色 | 人物 | 保姆 | 哺乳 | 哺乳的男人 | 哺育 | 喂养 | 婴儿 | 宝宝 | 新生儿 | 爱 | 父亲 | 父子情 | 父爱 | 男人
👨🏿‍🍼	man feeding baby: dark skin tone	哺乳的男人: 较深肤色	man feeding baby dark skin tone | 哺乳的男人 较深肤色 | baby | dad | dark skin tone | father | feed | feeding | man | nanny | newborn | nursing | 人物 | 保姆 | 哺乳 | 哺乳的男人 | 哺育 | 喂养 | 婴儿 | 宝宝 | 新生儿 | 爱 | 父亲 | 父子情 | 父爱 | 男人 | 较深肤色
🧑‍🍼	person feeding baby	哺乳的人	person feeding baby | 哺乳的人 | baby | feed | feeding | nanny | newborn | nursing | parent | 人 | 人物 | 保姆 | 哺乳 | 哺育 | 喂养 | 婴儿 | 宝宝 | 新生儿
🧑🏻‍🍼	person feeding baby: light skin tone	哺乳的人: 较浅肤色	person feeding baby light skin tone | 哺乳的人 较浅肤色 | baby | feed | feeding | light skin tone | nanny | newborn | nursing | parent | 人 | 人物 | 保姆 | 哺乳 | 哺乳的人 | 哺育 | 喂养 | 婴儿 | 宝宝 | 新生儿 | 较浅肤色
🧑🏼‍🍼	person feeding baby: medium-light skin tone	哺乳的人: 中等-浅肤色	person feeding baby medium light skin tone | 哺乳的人 中等 浅肤色 | baby | feed | feeding | medium light skin tone | nanny | newborn | nursing | parent | 中等 浅肤色 | 人 | 人物 | 保姆 | 哺乳 | 哺乳的人 | 哺育 | 喂养 | 婴儿 | 宝宝 | 新生儿
🧑🏽‍🍼	person feeding baby: medium skin tone	哺乳的人: 中等肤色	person feeding baby medium skin tone | 哺乳的人 中等肤色 | baby | feed | feeding | medium skin tone | nanny | newborn | nursing | parent | 中等肤色 | 人 | 人物 | 保姆 | 哺乳 | 哺乳的人 | 哺育 | 喂养 | 婴儿 | 宝宝 | 新生儿
🧑🏾‍🍼	person feeding baby: medium-dark skin tone	哺乳的人: 中等-深肤色	person feeding baby medium dark skin tone | 哺乳的人 中等 深肤色 | baby | feed | feeding | medium dark skin tone | nanny | newborn | nursing | parent | 中等 深肤色 | 人 | 人物 | 保姆 | 哺乳 | 哺乳的人 | 哺育 | 喂养 | 婴儿 | 宝宝 | 新生儿
🧑🏿‍🍼	person feeding baby: dark skin tone	哺乳的人: 较深肤色	person feeding baby dark skin tone | 哺乳的人 较深肤色 | baby | dark skin tone | feed | feeding | nanny | newborn | nursing | parent | 人 | 人物 | 保姆 | 哺乳 | 哺乳的人 | 哺育 | 喂养 | 婴儿 | 宝宝 | 新生儿 | 较深肤色
👼	baby angel	小天使	baby angel | 小天使 | angel | baby | church | face | fairy | fairytale | fantasy | tale | 儿童 | 天使 | 孩子
👼🏻	baby angel: light skin tone	小天使: 较浅肤色	baby angel light skin tone | 小天使 较浅肤色 | angel | baby | church | face | fairy | fairytale | fantasy | light skin tone | tale | 儿童 | 天使 | 孩子 | 小天使 | 较浅肤色
👼🏼	baby angel: medium-light skin tone	小天使: 中等-浅肤色	baby angel medium light skin tone | 小天使 中等 浅肤色 | angel | baby | church | face | fairy | fairytale | fantasy | medium light skin tone | tale | 中等 浅肤色 | 儿童 | 天使 | 孩子 | 小天使
👼🏽	baby angel: medium skin tone	小天使: 中等肤色	baby angel medium skin tone | 小天使 中等肤色 | angel | baby | church | face | fairy | fairytale | fantasy | medium skin tone | tale | 中等肤色 | 儿童 | 天使 | 孩子 | 小天使
👼🏾	baby angel: medium-dark skin tone	小天使: 中等-深肤色	baby angel medium dark skin tone | 小天使 中等 深肤色 | angel | baby | church | face | fairy | fairytale | fantasy | medium dark skin tone | tale | 中等 深肤色 | 儿童 | 天使 | 孩子 | 小天使
👼🏿	baby angel: dark skin tone	小天使: 较深肤色	baby angel dark skin tone | 小天使 较深肤色 | angel | baby | church | dark skin tone | face | fairy | fairytale | fantasy | tale | 儿童 | 天使 | 孩子 | 小天使 | 较深肤色
🎅	Santa Claus	圣诞老人	santa claus | 圣诞老人 | celebration | christmas | claus | fairy | fantasy | father | holiday | merry | santa | tale | xmas | 圣诞 | 圣诞节 | 节日
🎅🏻	Santa Claus: light skin tone	圣诞老人: 较浅肤色	santa claus light skin tone | 圣诞老人 较浅肤色 | celebration | christmas | claus | fairy | fantasy | father | holiday | light skin tone | merry | santa | tale | xmas | 圣诞 | 圣诞老人 | 圣诞节 | 节日 | 较浅肤色
🎅🏼	Santa Claus: medium-light skin tone	圣诞老人: 中等-浅肤色	santa claus medium light skin tone | 圣诞老人 中等 浅肤色 | celebration | christmas | claus | fairy | fantasy | father | holiday | medium light skin tone | merry | santa | tale | xmas | 中等 浅肤色 | 圣诞 | 圣诞老人 | 圣诞节 | 节日
🎅🏽	Santa Claus: medium skin tone	圣诞老人: 中等肤色	santa claus medium skin tone | 圣诞老人 中等肤色 | celebration | christmas | claus | fairy | fantasy | father | holiday | medium skin tone | merry | santa | tale | xmas | 中等肤色 | 圣诞 | 圣诞老人 | 圣诞节 | 节日
🎅🏾	Santa Claus: medium-dark skin tone	圣诞老人: 中等-深肤色	santa claus medium dark skin tone | 圣诞老人 中等 深肤色 | celebration | christmas | claus | fairy | fantasy | father | holiday | medium dark skin tone | merry | santa | tale | xmas | 中等 深肤色 | 圣诞 | 圣诞老人 | 圣诞节 | 节日
🎅🏿	Santa Claus: dark skin tone	圣诞老人: 较深肤色	santa claus dark skin tone | 圣诞老人 较深肤色 | celebration | christmas | claus | dark skin tone | fairy | fantasy | father | holiday | merry | santa | tale | xmas | 圣诞 | 圣诞老人 | 圣诞节 | 节日 | 较深肤色
🤶	Mrs. Claus	圣诞奶奶	mrs. claus | 圣诞奶奶 | celebration | christmas | claus | fairy | fantasy | holiday | merry | mother | mrs | santa | tale | xmas | 圣诞 | 圣诞节 | 节日
🤶🏻	Mrs. Claus: light skin tone	圣诞奶奶: 较浅肤色	mrs. claus light skin tone | 圣诞奶奶 较浅肤色 | celebration | christmas | claus | fairy | fantasy | holiday | light skin tone | merry | mother | mrs | santa | tale | xmas | 圣诞 | 圣诞奶奶 | 圣诞节 | 节日 | 较浅肤色
🤶🏼	Mrs. Claus: medium-light skin tone	圣诞奶奶: 中等-浅肤色	mrs. claus medium light skin tone | 圣诞奶奶 中等 浅肤色 | celebration | christmas | claus | fairy | fantasy | holiday | medium light skin tone | merry | mother | mrs | santa | tale | xmas | 中等 浅肤色 | 圣诞 | 圣诞奶奶 | 圣诞节 | 节日
🤶🏽	Mrs. Claus: medium skin tone	圣诞奶奶: 中等肤色	mrs. claus medium skin tone | 圣诞奶奶 中等肤色 | celebration | christmas | claus | fairy | fantasy | holiday | medium skin tone | merry | mother | mrs | santa | tale | xmas | 中等肤色 | 圣诞 | 圣诞奶奶 | 圣诞节 | 节日
🤶🏾	Mrs. Claus: medium-dark skin tone	圣诞奶奶: 中等-深肤色	mrs. claus medium dark skin tone | 圣诞奶奶 中等 深肤色 | celebration | christmas | claus | fairy | fantasy | holiday | medium dark skin tone | merry | mother | mrs | santa | tale | xmas | 中等 深肤色 | 圣诞 | 圣诞奶奶 | 圣诞节 | 节日
🤶🏿	Mrs. Claus: dark skin tone	圣诞奶奶: 较深肤色	mrs. claus dark skin tone | 圣诞奶奶 较深肤色 | celebration | christmas | claus | dark skin tone | fairy | fantasy | holiday | merry | mother | mrs | santa | tale | xmas | 圣诞 | 圣诞奶奶 | 圣诞节 | 节日 | 较深肤色
🧑‍🎄	Mx Claus	圣诞人	mx claus | 圣诞人 | celebration | christmas | claus | fairy | fantasy | holiday | merry | mx | santa | tale | xmas | 人 | 人物 | 圣诞 | 圣诞帽 | 圣诞快乐 | 圣诞老人 | 圣诞老公公 | 节日
🧑🏻‍🎄	Mx Claus: light skin tone	圣诞人: 较浅肤色	mx claus light skin tone | 圣诞人 较浅肤色 | celebration | christmas | claus | fairy | fantasy | holiday | light skin tone | merry | mx | santa | tale | xmas | 人 | 人物 | 圣诞 | 圣诞人 | 圣诞帽 | 圣诞快乐 | 圣诞老人 | 圣诞老公公 | 节日 | 较浅肤色
🧑🏼‍🎄	Mx Claus: medium-light skin tone	圣诞人: 中等-浅肤色	mx claus medium light skin tone | 圣诞人 中等 浅肤色 | celebration | christmas | claus | fairy | fantasy | holiday | medium light skin tone | merry | mx | santa | tale | xmas | 中等 浅肤色 | 人 | 人物 | 圣诞 | 圣诞人 | 圣诞帽 | 圣诞快乐 | 圣诞老人 | 圣诞老公公 | 节日
🧑🏽‍🎄	Mx Claus: medium skin tone	圣诞人: 中等肤色	mx claus medium skin tone | 圣诞人 中等肤色 | celebration | christmas | claus | fairy | fantasy | holiday | medium skin tone | merry | mx | santa | tale | xmas | 中等肤色 | 人 | 人物 | 圣诞 | 圣诞人 | 圣诞帽 | 圣诞快乐 | 圣诞老人 | 圣诞老公公 | 节日
🧑🏾‍🎄	Mx Claus: medium-dark skin tone	圣诞人: 中等-深肤色	mx claus medium dark skin tone | 圣诞人 中等 深肤色 | celebration | christmas | claus | fairy | fantasy | holiday | medium dark skin tone | merry | mx | santa | tale | xmas | 中等 深肤色 | 人 | 人物 | 圣诞 | 圣诞人 | 圣诞帽 | 圣诞快乐 | 圣诞老人 | 圣诞老公公 | 节日
🧑🏿‍🎄	Mx Claus: dark skin tone	圣诞人: 较深肤色	mx claus dark skin tone | 圣诞人 较深肤色 | celebration | christmas | claus | dark skin tone | fairy | fantasy | holiday | merry | mx | santa | tale | xmas | 人 | 人物 | 圣诞 | 圣诞人 | 圣诞帽 | 圣诞快乐 | 圣诞老人 | 圣诞老公公 | 节日 | 较深肤色
🦸	superhero	超级英雄	superhero | 超级英雄 | good | hero | superpower | 女英雄 | 女超人 | 好人 | 英雄 | 蝙蝠侠 | 超人 | 超能力
🦸🏻	superhero: light skin tone	超级英雄: 较浅肤色	superhero light skin tone | 超级英雄 较浅肤色 | good | hero | light skin tone | superhero | superpower | 女英雄 | 女超人 | 好人 | 英雄 | 蝙蝠侠 | 超人 | 超级英雄 | 超能力 | 较浅肤色
🦸🏼	superhero: medium-light skin tone	超级英雄: 中等-浅肤色	superhero medium light skin tone | 超级英雄 中等 浅肤色 | good | hero | medium light skin tone | superhero | superpower | 中等 浅肤色 | 女英雄 | 女超人 | 好人 | 英雄 | 蝙蝠侠 | 超人 | 超级英雄 | 超能力
🦸🏽	superhero: medium skin tone	超级英雄: 中等肤色	superhero medium skin tone | 超级英雄 中等肤色 | good | hero | medium skin tone | superhero | superpower | 中等肤色 | 女英雄 | 女超人 | 好人 | 英雄 | 蝙蝠侠 | 超人 | 超级英雄 | 超能力
🦸🏾	superhero: medium-dark skin tone	超级英雄: 中等-深肤色	superhero medium dark skin tone | 超级英雄 中等 深肤色 | good | hero | medium dark skin tone | superhero | superpower | 中等 深肤色 | 女英雄 | 女超人 | 好人 | 英雄 | 蝙蝠侠 | 超人 | 超级英雄 | 超能力
🦸🏿	superhero: dark skin tone	超级英雄: 较深肤色	superhero dark skin tone | 超级英雄 较深肤色 | dark skin tone | good | hero | superhero | superpower | 女英雄 | 女超人 | 好人 | 英雄 | 蝙蝠侠 | 超人 | 超级英雄 | 超能力 | 较深肤色
🦸‍♂️	man superhero	男超级英雄	man superhero | 男超级英雄 | good | hero | man | superhero | superpower | 好人 | 男人 | 英雄 | 超能力
🦸🏻‍♂️	man superhero: light skin tone	男超级英雄: 较浅肤色	man superhero light skin tone | 男超级英雄 较浅肤色 | good | hero | light skin tone | man | superhero | superpower | 好人 | 男人 | 男超级英雄 | 英雄 | 超能力 | 较浅肤色
🦸🏼‍♂️	man superhero: medium-light skin tone	男超级英雄: 中等-浅肤色	man superhero medium light skin tone | 男超级英雄 中等 浅肤色 | good | hero | man | medium light skin tone | superhero | superpower | 中等 浅肤色 | 好人 | 男人 | 男超级英雄 | 英雄 | 超能力
🦸🏽‍♂️	man superhero: medium skin tone	男超级英雄: 中等肤色	man superhero medium skin tone | 男超级英雄 中等肤色 | good | hero | man | medium skin tone | superhero | superpower | 中等肤色 | 好人 | 男人 | 男超级英雄 | 英雄 | 超能力
🦸🏾‍♂️	man superhero: medium-dark skin tone	男超级英雄: 中等-深肤色	man superhero medium dark skin tone | 男超级英雄 中等 深肤色 | good | hero | man | medium dark skin tone | superhero | superpower | 中等 深肤色 | 好人 | 男人 | 男超级英雄 | 英雄 | 超能力
🦸🏿‍♂️	man superhero: dark skin tone	男超级英雄: 较深肤色	man superhero dark skin tone | 男超级英雄 较深肤色 | dark skin tone | good | hero | man | superhero | superpower | 好人 | 男人 | 男超级英雄 | 英雄 | 超能力 | 较深肤色
🦸‍♀️	woman superhero	女超级英雄	woman superhero | 女超级英雄 | good | hero | heroine | superhero | superpower | woman | 女人 | 好人 | 英雄 | 超能力
🦸🏻‍♀️	woman superhero: light skin tone	女超级英雄: 较浅肤色	woman superhero light skin tone | 女超级英雄 较浅肤色 | good | hero | heroine | light skin tone | superhero | superpower | woman | 女人 | 女超级英雄 | 好人 | 英雄 | 超能力 | 较浅肤色
🦸🏼‍♀️	woman superhero: medium-light skin tone	女超级英雄: 中等-浅肤色	woman superhero medium light skin tone | 女超级英雄 中等 浅肤色 | good | hero | heroine | medium light skin tone | superhero | superpower | woman | 中等 浅肤色 | 女人 | 女超级英雄 | 好人 | 英雄 | 超能力
🦸🏽‍♀️	woman superhero: medium skin tone	女超级英雄: 中等肤色	woman superhero medium skin tone | 女超级英雄 中等肤色 | good | hero | heroine | medium skin tone | superhero | superpower | woman | 中等肤色 | 女人 | 女超级英雄 | 好人 | 英雄 | 超能力
🦸🏾‍♀️	woman superhero: medium-dark skin tone	女超级英雄: 中等-深肤色	woman superhero medium dark skin tone | 女超级英雄 中等 深肤色 | good | hero | heroine | medium dark skin tone | superhero | superpower | woman | 中等 深肤色 | 女人 | 女超级英雄 | 好人 | 英雄 | 超能力
🦸🏿‍♀️	woman superhero: dark skin tone	女超级英雄: 较深肤色	woman superhero dark skin tone | 女超级英雄 较深肤色 | dark skin tone | good | hero | heroine | superhero | superpower | woman | 女人 | 女超级英雄 | 好人 | 英雄 | 超能力 | 较深肤色
🦹	supervillain	超级大坏蛋	supervillain | 超级大坏蛋 | bad | criminal | evil | superpower | villain | 人 | 坏蛋 | 大反派 | 恶魔 | 罪犯 | 超级恶棍 | 超能力 | 邪恶
🦹🏻	supervillain: light skin tone	超级大坏蛋: 较浅肤色	supervillain light skin tone | 超级大坏蛋 较浅肤色 | bad | criminal | evil | light skin tone | superpower | supervillain | villain | 人 | 坏蛋 | 大反派 | 恶魔 | 罪犯 | 超级大坏蛋 | 超级恶棍 | 超能力 | 较浅肤色 | 邪恶
🦹🏼	supervillain: medium-light skin tone	超级大坏蛋: 中等-浅肤色	supervillain medium light skin tone | 超级大坏蛋 中等 浅肤色 | bad | criminal | evil | medium light skin tone | superpower | supervillain | villain | 中等 浅肤色 | 人 | 坏蛋 | 大反派 | 恶魔 | 罪犯 | 超级大坏蛋 | 超级恶棍 | 超能力 | 邪恶
🦹🏽	supervillain: medium skin tone	超级大坏蛋: 中等肤色	supervillain medium skin tone | 超级大坏蛋 中等肤色 | bad | criminal | evil | medium skin tone | superpower | supervillain | villain | 中等肤色 | 人 | 坏蛋 | 大反派 | 恶魔 | 罪犯 | 超级大坏蛋 | 超级恶棍 | 超能力 | 邪恶
🦹🏾	supervillain: medium-dark skin tone	超级大坏蛋: 中等-深肤色	supervillain medium dark skin tone | 超级大坏蛋 中等 深肤色 | bad | criminal | evil | medium dark skin tone | superpower | supervillain | villain | 中等 深肤色 | 人 | 坏蛋 | 大反派 | 恶魔 | 罪犯 | 超级大坏蛋 | 超级恶棍 | 超能力 | 邪恶
🦹🏿	supervillain: dark skin tone	超级大坏蛋: 较深肤色	supervillain dark skin tone | 超级大坏蛋 较深肤色 | bad | criminal | dark skin tone | evil | superpower | supervillain | villain | 人 | 坏蛋 | 大反派 | 恶魔 | 罪犯 | 超级大坏蛋 | 超级恶棍 | 超能力 | 较深肤色 | 邪恶
🦹‍♂️	man supervillain	男超级大坏蛋	man supervillain | 男超级大坏蛋 | bad | criminal | evil | man | superpower | supervillain | villain | 坏蛋 | 男人 | 罪犯 | 超能力
🦹🏻‍♂️	man supervillain: light skin tone	男超级大坏蛋: 较浅肤色	man supervillain light skin tone | 男超级大坏蛋 较浅肤色 | bad | criminal | evil | light skin tone | man | superpower | supervillain | villain | 坏蛋 | 男人 | 男超级大坏蛋 | 罪犯 | 超能力 | 较浅肤色
🦹🏼‍♂️	man supervillain: medium-light skin tone	男超级大坏蛋: 中等-浅肤色	man supervillain medium light skin tone | 男超级大坏蛋 中等 浅肤色 | bad | criminal | evil | man | medium light skin tone | superpower | supervillain | villain | 中等 浅肤色 | 坏蛋 | 男人 | 男超级大坏蛋 | 罪犯 | 超能力
🦹🏽‍♂️	man supervillain: medium skin tone	男超级大坏蛋: 中等肤色	man supervillain medium skin tone | 男超级大坏蛋 中等肤色 | bad | criminal | evil | man | medium skin tone | superpower | supervillain | villain | 中等肤色 | 坏蛋 | 男人 | 男超级大坏蛋 | 罪犯 | 超能力
🦹🏾‍♂️	man supervillain: medium-dark skin tone	男超级大坏蛋: 中等-深肤色	man supervillain medium dark skin tone | 男超级大坏蛋 中等 深肤色 | bad | criminal | evil | man | medium dark skin tone | superpower | supervillain | villain | 中等 深肤色 | 坏蛋 | 男人 | 男超级大坏蛋 | 罪犯 | 超能力
🦹🏿‍♂️	man supervillain: dark skin tone	男超级大坏蛋: 较深肤色	man supervillain dark skin tone | 男超级大坏蛋 较深肤色 | bad | criminal | dark skin tone | evil | man | superpower | supervillain | villain | 坏蛋 | 男人 | 男超级大坏蛋 | 罪犯 | 超能力 | 较深肤色
🦹‍♀️	woman supervillain	女超级大坏蛋	woman supervillain | 女超级大坏蛋 | bad | criminal | evil | superpower | supervillain | villain | woman | 坏蛋 | 女人 | 罪犯 | 超能力
🦹🏻‍♀️	woman supervillain: light skin tone	女超级大坏蛋: 较浅肤色	woman supervillain light skin tone | 女超级大坏蛋 较浅肤色 | bad | criminal | evil | light skin tone | superpower | supervillain | villain | woman | 坏蛋 | 女人 | 女超级大坏蛋 | 罪犯 | 超能力 | 较浅肤色
🦹🏼‍♀️	woman supervillain: medium-light skin tone	女超级大坏蛋: 中等-浅肤色	woman supervillain medium light skin tone | 女超级大坏蛋 中等 浅肤色 | bad | criminal | evil | medium light skin tone | superpower | supervillain | villain | woman | 中等 浅肤色 | 坏蛋 | 女人 | 女超级大坏蛋 | 罪犯 | 超能力
🦹🏽‍♀️	woman supervillain: medium skin tone	女超级大坏蛋: 中等肤色	woman supervillain medium skin tone | 女超级大坏蛋 中等肤色 | bad | criminal | evil | medium skin tone | superpower | supervillain | villain | woman | 中等肤色 | 坏蛋 | 女人 | 女超级大坏蛋 | 罪犯 | 超能力
🦹🏾‍♀️	woman supervillain: medium-dark skin tone	女超级大坏蛋: 中等-深肤色	woman supervillain medium dark skin tone | 女超级大坏蛋 中等 深肤色 | bad | criminal | evil | medium dark skin tone | superpower | supervillain | villain | woman | 中等 深肤色 | 坏蛋 | 女人 | 女超级大坏蛋 | 罪犯 | 超能力
🦹🏿‍♀️	woman supervillain: dark skin tone	女超级大坏蛋: 较深肤色	woman supervillain dark skin tone | 女超级大坏蛋 较深肤色 | bad | criminal | dark skin tone | evil | superpower | supervillain | villain | woman | 坏蛋 | 女人 | 女超级大坏蛋 | 罪犯 | 超能力 | 较深肤色
🧙	mage	法师	mage | 法师 | fantasy | magic | play | sorcerer | sorceress | sorcery | spell | summon | witch | wizard | 召唤 | 女巫 | 女魔术师 | 巫师 | 智者 | 法术 | 男巫 | 男魔术师 | 魔咒 | 魔术师
🧙🏻	mage: light skin tone	法师: 较浅肤色	mage light skin tone | 法师 较浅肤色 | fantasy | light skin tone | mage | magic | play | sorcerer | sorceress | sorcery | spell | summon | witch | wizard | 召唤 | 女巫 | 女魔术师 | 巫师 | 智者 | 法师 | 法术 | 男巫 | 男魔术师 | 较浅肤色 | 魔咒 | 魔术师
🧙🏼	mage: medium-light skin tone	法师: 中等-浅肤色	mage medium light skin tone | 法师 中等 浅肤色 | fantasy | mage | magic | medium light skin tone | play | sorcerer | sorceress | sorcery | spell | summon | witch | wizard | 中等 浅肤色 | 召唤 | 女巫 | 女魔术师 | 巫师 | 智者 | 法师 | 法术 | 男巫 | 男魔术师 | 魔咒 | 魔术师
🧙🏽	mage: medium skin tone	法师: 中等肤色	mage medium skin tone | 法师 中等肤色 | fantasy | mage | magic | medium skin tone | play | sorcerer | sorceress | sorcery | spell | summon | witch | wizard | 中等肤色 | 召唤 | 女巫 | 女魔术师 | 巫师 | 智者 | 法师 | 法术 | 男巫 | 男魔术师 | 魔咒 | 魔术师
🧙🏾	mage: medium-dark skin tone	法师: 中等-深肤色	mage medium dark skin tone | 法师 中等 深肤色 | fantasy | mage | magic | medium dark skin tone | play | sorcerer | sorceress | sorcery | spell | summon | witch | wizard | 中等 深肤色 | 召唤 | 女巫 | 女魔术师 | 巫师 | 智者 | 法师 | 法术 | 男巫 | 男魔术师 | 魔咒 | 魔术师
🧙🏿	mage: dark skin tone	法师: 较深肤色	mage dark skin tone | 法师 较深肤色 | dark skin tone | fantasy | mage | magic | play | sorcerer | sorceress | sorcery | spell | summon | witch | wizard | 召唤 | 女巫 | 女魔术师 | 巫师 | 智者 | 法师 | 法术 | 男巫 | 男魔术师 | 较深肤色 | 魔咒 | 魔术师
🧙‍♂️	man mage	男法师	man mage | 男法师 | fantasy | mage | magic | man | play | sorcerer | sorceress | sorcery | spell | summon | witch | wizard | 男巫 | 男魔术师
🧙🏻‍♂️	man mage: light skin tone	男法师: 较浅肤色	man mage light skin tone | 男法师 较浅肤色 | fantasy | light skin tone | mage | magic | man | play | sorcerer | sorceress | sorcery | spell | summon | witch | wizard | 男巫 | 男法师 | 男魔术师 | 较浅肤色
🧙🏼‍♂️	man mage: medium-light skin tone	男法师: 中等-浅肤色	man mage medium light skin tone | 男法师 中等 浅肤色 | fantasy | mage | magic | man | medium light skin tone | play | sorcerer | sorceress | sorcery | spell | summon | witch | wizard | 中等 浅肤色 | 男巫 | 男法师 | 男魔术师
🧙🏽‍♂️	man mage: medium skin tone	男法师: 中等肤色	man mage medium skin tone | 男法师 中等肤色 | fantasy | mage | magic | man | medium skin tone | play | sorcerer | sorceress | sorcery | spell | summon | witch | wizard | 中等肤色 | 男巫 | 男法师 | 男魔术师
🧙🏾‍♂️	man mage: medium-dark skin tone	男法师: 中等-深肤色	man mage medium dark skin tone | 男法师 中等 深肤色 | fantasy | mage | magic | man | medium dark skin tone | play | sorcerer | sorceress | sorcery | spell | summon | witch | wizard | 中等 深肤色 | 男巫 | 男法师 | 男魔术师
🧙🏿‍♂️	man mage: dark skin tone	男法师: 较深肤色	man mage dark skin tone | 男法师 较深肤色 | dark skin tone | fantasy | mage | magic | man | play | sorcerer | sorceress | sorcery | spell | summon | witch | wizard | 男巫 | 男法师 | 男魔术师 | 较深肤色
🧙‍♀️	woman mage	女法师	woman mage | 女法师 | fantasy | mage | magic | play | sorcerer | sorceress | sorcery | spell | summon | witch | wizard | woman | 女巫 | 女魔术师
🧙🏻‍♀️	woman mage: light skin tone	女法师: 较浅肤色	woman mage light skin tone | 女法师 较浅肤色 | fantasy | light skin tone | mage | magic | play | sorcerer | sorceress | sorcery | spell | summon | witch | wizard | woman | 女巫 | 女法师 | 女魔术师 | 较浅肤色
🧙🏼‍♀️	woman mage: medium-light skin tone	女法师: 中等-浅肤色	woman mage medium light skin tone | 女法师 中等 浅肤色 | fantasy | mage | magic | medium light skin tone | play | sorcerer | sorceress | sorcery | spell | summon | witch | wizard | woman | 中等 浅肤色 | 女巫 | 女法师 | 女魔术师
🧙🏽‍♀️	woman mage: medium skin tone	女法师: 中等肤色	woman mage medium skin tone | 女法师 中等肤色 | fantasy | mage | magic | medium skin tone | play | sorcerer | sorceress | sorcery | spell | summon | witch | wizard | woman | 中等肤色 | 女巫 | 女法师 | 女魔术师
🧙🏾‍♀️	woman mage: medium-dark skin tone	女法师: 中等-深肤色	woman mage medium dark skin tone | 女法师 中等 深肤色 | fantasy | mage | magic | medium dark skin tone | play | sorcerer | sorceress | sorcery | spell | summon | witch | wizard | woman | 中等 深肤色 | 女巫 | 女法师 | 女魔术师
🧙🏿‍♀️	woman mage: dark skin tone	女法师: 较深肤色	woman mage dark skin tone | 女法师 较深肤色 | dark skin tone | fantasy | mage | magic | play | sorcerer | sorceress | sorcery | spell | summon | witch | wizard | woman | 女巫 | 女法师 | 女魔术师 | 较深肤色
🧚	fairy	精灵	fairy | 精灵 | fairytale | fantasy | myth | person | pixie | tale | wings | 仙女 | 仙子 | 童话 | 翅膀
🧚🏻	fairy: light skin tone	精灵: 较浅肤色	fairy light skin tone | 精灵 较浅肤色 | fairy | fairytale | fantasy | light skin tone | myth | person | pixie | tale | wings | 仙女 | 仙子 | 童话 | 精灵 | 翅膀 | 较浅肤色
🧚🏼	fairy: medium-light skin tone	精灵: 中等-浅肤色	fairy medium light skin tone | 精灵 中等 浅肤色 | fairy | fairytale | fantasy | medium light skin tone | myth | person | pixie | tale | wings | 中等 浅肤色 | 仙女 | 仙子 | 童话 | 精灵 | 翅膀
🧚🏽	fairy: medium skin tone	精灵: 中等肤色	fairy medium skin tone | 精灵 中等肤色 | fairy | fairytale | fantasy | medium skin tone | myth | person | pixie | tale | wings | 中等肤色 | 仙女 | 仙子 | 童话 | 精灵 | 翅膀
🧚🏾	fairy: medium-dark skin tone	精灵: 中等-深肤色	fairy medium dark skin tone | 精灵 中等 深肤色 | fairy | fairytale | fantasy | medium dark skin tone | myth | person | pixie | tale | wings | 中等 深肤色 | 仙女 | 仙子 | 童话 | 精灵 | 翅膀
🧚🏿	fairy: dark skin tone	精灵: 较深肤色	fairy dark skin tone | 精灵 较深肤色 | dark skin tone | fairy | fairytale | fantasy | myth | person | pixie | tale | wings | 仙女 | 仙子 | 童话 | 精灵 | 翅膀 | 较深肤色
🧚‍♂️	man fairy	仙人	man fairy | 仙人 | fairy | fairytale | fantasy | man | myth | oberon | person | pixie | puck | tale | wings | 仙男 | 天卫十五 | 天卫四 | 男精灵
🧚🏻‍♂️	man fairy: light skin tone	仙人: 较浅肤色	man fairy light skin tone | 仙人 较浅肤色 | fairy | fairytale | fantasy | light skin tone | man | myth | oberon | person | pixie | puck | tale | wings | 仙人 | 仙男 | 天卫十五 | 天卫四 | 男精灵 | 较浅肤色
🧚🏼‍♂️	man fairy: medium-light skin tone	仙人: 中等-浅肤色	man fairy medium light skin tone | 仙人 中等 浅肤色 | fairy | fairytale | fantasy | man | medium light skin tone | myth | oberon | person | pixie | puck | tale | wings | 中等 浅肤色 | 仙人 | 仙男 | 天卫十五 | 天卫四 | 男精灵
🧚🏽‍♂️	man fairy: medium skin tone	仙人: 中等肤色	man fairy medium skin tone | 仙人 中等肤色 | fairy | fairytale | fantasy | man | medium skin tone | myth | oberon | person | pixie | puck | tale | wings | 中等肤色 | 仙人 | 仙男 | 天卫十五 | 天卫四 | 男精灵
🧚🏾‍♂️	man fairy: medium-dark skin tone	仙人: 中等-深肤色	man fairy medium dark skin tone | 仙人 中等 深肤色 | fairy | fairytale | fantasy | man | medium dark skin tone | myth | oberon | person | pixie | puck | tale | wings | 中等 深肤色 | 仙人 | 仙男 | 天卫十五 | 天卫四 | 男精灵
🧚🏿‍♂️	man fairy: dark skin tone	仙人: 较深肤色	man fairy dark skin tone | 仙人 较深肤色 | dark skin tone | fairy | fairytale | fantasy | man | myth | oberon | person | pixie | puck | tale | wings | 仙人 | 仙男 | 天卫十五 | 天卫四 | 男精灵 | 较深肤色
🧚‍♀️	woman fairy	仙女	woman fairy | 仙女 | fairy | fairytale | fantasy | myth | person | pixie | tale | titania | wings | woman | 女精灵 | 妖精王后
🧚🏻‍♀️	woman fairy: light skin tone	仙女: 较浅肤色	woman fairy light skin tone | 仙女 较浅肤色 | fairy | fairytale | fantasy | light skin tone | myth | person | pixie | tale | titania | wings | woman | 仙女 | 女精灵 | 妖精王后 | 较浅肤色
🧚🏼‍♀️	woman fairy: medium-light skin tone	仙女: 中等-浅肤色	woman fairy medium light skin tone | 仙女 中等 浅肤色 | fairy | fairytale | fantasy | medium light skin tone | myth | person | pixie | tale | titania | wings | woman | 中等 浅肤色 | 仙女 | 女精灵 | 妖精王后
🧚🏽‍♀️	woman fairy: medium skin tone	仙女: 中等肤色	woman fairy medium skin tone | 仙女 中等肤色 | fairy | fairytale | fantasy | medium skin tone | myth | person | pixie | tale | titania | wings | woman | 中等肤色 | 仙女 | 女精灵 | 妖精王后
🧚🏾‍♀️	woman fairy: medium-dark skin tone	仙女: 中等-深肤色	woman fairy medium dark skin tone | 仙女 中等 深肤色 | fairy | fairytale | fantasy | medium dark skin tone | myth | person | pixie | tale | titania | wings | woman | 中等 深肤色 | 仙女 | 女精灵 | 妖精王后
🧚🏿‍♀️	woman fairy: dark skin tone	仙女: 较深肤色	woman fairy dark skin tone | 仙女 较深肤色 | dark skin tone | fairy | fairytale | fantasy | myth | person | pixie | tale | titania | wings | woman | 仙女 | 女精灵 | 妖精王后 | 较深肤色
🧛	vampire	吸血鬼	vampire | 吸血鬼 | blood | dracula | fangs | halloween | scary | supernatural | teeth | undead | 万圣节 | 不死族 | 利牙 | 恐怖 | 毒牙 | 装扮服装 | 超自然
🧛🏻	vampire: light skin tone	吸血鬼: 较浅肤色	vampire light skin tone | 吸血鬼 较浅肤色 | blood | dracula | fangs | halloween | light skin tone | scary | supernatural | teeth | undead | vampire | 万圣节 | 不死族 | 利牙 | 吸血鬼 | 恐怖 | 毒牙 | 装扮服装 | 超自然 | 较浅肤色
🧛🏼	vampire: medium-light skin tone	吸血鬼: 中等-浅肤色	vampire medium light skin tone | 吸血鬼 中等 浅肤色 | blood | dracula | fangs | halloween | medium light skin tone | scary | supernatural | teeth | undead | vampire | 万圣节 | 不死族 | 中等 浅肤色 | 利牙 | 吸血鬼 | 恐怖 | 毒牙 | 装扮服装 | 超自然
🧛🏽	vampire: medium skin tone	吸血鬼: 中等肤色	vampire medium skin tone | 吸血鬼 中等肤色 | blood | dracula | fangs | halloween | medium skin tone | scary | supernatural | teeth | undead | vampire | 万圣节 | 不死族 | 中等肤色 | 利牙 | 吸血鬼 | 恐怖 | 毒牙 | 装扮服装 | 超自然
🧛🏾	vampire: medium-dark skin tone	吸血鬼: 中等-深肤色	vampire medium dark skin tone | 吸血鬼 中等 深肤色 | blood | dracula | fangs | halloween | medium dark skin tone | scary | supernatural | teeth | undead | vampire | 万圣节 | 不死族 | 中等 深肤色 | 利牙 | 吸血鬼 | 恐怖 | 毒牙 | 装扮服装 | 超自然
🧛🏿	vampire: dark skin tone	吸血鬼: 较深肤色	vampire dark skin tone | 吸血鬼 较深肤色 | blood | dark skin tone | dracula | fangs | halloween | scary | supernatural | teeth | undead | vampire | 万圣节 | 不死族 | 利牙 | 吸血鬼 | 恐怖 | 毒牙 | 装扮服装 | 超自然 | 较深肤色
🧛‍♂️	man vampire	男吸血鬼	man vampire | 男吸血鬼 | blood | fangs | halloween | man | scary | supernatural | teeth | undead | vampire | 男不死族
🧛🏻‍♂️	man vampire: light skin tone	男吸血鬼: 较浅肤色	man vampire light skin tone | 男吸血鬼 较浅肤色 | blood | fangs | halloween | light skin tone | man | scary | supernatural | teeth | undead | vampire | 男不死族 | 男吸血鬼 | 较浅肤色
🧛🏼‍♂️	man vampire: medium-light skin tone	男吸血鬼: 中等-浅肤色	man vampire medium light skin tone | 男吸血鬼 中等 浅肤色 | blood | fangs | halloween | man | medium light skin tone | scary | supernatural | teeth | undead | vampire | 中等 浅肤色 | 男不死族 | 男吸血鬼
🧛🏽‍♂️	man vampire: medium skin tone	男吸血鬼: 中等肤色	man vampire medium skin tone | 男吸血鬼 中等肤色 | blood | fangs | halloween | man | medium skin tone | scary | supernatural | teeth | undead | vampire | 中等肤色 | 男不死族 | 男吸血鬼
🧛🏾‍♂️	man vampire: medium-dark skin tone	男吸血鬼: 中等-深肤色	man vampire medium dark skin tone | 男吸血鬼 中等 深肤色 | blood | fangs | halloween | man | medium dark skin tone | scary | supernatural | teeth | undead | vampire | 中等 深肤色 | 男不死族 | 男吸血鬼
🧛🏿‍♂️	man vampire: dark skin tone	男吸血鬼: 较深肤色	man vampire dark skin tone | 男吸血鬼 较深肤色 | blood | dark skin tone | fangs | halloween | man | scary | supernatural | teeth | undead | vampire | 男不死族 | 男吸血鬼 | 较深肤色
🧛‍♀️	woman vampire	女吸血鬼	woman vampire | 女吸血鬼 | blood | fangs | halloween | scary | supernatural | teeth | undead | vampire | woman | 女不死族
🧛🏻‍♀️	woman vampire: light skin tone	女吸血鬼: 较浅肤色	woman vampire light skin tone | 女吸血鬼 较浅肤色 | blood | fangs | halloween | light skin tone | scary | supernatural | teeth | undead | vampire | woman | 女不死族 | 女吸血鬼 | 较浅肤色
🧛🏼‍♀️	woman vampire: medium-light skin tone	女吸血鬼: 中等-浅肤色	woman vampire medium light skin tone | 女吸血鬼 中等 浅肤色 | blood | fangs | halloween | medium light skin tone | scary | supernatural | teeth | undead | vampire | woman | 中等 浅肤色 | 女不死族 | 女吸血鬼
🧛🏽‍♀️	woman vampire: medium skin tone	女吸血鬼: 中等肤色	woman vampire medium skin tone | 女吸血鬼 中等肤色 | blood | fangs | halloween | medium skin tone | scary | supernatural | teeth | undead | vampire | woman | 中等肤色 | 女不死族 | 女吸血鬼
🧛🏾‍♀️	woman vampire: medium-dark skin tone	女吸血鬼: 中等-深肤色	woman vampire medium dark skin tone | 女吸血鬼 中等 深肤色 | blood | fangs | halloween | medium dark skin tone | scary | supernatural | teeth | undead | vampire | woman | 中等 深肤色 | 女不死族 | 女吸血鬼
🧛🏿‍♀️	woman vampire: dark skin tone	女吸血鬼: 较深肤色	woman vampire dark skin tone | 女吸血鬼 较深肤色 | blood | dark skin tone | fangs | halloween | scary | supernatural | teeth | undead | vampire | woman | 女不死族 | 女吸血鬼 | 较深肤色
🧜	merperson	人鱼	merperson | 人鱼 | creature | fairytale | folklore | ocean | sea | siren | trident | 三叉戟 | 女人鱼 | 民间传说 | 海妖 | 海底 | 海洋生物 | 男人鱼 | 童话 | 美人鱼
🧜🏻	merperson: light skin tone	人鱼: 较浅肤色	merperson light skin tone | 人鱼 较浅肤色 | creature | fairytale | folklore | light skin tone | merperson | ocean | sea | siren | trident | 三叉戟 | 人鱼 | 女人鱼 | 民间传说 | 海妖 | 海底 | 海洋生物 | 男人鱼 | 童话 | 美人鱼 | 较浅肤色
🧜🏼	merperson: medium-light skin tone	人鱼: 中等-浅肤色	merperson medium light skin tone | 人鱼 中等 浅肤色 | creature | fairytale | folklore | medium light skin tone | merperson | ocean | sea | siren | trident | 三叉戟 | 中等 浅肤色 | 人鱼 | 女人鱼 | 民间传说 | 海妖 | 海底 | 海洋生物 | 男人鱼 | 童话 | 美人鱼
🧜🏽	merperson: medium skin tone	人鱼: 中等肤色	merperson medium skin tone | 人鱼 中等肤色 | creature | fairytale | folklore | medium skin tone | merperson | ocean | sea | siren | trident | 三叉戟 | 中等肤色 | 人鱼 | 女人鱼 | 民间传说 | 海妖 | 海底 | 海洋生物 | 男人鱼 | 童话 | 美人鱼
🧜🏾	merperson: medium-dark skin tone	人鱼: 中等-深肤色	merperson medium dark skin tone | 人鱼 中等 深肤色 | creature | fairytale | folklore | medium dark skin tone | merperson | ocean | sea | siren | trident | 三叉戟 | 中等 深肤色 | 人鱼 | 女人鱼 | 民间传说 | 海妖 | 海底 | 海洋生物 | 男人鱼 | 童话 | 美人鱼
🧜🏿	merperson: dark skin tone	人鱼: 较深肤色	merperson dark skin tone | 人鱼 较深肤色 | creature | dark skin tone | fairytale | folklore | merperson | ocean | sea | siren | trident | 三叉戟 | 人鱼 | 女人鱼 | 民间传说 | 海妖 | 海底 | 海洋生物 | 男人鱼 | 童话 | 美人鱼 | 较深肤色
🧜‍♂️	merman	男人鱼	merman | 男人鱼 | creature | fairytale | folklore | neptune | ocean | poseidon | sea | siren | trident | triton | 特里同
🧜🏻‍♂️	merman: light skin tone	男人鱼: 较浅肤色	merman light skin tone | 男人鱼 较浅肤色 | creature | fairytale | folklore | light skin tone | merman | neptune | ocean | poseidon | sea | siren | trident | triton | 特里同 | 男人鱼 | 较浅肤色
🧜🏼‍♂️	merman: medium-light skin tone	男人鱼: 中等-浅肤色	merman medium light skin tone | 男人鱼 中等 浅肤色 | creature | fairytale | folklore | medium light skin tone | merman | neptune | ocean | poseidon | sea | siren | trident | triton | 中等 浅肤色 | 特里同 | 男人鱼
🧜🏽‍♂️	merman: medium skin tone	男人鱼: 中等肤色	merman medium skin tone | 男人鱼 中等肤色 | creature | fairytale | folklore | medium skin tone | merman | neptune | ocean | poseidon | sea | siren | trident | triton | 中等肤色 | 特里同 | 男人鱼
🧜🏾‍♂️	merman: medium-dark skin tone	男人鱼: 中等-深肤色	merman medium dark skin tone | 男人鱼 中等 深肤色 | creature | fairytale | folklore | medium dark skin tone | merman | neptune | ocean | poseidon | sea | siren | trident | triton | 中等 深肤色 | 特里同 | 男人鱼
🧜🏿‍♂️	merman: dark skin tone	男人鱼: 较深肤色	merman dark skin tone | 男人鱼 较深肤色 | creature | dark skin tone | fairytale | folklore | merman | neptune | ocean | poseidon | sea | siren | trident | triton | 特里同 | 男人鱼 | 较深肤色
🧜‍♀️	mermaid	美人鱼	mermaid | 美人鱼 | creature | fairytale | folklore | merwoman | ocean | sea | siren | trident | 女人鱼
🧜🏻‍♀️	mermaid: light skin tone	美人鱼: 较浅肤色	mermaid light skin tone | 美人鱼 较浅肤色 | creature | fairytale | folklore | light skin tone | mermaid | merwoman | ocean | sea | siren | trident | 女人鱼 | 美人鱼 | 较浅肤色
🧜🏼‍♀️	mermaid: medium-light skin tone	美人鱼: 中等-浅肤色	mermaid medium light skin tone | 美人鱼 中等 浅肤色 | creature | fairytale | folklore | medium light skin tone | mermaid | merwoman | ocean | sea | siren | trident | 中等 浅肤色 | 女人鱼 | 美人鱼
🧜🏽‍♀️	mermaid: medium skin tone	美人鱼: 中等肤色	mermaid medium skin tone | 美人鱼 中等肤色 | creature | fairytale | folklore | medium skin tone | mermaid | merwoman | ocean | sea | siren | trident | 中等肤色 | 女人鱼 | 美人鱼
🧜🏾‍♀️	mermaid: medium-dark skin tone	美人鱼: 中等-深肤色	mermaid medium dark skin tone | 美人鱼 中等 深肤色 | creature | fairytale | folklore | medium dark skin tone | mermaid | merwoman | ocean | sea | siren | trident | 中等 深肤色 | 女人鱼 | 美人鱼
🧜🏿‍♀️	mermaid: dark skin tone	美人鱼: 较深肤色	mermaid dark skin tone | 美人鱼 较深肤色 | creature | dark skin tone | fairytale | folklore | mermaid | merwoman | ocean | sea | siren | trident | 女人鱼 | 美人鱼 | 较深肤色
🧝	elf	小精灵	elf | 小精灵 | elves | enchantment | fantasy | folklore | magic | magical | myth | 神秘 | 精灵 | 魔幻 | 魔法
🧝🏻	elf: light skin tone	小精灵: 较浅肤色	elf light skin tone | 小精灵 较浅肤色 | elf | elves | enchantment | fantasy | folklore | light skin tone | magic | magical | myth | 小精灵 | 神秘 | 精灵 | 较浅肤色 | 魔幻 | 魔法
🧝🏼	elf: medium-light skin tone	小精灵: 中等-浅肤色	elf medium light skin tone | 小精灵 中等 浅肤色 | elf | elves | enchantment | fantasy | folklore | magic | magical | medium light skin tone | myth | 中等 浅肤色 | 小精灵 | 神秘 | 精灵 | 魔幻 | 魔法
🧝🏽	elf: medium skin tone	小精灵: 中等肤色	elf medium skin tone | 小精灵 中等肤色 | elf | elves | enchantment | fantasy | folklore | magic | magical | medium skin tone | myth | 中等肤色 | 小精灵 | 神秘 | 精灵 | 魔幻 | 魔法
🧝🏾	elf: medium-dark skin tone	小精灵: 中等-深肤色	elf medium dark skin tone | 小精灵 中等 深肤色 | elf | elves | enchantment | fantasy | folklore | magic | magical | medium dark skin tone | myth | 中等 深肤色 | 小精灵 | 神秘 | 精灵 | 魔幻 | 魔法
🧝🏿	elf: dark skin tone	小精灵: 较深肤色	elf dark skin tone | 小精灵 较深肤色 | dark skin tone | elf | elves | enchantment | fantasy | folklore | magic | magical | myth | 小精灵 | 神秘 | 精灵 | 较深肤色 | 魔幻 | 魔法
🧝‍♂️	man elf	男小精灵	man elf | 男小精灵 | elf | elves | enchantment | fantasy | folklore | magic | magical | man | myth | 男性魔术
🧝🏻‍♂️	man elf: light skin tone	男小精灵: 较浅肤色	man elf light skin tone | 男小精灵 较浅肤色 | elf | elves | enchantment | fantasy | folklore | light skin tone | magic | magical | man | myth | 男小精灵 | 男性魔术 | 较浅肤色
🧝🏼‍♂️	man elf: medium-light skin tone	男小精灵: 中等-浅肤色	man elf medium light skin tone | 男小精灵 中等 浅肤色 | elf | elves | enchantment | fantasy | folklore | magic | magical | man | medium light skin tone | myth | 中等 浅肤色 | 男小精灵 | 男性魔术
🧝🏽‍♂️	man elf: medium skin tone	男小精灵: 中等肤色	man elf medium skin tone | 男小精灵 中等肤色 | elf | elves | enchantment | fantasy | folklore | magic | magical | man | medium skin tone | myth | 中等肤色 | 男小精灵 | 男性魔术
🧝🏾‍♂️	man elf: medium-dark skin tone	男小精灵: 中等-深肤色	man elf medium dark skin tone | 男小精灵 中等 深肤色 | elf | elves | enchantment | fantasy | folklore | magic | magical | man | medium dark skin tone | myth | 中等 深肤色 | 男小精灵 | 男性魔术
🧝🏿‍♂️	man elf: dark skin tone	男小精灵: 较深肤色	man elf dark skin tone | 男小精灵 较深肤色 | dark skin tone | elf | elves | enchantment | fantasy | folklore | magic | magical | man | myth | 男小精灵 | 男性魔术 | 较深肤色
🧝‍♀️	woman elf	女小精灵	woman elf | 女小精灵 | elf | elves | enchantment | fantasy | folklore | magic | magical | myth | woman | 女性魔术
🧝🏻‍♀️	woman elf: light skin tone	女小精灵: 较浅肤色	woman elf light skin tone | 女小精灵 较浅肤色 | elf | elves | enchantment | fantasy | folklore | light skin tone | magic | magical | myth | woman | 女小精灵 | 女性魔术 | 较浅肤色
🧝🏼‍♀️	woman elf: medium-light skin tone	女小精灵: 中等-浅肤色	woman elf medium light skin tone | 女小精灵 中等 浅肤色 | elf | elves | enchantment | fantasy | folklore | magic | magical | medium light skin tone | myth | woman | 中等 浅肤色 | 女小精灵 | 女性魔术
🧝🏽‍♀️	woman elf: medium skin tone	女小精灵: 中等肤色	woman elf medium skin tone | 女小精灵 中等肤色 | elf | elves | enchantment | fantasy | folklore | magic | magical | medium skin tone | myth | woman | 中等肤色 | 女小精灵 | 女性魔术
🧝🏾‍♀️	woman elf: medium-dark skin tone	女小精灵: 中等-深肤色	woman elf medium dark skin tone | 女小精灵 中等 深肤色 | elf | elves | enchantment | fantasy | folklore | magic | magical | medium dark skin tone | myth | woman | 中等 深肤色 | 女小精灵 | 女性魔术
🧝🏿‍♀️	woman elf: dark skin tone	女小精灵: 较深肤色	woman elf dark skin tone | 女小精灵 较深肤色 | dark skin tone | elf | elves | enchantment | fantasy | folklore | magic | magical | myth | woman | 女小精灵 | 女性魔术 | 较深肤色
🧞	genie	妖怪	genie | 妖怪 | djinn | fantasy | jinn | lamp | myth | rub | wishes | 奇幻 | 愿望 | 擦拭神灯 | 杰尼 | 灯神 | 神灵 | 神秘 | 神话 | 精灵 | 镇尼
🧞‍♂️	man genie	男妖怪	man genie | 男妖怪 | djinn | fantasy | genie | jinn | lamp | man | myth | rub | wishes | 男神灵
🧞‍♀️	woman genie	女妖怪	woman genie | 女妖怪 | djinn | fantasy | genie | jinn | lamp | myth | rub | wishes | woman | 女神灵
🧟	zombie	僵尸	zombie | 僵尸 | apocalypse | dead | halloween | horror | scary | undead | walking | 万圣节 | 不死族 | 半死不活 | 吓人 | 行尸走肉
🧟‍♂️	man zombie	男僵尸	man zombie | 男僵尸 | apocalypse | dead | halloween | horror | man | scary | undead | walking | zombie | 男行尸走肉
🧟‍♀️	woman zombie	女僵尸	woman zombie | 女僵尸 | apocalypse | dead | halloween | horror | scary | undead | walking | woman | zombie | 女行尸走肉
🧌	troll	穴居巨怪	troll | 穴居巨怪 | fairy | fantasy | monster | tale | trolling | 幻想 | 怪兽 | 怪物 | 神话故事
💆	person getting massage	按摩	person getting massage | 按摩 | face | getting | headache | massage | person | relax | relaxing | salon | soothe | spa | tension | therapy | treatment | 享受按摩的人 | 头痛 | 放松 | 水疗 | 治疗 | 紧张 | 缓解 | 美容 | 美容沙龙 | 面部
💆🏻	person getting massage: light skin tone	按摩: 较浅肤色	person getting massage light skin tone | 按摩 较浅肤色 | face | getting | headache | light skin tone | massage | person | relax | relaxing | salon | soothe | spa | tension | therapy | treatment | 享受按摩的人 | 头痛 | 按摩 | 放松 | 水疗 | 治疗 | 紧张 | 缓解 | 美容 | 美容沙龙 | 较浅肤色 | 面部
💆🏼	person getting massage: medium-light skin tone	按摩: 中等-浅肤色	person getting massage medium light skin tone | 按摩 中等 浅肤色 | face | getting | headache | massage | medium light skin tone | person | relax | relaxing | salon | soothe | spa | tension | therapy | treatment | 中等 浅肤色 | 享受按摩的人 | 头痛 | 按摩 | 放松 | 水疗 | 治疗 | 紧张 | 缓解 | 美容 | 美容沙龙 | 面部
💆🏽	person getting massage: medium skin tone	按摩: 中等肤色	person getting massage medium skin tone | 按摩 中等肤色 | face | getting | headache | massage | medium skin tone | person | relax | relaxing | salon | soothe | spa | tension | therapy | treatment | 中等肤色 | 享受按摩的人 | 头痛 | 按摩 | 放松 | 水疗 | 治疗 | 紧张 | 缓解 | 美容 | 美容沙龙 | 面部
💆🏾	person getting massage: medium-dark skin tone	按摩: 中等-深肤色	person getting massage medium dark skin tone | 按摩 中等 深肤色 | face | getting | headache | massage | medium dark skin tone | person | relax | relaxing | salon | soothe | spa | tension | therapy | treatment | 中等 深肤色 | 享受按摩的人 | 头痛 | 按摩 | 放松 | 水疗 | 治疗 | 紧张 | 缓解 | 美容 | 美容沙龙 | 面部
💆🏿	person getting massage: dark skin tone	按摩: 较深肤色	person getting massage dark skin tone | 按摩 较深肤色 | dark skin tone | face | getting | headache | massage | person | relax | relaxing | salon | soothe | spa | tension | therapy | treatment | 享受按摩的人 | 头痛 | 按摩 | 放松 | 水疗 | 治疗 | 紧张 | 缓解 | 美容 | 美容沙龙 | 较深肤色 | 面部
💆‍♂️	man getting massage	男生按摩	man getting massage | 男生按摩 | face | getting | headache | man | massage | relax | relaxing | salon | soothe | spa | tension | therapy | treatment | 头痛 | 按摩 | 男 | 脸
💆🏻‍♂️	man getting massage: light skin tone	男生按摩: 较浅肤色	man getting massage light skin tone | 男生按摩 较浅肤色 | face | getting | headache | light skin tone | man | massage | relax | relaxing | salon | soothe | spa | tension | therapy | treatment | 头痛 | 按摩 | 男 | 男生按摩 | 脸 | 较浅肤色
💆🏼‍♂️	man getting massage: medium-light skin tone	男生按摩: 中等-浅肤色	man getting massage medium light skin tone | 男生按摩 中等 浅肤色 | face | getting | headache | man | massage | medium light skin tone | relax | relaxing | salon | soothe | spa | tension | therapy | treatment | 中等 浅肤色 | 头痛 | 按摩 | 男 | 男生按摩 | 脸
💆🏽‍♂️	man getting massage: medium skin tone	男生按摩: 中等肤色	man getting massage medium skin tone | 男生按摩 中等肤色 | face | getting | headache | man | massage | medium skin tone | relax | relaxing | salon | soothe | spa | tension | therapy | treatment | 中等肤色 | 头痛 | 按摩 | 男 | 男生按摩 | 脸
💆🏾‍♂️	man getting massage: medium-dark skin tone	男生按摩: 中等-深肤色	man getting massage medium dark skin tone | 男生按摩 中等 深肤色 | face | getting | headache | man | massage | medium dark skin tone | relax | relaxing | salon | soothe | spa | tension | therapy | treatment | 中等 深肤色 | 头痛 | 按摩 | 男 | 男生按摩 | 脸
💆🏿‍♂️	man getting massage: dark skin tone	男生按摩: 较深肤色	man getting massage dark skin tone | 男生按摩 较深肤色 | dark skin tone | face | getting | headache | man | massage | relax | relaxing | salon | soothe | spa | tension | therapy | treatment | 头痛 | 按摩 | 男 | 男生按摩 | 脸 | 较深肤色
💆‍♀️	woman getting massage	女生按摩	woman getting massage | 女生按摩 | face | getting | headache | massage | relax | relaxing | salon | soothe | spa | tension | therapy | treatment | woman | 女 | 按摩
💆🏻‍♀️	woman getting massage: light skin tone	女生按摩: 较浅肤色	woman getting massage light skin tone | 女生按摩 较浅肤色 | face | getting | headache | light skin tone | massage | relax | relaxing | salon | soothe | spa | tension | therapy | treatment | woman | 女 | 女生按摩 | 按摩 | 较浅肤色
💆🏼‍♀️	woman getting massage: medium-light skin tone	女生按摩: 中等-浅肤色	woman getting massage medium light skin tone | 女生按摩 中等 浅肤色 | face | getting | headache | massage | medium light skin tone | relax | relaxing | salon | soothe | spa | tension | therapy | treatment | woman | 中等 浅肤色 | 女 | 女生按摩 | 按摩
💆🏽‍♀️	woman getting massage: medium skin tone	女生按摩: 中等肤色	woman getting massage medium skin tone | 女生按摩 中等肤色 | face | getting | headache | massage | medium skin tone | relax | relaxing | salon | soothe | spa | tension | therapy | treatment | woman | 中等肤色 | 女 | 女生按摩 | 按摩
💆🏾‍♀️	woman getting massage: medium-dark skin tone	女生按摩: 中等-深肤色	woman getting massage medium dark skin tone | 女生按摩 中等 深肤色 | face | getting | headache | massage | medium dark skin tone | relax | relaxing | salon | soothe | spa | tension | therapy | treatment | woman | 中等 深肤色 | 女 | 女生按摩 | 按摩
💆🏿‍♀️	woman getting massage: dark skin tone	女生按摩: 较深肤色	woman getting massage dark skin tone | 女生按摩 较深肤色 | dark skin tone | face | getting | headache | massage | relax | relaxing | salon | soothe | spa | tension | therapy | treatment | woman | 女 | 女生按摩 | 按摩 | 较深肤色
💇	person getting haircut	理发	person getting haircut | 理发 | barber | beauty | chop | cosmetology | cut | groom | hair | haircut | parlor | person | shears | style | 剪头 | 发型 | 理发师 | 理发的人 | 美发 | 美容 | 美容沙龙 | 美容院 | 造型师
💇🏻	person getting haircut: light skin tone	理发: 较浅肤色	person getting haircut light skin tone | 理发 较浅肤色 | barber | beauty | chop | cosmetology | cut | groom | hair | haircut | light skin tone | parlor | person | shears | style | 剪头 | 发型 | 理发 | 理发师 | 理发的人 | 美发 | 美容 | 美容沙龙 | 美容院 | 较浅肤色 | 造型师
💇🏼	person getting haircut: medium-light skin tone	理发: 中等-浅肤色	person getting haircut medium light skin tone | 理发 中等 浅肤色 | barber | beauty | chop | cosmetology | cut | groom | hair | haircut | medium light skin tone | parlor | person | shears | style | 中等 浅肤色 | 剪头 | 发型 | 理发 | 理发师 | 理发的人 | 美发 | 美容 | 美容沙龙 | 美容院 | 造型师
💇🏽	person getting haircut: medium skin tone	理发: 中等肤色	person getting haircut medium skin tone | 理发 中等肤色 | barber | beauty | chop | cosmetology | cut | groom | hair | haircut | medium skin tone | parlor | person | shears | style | 中等肤色 | 剪头 | 发型 | 理发 | 理发师 | 理发的人 | 美发 | 美容 | 美容沙龙 | 美容院 | 造型师
💇🏾	person getting haircut: medium-dark skin tone	理发: 中等-深肤色	person getting haircut medium dark skin tone | 理发 中等 深肤色 | barber | beauty | chop | cosmetology | cut | groom | hair | haircut | medium dark skin tone | parlor | person | shears | style | 中等 深肤色 | 剪头 | 发型 | 理发 | 理发师 | 理发的人 | 美发 | 美容 | 美容沙龙 | 美容院 | 造型师
💇🏿	person getting haircut: dark skin tone	理发: 较深肤色	person getting haircut dark skin tone | 理发 较深肤色 | barber | beauty | chop | cosmetology | cut | dark skin tone | groom | hair | haircut | parlor | person | shears | style | 剪头 | 发型 | 理发 | 理发师 | 理发的人 | 美发 | 美容 | 美容沙龙 | 美容院 | 较深肤色 | 造型师
💇‍♂️	man getting haircut	男生理发	man getting haircut | 男生理发 | barber | beauty | chop | cosmetology | cut | groom | hair | haircut | man | parlor | person | shears | style | 剪头 | 理发 | 男
💇🏻‍♂️	man getting haircut: light skin tone	男生理发: 较浅肤色	man getting haircut light skin tone | 男生理发 较浅肤色 | barber | beauty | chop | cosmetology | cut | groom | hair | haircut | light skin tone | man | parlor | person | shears | style | 剪头 | 理发 | 男 | 男生理发 | 较浅肤色
💇🏼‍♂️	man getting haircut: medium-light skin tone	男生理发: 中等-浅肤色	man getting haircut medium light skin tone | 男生理发 中等 浅肤色 | barber | beauty | chop | cosmetology | cut | groom | hair | haircut | man | medium light skin tone | parlor | person | shears | style | 中等 浅肤色 | 剪头 | 理发 | 男 | 男生理发
💇🏽‍♂️	man getting haircut: medium skin tone	男生理发: 中等肤色	man getting haircut medium skin tone | 男生理发 中等肤色 | barber | beauty | chop | cosmetology | cut | groom | hair | haircut | man | medium skin tone | parlor | person | shears | style | 中等肤色 | 剪头 | 理发 | 男 | 男生理发
💇🏾‍♂️	man getting haircut: medium-dark skin tone	男生理发: 中等-深肤色	man getting haircut medium dark skin tone | 男生理发 中等 深肤色 | barber | beauty | chop | cosmetology | cut | groom | hair | haircut | man | medium dark skin tone | parlor | person | shears | style | 中等 深肤色 | 剪头 | 理发 | 男 | 男生理发
💇🏿‍♂️	man getting haircut: dark skin tone	男生理发: 较深肤色	man getting haircut dark skin tone | 男生理发 较深肤色 | barber | beauty | chop | cosmetology | cut | dark skin tone | groom | hair | haircut | man | parlor | person | shears | style | 剪头 | 理发 | 男 | 男生理发 | 较深肤色
💇‍♀️	woman getting haircut	女生理发	woman getting haircut | 女生理发 | barber | beauty | chop | cosmetology | cut | groom | hair | haircut | parlor | person | shears | style | woman | 剪头 | 女 | 理发
💇🏻‍♀️	woman getting haircut: light skin tone	女生理发: 较浅肤色	woman getting haircut light skin tone | 女生理发 较浅肤色 | barber | beauty | chop | cosmetology | cut | groom | hair | haircut | light skin tone | parlor | person | shears | style | woman | 剪头 | 女 | 女生理发 | 理发 | 较浅肤色
💇🏼‍♀️	woman getting haircut: medium-light skin tone	女生理发: 中等-浅肤色	woman getting haircut medium light skin tone | 女生理发 中等 浅肤色 | barber | beauty | chop | cosmetology | cut | groom | hair | haircut | medium light skin tone | parlor | person | shears | style | woman | 中等 浅肤色 | 剪头 | 女 | 女生理发 | 理发
💇🏽‍♀️	woman getting haircut: medium skin tone	女生理发: 中等肤色	woman getting haircut medium skin tone | 女生理发 中等肤色 | barber | beauty | chop | cosmetology | cut | groom | hair | haircut | medium skin tone | parlor | person | shears | style | woman | 中等肤色 | 剪头 | 女 | 女生理发 | 理发
💇🏾‍♀️	woman getting haircut: medium-dark skin tone	女生理发: 中等-深肤色	woman getting haircut medium dark skin tone | 女生理发 中等 深肤色 | barber | beauty | chop | cosmetology | cut | groom | hair | haircut | medium dark skin tone | parlor | person | shears | style | woman | 中等 深肤色 | 剪头 | 女 | 女生理发 | 理发
💇🏿‍♀️	woman getting haircut: dark skin tone	女生理发: 较深肤色	woman getting haircut dark skin tone | 女生理发 较深肤色 | barber | beauty | chop | cosmetology | cut | dark skin tone | groom | hair | haircut | parlor | person | shears | style | woman | 剪头 | 女 | 女生理发 | 理发 | 较深肤色
🚶	person walking	行人	person walking | 行人 | amble | gait | hike | man | pace | pedestrian | person | stride | stroll | walk | walking | 压马路 | 徒步 | 散步 | 昂首阔步 | 竞走 | 行走的人 | 走路 | 远足 | 闲逛
🚶🏻	person walking: light skin tone	行人: 较浅肤色	person walking light skin tone | 行人 较浅肤色 | amble | gait | hike | light skin tone | man | pace | pedestrian | person | stride | stroll | walk | walking | 压马路 | 徒步 | 散步 | 昂首阔步 | 竞走 | 行人 | 行走的人 | 走路 | 较浅肤色 | 远足 | 闲逛
🚶🏼	person walking: medium-light skin tone	行人: 中等-浅肤色	person walking medium light skin tone | 行人 中等 浅肤色 | amble | gait | hike | man | medium light skin tone | pace | pedestrian | person | stride | stroll | walk | walking | 中等 浅肤色 | 压马路 | 徒步 | 散步 | 昂首阔步 | 竞走 | 行人 | 行走的人 | 走路 | 远足 | 闲逛
🚶🏽	person walking: medium skin tone	行人: 中等肤色	person walking medium skin tone | 行人 中等肤色 | amble | gait | hike | man | medium skin tone | pace | pedestrian | person | stride | stroll | walk | walking | 中等肤色 | 压马路 | 徒步 | 散步 | 昂首阔步 | 竞走 | 行人 | 行走的人 | 走路 | 远足 | 闲逛
🚶🏾	person walking: medium-dark skin tone	行人: 中等-深肤色	person walking medium dark skin tone | 行人 中等 深肤色 | amble | gait | hike | man | medium dark skin tone | pace | pedestrian | person | stride | stroll | walk | walking | 中等 深肤色 | 压马路 | 徒步 | 散步 | 昂首阔步 | 竞走 | 行人 | 行走的人 | 走路 | 远足 | 闲逛
🚶🏿	person walking: dark skin tone	行人: 较深肤色	person walking dark skin tone | 行人 较深肤色 | amble | dark skin tone | gait | hike | man | pace | pedestrian | person | stride | stroll | walk | walking | 压马路 | 徒步 | 散步 | 昂首阔步 | 竞走 | 行人 | 行走的人 | 走路 | 较深肤色 | 远足 | 闲逛
🚶‍♂️	man walking	男行人	man walking | 男行人 | amble | gait | hike | man | pace | pedestrian | stride | stroll | walk | walking | 徒步 | 男 | 走路
🚶🏻‍♂️	man walking: light skin tone	男行人: 较浅肤色	man walking light skin tone | 男行人 较浅肤色 | amble | gait | hike | light skin tone | man | pace | pedestrian | stride | stroll | walk | walking | 徒步 | 男 | 男行人 | 走路 | 较浅肤色
🚶🏼‍♂️	man walking: medium-light skin tone	男行人: 中等-浅肤色	man walking medium light skin tone | 男行人 中等 浅肤色 | amble | gait | hike | man | medium light skin tone | pace | pedestrian | stride | stroll | walk | walking | 中等 浅肤色 | 徒步 | 男 | 男行人 | 走路
🚶🏽‍♂️	man walking: medium skin tone	男行人: 中等肤色	man walking medium skin tone | 男行人 中等肤色 | amble | gait | hike | man | medium skin tone | pace | pedestrian | stride | stroll | walk | walking | 中等肤色 | 徒步 | 男 | 男行人 | 走路
🚶🏾‍♂️	man walking: medium-dark skin tone	男行人: 中等-深肤色	man walking medium dark skin tone | 男行人 中等 深肤色 | amble | gait | hike | man | medium dark skin tone | pace | pedestrian | stride | stroll | walk | walking | 中等 深肤色 | 徒步 | 男 | 男行人 | 走路
🚶🏿‍♂️	man walking: dark skin tone	男行人: 较深肤色	man walking dark skin tone | 男行人 较深肤色 | amble | dark skin tone | gait | hike | man | pace | pedestrian | stride | stroll | walk | walking | 徒步 | 男 | 男行人 | 走路 | 较深肤色
🚶‍♀️	woman walking	女行人	woman walking | 女行人 | amble | gait | hike | man | pace | pedestrian | stride | stroll | walk | walking | woman | 女 | 徒步 | 漫步 | 缓行 | 走 | 走路 | 路人
🚶🏻‍♀️	woman walking: light skin tone	女行人: 较浅肤色	woman walking light skin tone | 女行人 较浅肤色 | amble | gait | hike | light skin tone | man | pace | pedestrian | stride | stroll | walk | walking | woman | 女 | 女行人 | 徒步 | 漫步 | 缓行 | 走 | 走路 | 路人 | 较浅肤色
🚶🏼‍♀️	woman walking: medium-light skin tone	女行人: 中等-浅肤色	woman walking medium light skin tone | 女行人 中等 浅肤色 | amble | gait | hike | man | medium light skin tone | pace | pedestrian | stride | stroll | walk | walking | woman | 中等 浅肤色 | 女 | 女行人 | 徒步 | 漫步 | 缓行 | 走 | 走路 | 路人
🚶🏽‍♀️	woman walking: medium skin tone	女行人: 中等肤色	woman walking medium skin tone | 女行人 中等肤色 | amble | gait | hike | man | medium skin tone | pace | pedestrian | stride | stroll | walk | walking | woman | 中等肤色 | 女 | 女行人 | 徒步 | 漫步 | 缓行 | 走 | 走路 | 路人
🚶🏾‍♀️	woman walking: medium-dark skin tone	女行人: 中等-深肤色	woman walking medium dark skin tone | 女行人 中等 深肤色 | amble | gait | hike | man | medium dark skin tone | pace | pedestrian | stride | stroll | walk | walking | woman | 中等 深肤色 | 女 | 女行人 | 徒步 | 漫步 | 缓行 | 走 | 走路 | 路人
🚶🏿‍♀️	woman walking: dark skin tone	女行人: 较深肤色	woman walking dark skin tone | 女行人 较深肤色 | amble | dark skin tone | gait | hike | man | pace | pedestrian | stride | stroll | walk | walking | woman | 女 | 女行人 | 徒步 | 漫步 | 缓行 | 走 | 走路 | 路人 | 较深肤色
🚶‍➡️	person walking: facing right	行人: 面向右边	person walking facing right | 行人 面向右边 | amble | facing | gait | hike | man | pace | pedestrian | person | right | stride | stroll | walk | walking | 压马路 | 徒步 | 散步 | 昂首阔步 | 竞走 | 行人 | 行走的人 | 走路 | 远足 | 闲逛 | 面向右边
🚶🏻‍➡️	person walking: light skin tone, facing right	行人: 较浅肤色面向右边	person walking light skin tone, facing right | 行人 较浅肤色面向右边 | amble | facing | gait | hike | light skin tone | man | pace | pedestrian | person | right | stride | stroll | walk | walking | 压马路 | 徒步 | 散步 | 昂首阔步 | 竞走 | 行人 | 行走的人 | 走路 | 较浅肤色 | 远足 | 闲逛 | 面向右边
🚶🏼‍➡️	person walking: medium-light skin tone, facing right	行人: 中等-浅肤色面向右边	person walking medium light skin tone, facing right | 行人 中等 浅肤色面向右边 | amble | facing | gait | hike | man | medium light skin tone | pace | pedestrian | person | right | stride | stroll | walk | walking | 中等 浅肤色 | 压马路 | 徒步 | 散步 | 昂首阔步 | 竞走 | 行人 | 行走的人 | 走路 | 远足 | 闲逛 | 面向右边
🚶🏽‍➡️	person walking: medium skin tone, facing right	行人: 中等肤色面向右边	person walking medium skin tone, facing right | 行人 中等肤色面向右边 | amble | facing | gait | hike | man | medium skin tone | pace | pedestrian | person | right | stride | stroll | walk | walking | 中等肤色 | 压马路 | 徒步 | 散步 | 昂首阔步 | 竞走 | 行人 | 行走的人 | 走路 | 远足 | 闲逛 | 面向右边
🚶🏾‍➡️	person walking: medium-dark skin tone, facing right	行人: 中等-深肤色面向右边	person walking medium dark skin tone, facing right | 行人 中等 深肤色面向右边 | amble | facing | gait | hike | man | medium dark skin tone | pace | pedestrian | person | right | stride | stroll | walk | walking | 中等 深肤色 | 压马路 | 徒步 | 散步 | 昂首阔步 | 竞走 | 行人 | 行走的人 | 走路 | 远足 | 闲逛 | 面向右边
🚶🏿‍➡️	person walking: dark skin tone, facing right	行人: 较深肤色面向右边	person walking dark skin tone, facing right | 行人 较深肤色面向右边 | amble | dark skin tone | facing | gait | hike | man | pace | pedestrian | person | right | stride | stroll | walk | walking | 压马路 | 徒步 | 散步 | 昂首阔步 | 竞走 | 行人 | 行走的人 | 走路 | 较深肤色 | 远足 | 闲逛 | 面向右边
🚶‍♀️‍➡️	woman walking: facing right	女行人: 面向右边	woman walking facing right | 女行人 面向右边 | amble | facing | gait | hike | man | pace | pedestrian | right | stride | stroll | walk | walking | woman | 女 | 女行人 | 徒步 | 漫步 | 缓行 | 走 | 走路 | 路人 | 面向右边
🚶🏻‍♀️‍➡️	woman walking: light skin tone, facing right	女行人: 较浅肤色面向右边	woman walking light skin tone, facing right | 女行人 较浅肤色面向右边 | amble | facing | gait | hike | light skin tone | man | pace | pedestrian | right | stride | stroll | walk | walking | woman | 女 | 女行人 | 徒步 | 漫步 | 缓行 | 走 | 走路 | 路人 | 较浅肤色 | 面向右边
🚶🏼‍♀️‍➡️	woman walking: medium-light skin tone, facing right	女行人: 中等-浅肤色面向右边	woman walking medium light skin tone, facing right | 女行人 中等 浅肤色面向右边 | amble | facing | gait | hike | man | medium light skin tone | pace | pedestrian | right | stride | stroll | walk | walking | woman | 中等 浅肤色 | 女 | 女行人 | 徒步 | 漫步 | 缓行 | 走 | 走路 | 路人 | 面向右边
🚶🏽‍♀️‍➡️	woman walking: medium skin tone, facing right	女行人: 中等肤色面向右边	woman walking medium skin tone, facing right | 女行人 中等肤色面向右边 | amble | facing | gait | hike | man | medium skin tone | pace | pedestrian | right | stride | stroll | walk | walking | woman | 中等肤色 | 女 | 女行人 | 徒步 | 漫步 | 缓行 | 走 | 走路 | 路人 | 面向右边
🚶🏾‍♀️‍➡️	woman walking: medium-dark skin tone, facing right	女行人: 中等-深肤色面向右边	woman walking medium dark skin tone, facing right | 女行人 中等 深肤色面向右边 | amble | facing | gait | hike | man | medium dark skin tone | pace | pedestrian | right | stride | stroll | walk | walking | woman | 中等 深肤色 | 女 | 女行人 | 徒步 | 漫步 | 缓行 | 走 | 走路 | 路人 | 面向右边
🚶🏿‍♀️‍➡️	woman walking: dark skin tone, facing right	女行人: 较深肤色面向右边	woman walking dark skin tone, facing right | 女行人 较深肤色面向右边 | amble | dark skin tone | facing | gait | hike | man | pace | pedestrian | right | stride | stroll | walk | walking | woman | 女 | 女行人 | 徒步 | 漫步 | 缓行 | 走 | 走路 | 路人 | 较深肤色 | 面向右边
🚶‍♂️‍➡️	man walking: facing right	男行人: 面向右边	man walking facing right | 男行人 面向右边 | amble | facing | gait | hike | man | pace | pedestrian | right | stride | stroll | walk | walking | 徒步 | 男 | 男行人 | 走路 | 面向右边
🚶🏻‍♂️‍➡️	man walking: light skin tone, facing right	男行人: 较浅肤色面向右边	man walking light skin tone, facing right | 男行人 较浅肤色面向右边 | amble | facing | gait | hike | light skin tone | man | pace | pedestrian | right | stride | stroll | walk | walking | 徒步 | 男 | 男行人 | 走路 | 较浅肤色 | 面向右边
🚶🏼‍♂️‍➡️	man walking: medium-light skin tone, facing right	男行人: 中等-浅肤色面向右边	man walking medium light skin tone, facing right | 男行人 中等 浅肤色面向右边 | amble | facing | gait | hike | man | medium light skin tone | pace | pedestrian | right | stride | stroll | walk | walking | 中等 浅肤色 | 徒步 | 男 | 男行人 | 走路 | 面向右边
🚶🏽‍♂️‍➡️	man walking: medium skin tone, facing right	男行人: 中等肤色面向右边	man walking medium skin tone, facing right | 男行人 中等肤色面向右边 | amble | facing | gait | hike | man | medium skin tone | pace | pedestrian | right | stride | stroll | walk | walking | 中等肤色 | 徒步 | 男 | 男行人 | 走路 | 面向右边
🚶🏾‍♂️‍➡️	man walking: medium-dark skin tone, facing right	男行人: 中等-深肤色面向右边	man walking medium dark skin tone, facing right | 男行人 中等 深肤色面向右边 | amble | facing | gait | hike | man | medium dark skin tone | pace | pedestrian | right | stride | stroll | walk | walking | 中等 深肤色 | 徒步 | 男 | 男行人 | 走路 | 面向右边
🚶🏿‍♂️‍➡️	man walking: dark skin tone, facing right	男行人: 较深肤色面向右边	man walking dark skin tone, facing right | 男行人 较深肤色面向右边 | amble | dark skin tone | facing | gait | hike | man | pace | pedestrian | right | stride | stroll | walk | walking | 徒步 | 男 | 男行人 | 走路 | 较深肤色 | 面向右边
🧍	person standing	站立者	person standing | 站立者 | person | stand | standing | 人物 | 站着 | 站着的人 | 站立
🧍🏻	person standing: light skin tone	站立者: 较浅肤色	person standing light skin tone | 站立者 较浅肤色 | light skin tone | person | stand | standing | 人物 | 站着 | 站着的人 | 站立 | 站立者 | 较浅肤色
🧍🏼	person standing: medium-light skin tone	站立者: 中等-浅肤色	person standing medium light skin tone | 站立者 中等 浅肤色 | medium light skin tone | person | stand | standing | 中等 浅肤色 | 人物 | 站着 | 站着的人 | 站立 | 站立者
🧍🏽	person standing: medium skin tone	站立者: 中等肤色	person standing medium skin tone | 站立者 中等肤色 | medium skin tone | person | stand | standing | 中等肤色 | 人物 | 站着 | 站着的人 | 站立 | 站立者
🧍🏾	person standing: medium-dark skin tone	站立者: 中等-深肤色	person standing medium dark skin tone | 站立者 中等 深肤色 | medium dark skin tone | person | stand | standing | 中等 深肤色 | 人物 | 站着 | 站着的人 | 站立 | 站立者
🧍🏿	person standing: dark skin tone	站立者: 较深肤色	person standing dark skin tone | 站立者 较深肤色 | dark skin tone | person | stand | standing | 人物 | 站着 | 站着的人 | 站立 | 站立者 | 较深肤色
🧍‍♂️	man standing	站立的男人	man standing | 站立的男人 | man | stand | standing | 男 | 站着 | 站立
🧍🏻‍♂️	man standing: light skin tone	站立的男人: 较浅肤色	man standing light skin tone | 站立的男人 较浅肤色 | light skin tone | man | stand | standing | 男 | 站着 | 站立 | 站立的男人 | 较浅肤色
🧍🏼‍♂️	man standing: medium-light skin tone	站立的男人: 中等-浅肤色	man standing medium light skin tone | 站立的男人 中等 浅肤色 | man | medium light skin tone | stand | standing | 中等 浅肤色 | 男 | 站着 | 站立 | 站立的男人
🧍🏽‍♂️	man standing: medium skin tone	站立的男人: 中等肤色	man standing medium skin tone | 站立的男人 中等肤色 | man | medium skin tone | stand | standing | 中等肤色 | 男 | 站着 | 站立 | 站立的男人
🧍🏾‍♂️	man standing: medium-dark skin tone	站立的男人: 中等-深肤色	man standing medium dark skin tone | 站立的男人 中等 深肤色 | man | medium dark skin tone | stand | standing | 中等 深肤色 | 男 | 站着 | 站立 | 站立的男人
🧍🏿‍♂️	man standing: dark skin tone	站立的男人: 较深肤色	man standing dark skin tone | 站立的男人 较深肤色 | dark skin tone | man | stand | standing | 男 | 站着 | 站立 | 站立的男人 | 较深肤色
🧍‍♀️	woman standing	站立的女人	woman standing | 站立的女人 | stand | standing | woman | 女 | 站着 | 站立
🧍🏻‍♀️	woman standing: light skin tone	站立的女人: 较浅肤色	woman standing light skin tone | 站立的女人 较浅肤色 | light skin tone | stand | standing | woman | 女 | 站着 | 站立 | 站立的女人 | 较浅肤色
🧍🏼‍♀️	woman standing: medium-light skin tone	站立的女人: 中等-浅肤色	woman standing medium light skin tone | 站立的女人 中等 浅肤色 | medium light skin tone | stand | standing | woman | 中等 浅肤色 | 女 | 站着 | 站立 | 站立的女人
🧍🏽‍♀️	woman standing: medium skin tone	站立的女人: 中等肤色	woman standing medium skin tone | 站立的女人 中等肤色 | medium skin tone | stand | standing | woman | 中等肤色 | 女 | 站着 | 站立 | 站立的女人
🧍🏾‍♀️	woman standing: medium-dark skin tone	站立的女人: 中等-深肤色	woman standing medium dark skin tone | 站立的女人 中等 深肤色 | medium dark skin tone | stand | standing | woman | 中等 深肤色 | 女 | 站着 | 站立 | 站立的女人
🧍🏿‍♀️	woman standing: dark skin tone	站立的女人: 较深肤色	woman standing dark skin tone | 站立的女人 较深肤色 | dark skin tone | stand | standing | woman | 女 | 站着 | 站立 | 站立的女人 | 较深肤色
🧎	person kneeling	下跪者	person kneeling | 下跪者 | kneel | kneeling | knees | person | 下跪 | 跪下 | 跪坐
🧎🏻	person kneeling: light skin tone	下跪者: 较浅肤色	person kneeling light skin tone | 下跪者 较浅肤色 | kneel | kneeling | knees | light skin tone | person | 下跪 | 下跪者 | 跪下 | 跪坐 | 较浅肤色
🧎🏼	person kneeling: medium-light skin tone	下跪者: 中等-浅肤色	person kneeling medium light skin tone | 下跪者 中等 浅肤色 | kneel | kneeling | knees | medium light skin tone | person | 下跪 | 下跪者 | 中等 浅肤色 | 跪下 | 跪坐
🧎🏽	person kneeling: medium skin tone	下跪者: 中等肤色	person kneeling medium skin tone | 下跪者 中等肤色 | kneel | kneeling | knees | medium skin tone | person | 下跪 | 下跪者 | 中等肤色 | 跪下 | 跪坐
🧎🏾	person kneeling: medium-dark skin tone	下跪者: 中等-深肤色	person kneeling medium dark skin tone | 下跪者 中等 深肤色 | kneel | kneeling | knees | medium dark skin tone | person | 下跪 | 下跪者 | 中等 深肤色 | 跪下 | 跪坐
🧎🏿	person kneeling: dark skin tone	下跪者: 较深肤色	person kneeling dark skin tone | 下跪者 较深肤色 | dark skin tone | kneel | kneeling | knees | person | 下跪 | 下跪者 | 跪下 | 跪坐 | 较深肤色
🧎‍♂️	man kneeling	跪下的男人	man kneeling | 跪下的男人 | kneel | kneeling | knees | man | 下跪 | 男 | 跪坐
🧎🏻‍♂️	man kneeling: light skin tone	跪下的男人: 较浅肤色	man kneeling light skin tone | 跪下的男人 较浅肤色 | kneel | kneeling | knees | light skin tone | man | 下跪 | 男 | 跪下的男人 | 跪坐 | 较浅肤色
🧎🏼‍♂️	man kneeling: medium-light skin tone	跪下的男人: 中等-浅肤色	man kneeling medium light skin tone | 跪下的男人 中等 浅肤色 | kneel | kneeling | knees | man | medium light skin tone | 下跪 | 中等 浅肤色 | 男 | 跪下的男人 | 跪坐
🧎🏽‍♂️	man kneeling: medium skin tone	跪下的男人: 中等肤色	man kneeling medium skin tone | 跪下的男人 中等肤色 | kneel | kneeling | knees | man | medium skin tone | 下跪 | 中等肤色 | 男 | 跪下的男人 | 跪坐
🧎🏾‍♂️	man kneeling: medium-dark skin tone	跪下的男人: 中等-深肤色	man kneeling medium dark skin tone | 跪下的男人 中等 深肤色 | kneel | kneeling | knees | man | medium dark skin tone | 下跪 | 中等 深肤色 | 男 | 跪下的男人 | 跪坐
🧎🏿‍♂️	man kneeling: dark skin tone	跪下的男人: 较深肤色	man kneeling dark skin tone | 跪下的男人 较深肤色 | dark skin tone | kneel | kneeling | knees | man | 下跪 | 男 | 跪下的男人 | 跪坐 | 较深肤色
🧎‍♀️	woman kneeling	跪下的女人	woman kneeling | 跪下的女人 | kneel | kneeling | knees | woman | 下跪 | 女 | 跪坐
🧎🏻‍♀️	woman kneeling: light skin tone	跪下的女人: 较浅肤色	woman kneeling light skin tone | 跪下的女人 较浅肤色 | kneel | kneeling | knees | light skin tone | woman | 下跪 | 女 | 跪下的女人 | 跪坐 | 较浅肤色
🧎🏼‍♀️	woman kneeling: medium-light skin tone	跪下的女人: 中等-浅肤色	woman kneeling medium light skin tone | 跪下的女人 中等 浅肤色 | kneel | kneeling | knees | medium light skin tone | woman | 下跪 | 中等 浅肤色 | 女 | 跪下的女人 | 跪坐
🧎🏽‍♀️	woman kneeling: medium skin tone	跪下的女人: 中等肤色	woman kneeling medium skin tone | 跪下的女人 中等肤色 | kneel | kneeling | knees | medium skin tone | woman | 下跪 | 中等肤色 | 女 | 跪下的女人 | 跪坐
🧎🏾‍♀️	woman kneeling: medium-dark skin tone	跪下的女人: 中等-深肤色	woman kneeling medium dark skin tone | 跪下的女人 中等 深肤色 | kneel | kneeling | knees | medium dark skin tone | woman | 下跪 | 中等 深肤色 | 女 | 跪下的女人 | 跪坐
🧎🏿‍♀️	woman kneeling: dark skin tone	跪下的女人: 较深肤色	woman kneeling dark skin tone | 跪下的女人 较深肤色 | dark skin tone | kneel | kneeling | knees | woman | 下跪 | 女 | 跪下的女人 | 跪坐 | 较深肤色
🧎‍➡️	person kneeling: facing right	下跪者: 面向右边	person kneeling facing right | 下跪者 面向右边 | facing | kneel | kneeling | knees | person | right | 下跪 | 下跪者 | 跪下 | 跪坐 | 面向右边
🧎🏻‍➡️	person kneeling: light skin tone, facing right	下跪者: 较浅肤色面向右边	person kneeling light skin tone, facing right | 下跪者 较浅肤色面向右边 | facing | kneel | kneeling | knees | light skin tone | person | right | 下跪 | 下跪者 | 跪下 | 跪坐 | 较浅肤色 | 面向右边
🧎🏼‍➡️	person kneeling: medium-light skin tone, facing right	下跪者: 中等-浅肤色面向右边	person kneeling medium light skin tone, facing right | 下跪者 中等 浅肤色面向右边 | facing | kneel | kneeling | knees | medium light skin tone | person | right | 下跪 | 下跪者 | 中等 浅肤色 | 跪下 | 跪坐 | 面向右边
🧎🏽‍➡️	person kneeling: medium skin tone, facing right	下跪者: 中等肤色面向右边	person kneeling medium skin tone, facing right | 下跪者 中等肤色面向右边 | facing | kneel | kneeling | knees | medium skin tone | person | right | 下跪 | 下跪者 | 中等肤色 | 跪下 | 跪坐 | 面向右边
🧎🏾‍➡️	person kneeling: medium-dark skin tone, facing right	下跪者: 中等-深肤色面向右边	person kneeling medium dark skin tone, facing right | 下跪者 中等 深肤色面向右边 | facing | kneel | kneeling | knees | medium dark skin tone | person | right | 下跪 | 下跪者 | 中等 深肤色 | 跪下 | 跪坐 | 面向右边
🧎🏿‍➡️	person kneeling: dark skin tone, facing right	下跪者: 较深肤色面向右边	person kneeling dark skin tone, facing right | 下跪者 较深肤色面向右边 | dark skin tone | facing | kneel | kneeling | knees | person | right | 下跪 | 下跪者 | 跪下 | 跪坐 | 较深肤色 | 面向右边
🧎‍♀️‍➡️	woman kneeling: facing right	跪下的女人: 面向右边	woman kneeling facing right | 跪下的女人 面向右边 | facing | kneel | kneeling | knees | right | woman | 下跪 | 女 | 跪下的女人 | 跪坐 | 面向右边
🧎🏻‍♀️‍➡️	woman kneeling: light skin tone, facing right	跪下的女人: 较浅肤色面向右边	woman kneeling light skin tone, facing right | 跪下的女人 较浅肤色面向右边 | facing | kneel | kneeling | knees | light skin tone | right | woman | 下跪 | 女 | 跪下的女人 | 跪坐 | 较浅肤色 | 面向右边
🧎🏼‍♀️‍➡️	woman kneeling: medium-light skin tone, facing right	跪下的女人: 中等-浅肤色面向右边	woman kneeling medium light skin tone, facing right | 跪下的女人 中等 浅肤色面向右边 | facing | kneel | kneeling | knees | medium light skin tone | right | woman | 下跪 | 中等 浅肤色 | 女 | 跪下的女人 | 跪坐 | 面向右边
🧎🏽‍♀️‍➡️	woman kneeling: medium skin tone, facing right	跪下的女人: 中等肤色面向右边	woman kneeling medium skin tone, facing right | 跪下的女人 中等肤色面向右边 | facing | kneel | kneeling | knees | medium skin tone | right | woman | 下跪 | 中等肤色 | 女 | 跪下的女人 | 跪坐 | 面向右边
🧎🏾‍♀️‍➡️	woman kneeling: medium-dark skin tone, facing right	跪下的女人: 中等-深肤色面向右边	woman kneeling medium dark skin tone, facing right | 跪下的女人 中等 深肤色面向右边 | facing | kneel | kneeling | knees | medium dark skin tone | right | woman | 下跪 | 中等 深肤色 | 女 | 跪下的女人 | 跪坐 | 面向右边
🧎🏿‍♀️‍➡️	woman kneeling: dark skin tone, facing right	跪下的女人: 较深肤色面向右边	woman kneeling dark skin tone, facing right | 跪下的女人 较深肤色面向右边 | dark skin tone | facing | kneel | kneeling | knees | right | woman | 下跪 | 女 | 跪下的女人 | 跪坐 | 较深肤色 | 面向右边
🧎‍♂️‍➡️	man kneeling: facing right	跪下的男人: 面向右边	man kneeling facing right | 跪下的男人 面向右边 | facing | kneel | kneeling | knees | man | right | 下跪 | 男 | 跪下的男人 | 跪坐 | 面向右边
🧎🏻‍♂️‍➡️	man kneeling: light skin tone, facing right	跪下的男人: 较浅肤色面向右边	man kneeling light skin tone, facing right | 跪下的男人 较浅肤色面向右边 | facing | kneel | kneeling | knees | light skin tone | man | right | 下跪 | 男 | 跪下的男人 | 跪坐 | 较浅肤色 | 面向右边
🧎🏼‍♂️‍➡️	man kneeling: medium-light skin tone, facing right	跪下的男人: 中等-浅肤色面向右边	man kneeling medium light skin tone, facing right | 跪下的男人 中等 浅肤色面向右边 | facing | kneel | kneeling | knees | man | medium light skin tone | right | 下跪 | 中等 浅肤色 | 男 | 跪下的男人 | 跪坐 | 面向右边
🧎🏽‍♂️‍➡️	man kneeling: medium skin tone, facing right	跪下的男人: 中等肤色面向右边	man kneeling medium skin tone, facing right | 跪下的男人 中等肤色面向右边 | facing | kneel | kneeling | knees | man | medium skin tone | right | 下跪 | 中等肤色 | 男 | 跪下的男人 | 跪坐 | 面向右边
🧎🏾‍♂️‍➡️	man kneeling: medium-dark skin tone, facing right	跪下的男人: 中等-深肤色面向右边	man kneeling medium dark skin tone, facing right | 跪下的男人 中等 深肤色面向右边 | facing | kneel | kneeling | knees | man | medium dark skin tone | right | 下跪 | 中等 深肤色 | 男 | 跪下的男人 | 跪坐 | 面向右边
🧎🏿‍♂️‍➡️	man kneeling: dark skin tone, facing right	跪下的男人: 较深肤色面向右边	man kneeling dark skin tone, facing right | 跪下的男人 较深肤色面向右边 | dark skin tone | facing | kneel | kneeling | knees | man | right | 下跪 | 男 | 跪下的男人 | 跪坐 | 较深肤色 | 面向右边
🧑‍🦯	person with white cane	拄盲杖的人	person with white cane | 拄盲杖的人 | accessibility | blind | cane | person | probing | white | 无障碍 | 盲
🧑🏻‍🦯	person with white cane: light skin tone	拄盲杖的人: 较浅肤色	person with white cane light skin tone | 拄盲杖的人 较浅肤色 | accessibility | blind | cane | light skin tone | person | probing | white | 拄盲杖的人 | 无障碍 | 盲 | 较浅肤色
🧑🏼‍🦯	person with white cane: medium-light skin tone	拄盲杖的人: 中等-浅肤色	person with white cane medium light skin tone | 拄盲杖的人 中等 浅肤色 | accessibility | blind | cane | medium light skin tone | person | probing | white | 中等 浅肤色 | 拄盲杖的人 | 无障碍 | 盲
🧑🏽‍🦯	person with white cane: medium skin tone	拄盲杖的人: 中等肤色	person with white cane medium skin tone | 拄盲杖的人 中等肤色 | accessibility | blind | cane | medium skin tone | person | probing | white | 中等肤色 | 拄盲杖的人 | 无障碍 | 盲
🧑🏾‍🦯	person with white cane: medium-dark skin tone	拄盲杖的人: 中等-深肤色	person with white cane medium dark skin tone | 拄盲杖的人 中等 深肤色 | accessibility | blind | cane | medium dark skin tone | person | probing | white | 中等 深肤色 | 拄盲杖的人 | 无障碍 | 盲
🧑🏿‍🦯	person with white cane: dark skin tone	拄盲杖的人: 较深肤色	person with white cane dark skin tone | 拄盲杖的人 较深肤色 | accessibility | blind | cane | dark skin tone | person | probing | white | 拄盲杖的人 | 无障碍 | 盲 | 较深肤色
🧑‍🦯‍➡️	person with white cane: facing right	拄盲杖的人: 面向右边	person with white cane facing right | 拄盲杖的人 面向右边 | accessibility | blind | cane | facing | person | probing | right | white | 拄盲杖的人 | 无障碍 | 盲 | 面向右边
🧑🏻‍🦯‍➡️	person with white cane: light skin tone, facing right	拄盲杖的人: 较浅肤色面向右边	person with white cane light skin tone, facing right | 拄盲杖的人 较浅肤色面向右边 | accessibility | blind | cane | facing | light skin tone | person | probing | right | white | 拄盲杖的人 | 无障碍 | 盲 | 较浅肤色 | 面向右边
🧑🏼‍🦯‍➡️	person with white cane: medium-light skin tone, facing right	拄盲杖的人: 中等-浅肤色面向右边	person with white cane medium light skin tone, facing right | 拄盲杖的人 中等 浅肤色面向右边 | accessibility | blind | cane | facing | medium light skin tone | person | probing | right | white | 中等 浅肤色 | 拄盲杖的人 | 无障碍 | 盲 | 面向右边
🧑🏽‍🦯‍➡️	person with white cane: medium skin tone, facing right	拄盲杖的人: 中等肤色面向右边	person with white cane medium skin tone, facing right | 拄盲杖的人 中等肤色面向右边 | accessibility | blind | cane | facing | medium skin tone | person | probing | right | white | 中等肤色 | 拄盲杖的人 | 无障碍 | 盲 | 面向右边
🧑🏾‍🦯‍➡️	person with white cane: medium-dark skin tone, facing right	拄盲杖的人: 中等-深肤色面向右边	person with white cane medium dark skin tone, facing right | 拄盲杖的人 中等 深肤色面向右边 | accessibility | blind | cane | facing | medium dark skin tone | person | probing | right | white | 中等 深肤色 | 拄盲杖的人 | 无障碍 | 盲 | 面向右边
🧑🏿‍🦯‍➡️	person with white cane: dark skin tone, facing right	拄盲杖的人: 较深肤色面向右边	person with white cane dark skin tone, facing right | 拄盲杖的人 较深肤色面向右边 | accessibility | blind | cane | dark skin tone | facing | person | probing | right | white | 拄盲杖的人 | 无障碍 | 盲 | 较深肤色 | 面向右边
👨‍🦯	man with white cane	拄盲杖的男人	man with white cane | 拄盲杖的男人 | accessibility | blind | cane | man | probing | white | 拐杖 | 无障碍 | 男 | 男人 | 男子 | 盲 | 盲人
👨🏻‍🦯	man with white cane: light skin tone	拄盲杖的男人: 较浅肤色	man with white cane light skin tone | 拄盲杖的男人 较浅肤色 | accessibility | blind | cane | light skin tone | man | probing | white | 拄盲杖的男人 | 拐杖 | 无障碍 | 男 | 男人 | 男子 | 盲 | 盲人 | 较浅肤色
👨🏼‍🦯	man with white cane: medium-light skin tone	拄盲杖的男人: 中等-浅肤色	man with white cane medium light skin tone | 拄盲杖的男人 中等 浅肤色 | accessibility | blind | cane | man | medium light skin tone | probing | white | 中等 浅肤色 | 拄盲杖的男人 | 拐杖 | 无障碍 | 男 | 男人 | 男子 | 盲 | 盲人
👨🏽‍🦯	man with white cane: medium skin tone	拄盲杖的男人: 中等肤色	man with white cane medium skin tone | 拄盲杖的男人 中等肤色 | accessibility | blind | cane | man | medium skin tone | probing | white | 中等肤色 | 拄盲杖的男人 | 拐杖 | 无障碍 | 男 | 男人 | 男子 | 盲 | 盲人
👨🏾‍🦯	man with white cane: medium-dark skin tone	拄盲杖的男人: 中等-深肤色	man with white cane medium dark skin tone | 拄盲杖的男人 中等 深肤色 | accessibility | blind | cane | man | medium dark skin tone | probing | white | 中等 深肤色 | 拄盲杖的男人 | 拐杖 | 无障碍 | 男 | 男人 | 男子 | 盲 | 盲人
👨🏿‍🦯	man with white cane: dark skin tone	拄盲杖的男人: 较深肤色	man with white cane dark skin tone | 拄盲杖的男人 较深肤色 | accessibility | blind | cane | dark skin tone | man | probing | white | 拄盲杖的男人 | 拐杖 | 无障碍 | 男 | 男人 | 男子 | 盲 | 盲人 | 较深肤色
👨‍🦯‍➡️	man with white cane: facing right	拄盲杖的男人: 面向右边	man with white cane facing right | 拄盲杖的男人 面向右边 | accessibility | blind | cane | facing | man | probing | right | white | 拄盲杖的男人 | 拐杖 | 无障碍 | 男 | 男人 | 男子 | 盲 | 盲人 | 面向右边
👨🏻‍🦯‍➡️	man with white cane: light skin tone, facing right	拄盲杖的男人: 较浅肤色面向右边	man with white cane light skin tone, facing right | 拄盲杖的男人 较浅肤色面向右边 | accessibility | blind | cane | facing | light skin tone | man | probing | right | white | 拄盲杖的男人 | 拐杖 | 无障碍 | 男 | 男人 | 男子 | 盲 | 盲人 | 较浅肤色 | 面向右边
👨🏼‍🦯‍➡️	man with white cane: medium-light skin tone, facing right	拄盲杖的男人: 中等-浅肤色面向右边	man with white cane medium light skin tone, facing right | 拄盲杖的男人 中等 浅肤色面向右边 | accessibility | blind | cane | facing | man | medium light skin tone | probing | right | white | 中等 浅肤色 | 拄盲杖的男人 | 拐杖 | 无障碍 | 男 | 男人 | 男子 | 盲 | 盲人 | 面向右边
👨🏽‍🦯‍➡️	man with white cane: medium skin tone, facing right	拄盲杖的男人: 中等肤色面向右边	man with white cane medium skin tone, facing right | 拄盲杖的男人 中等肤色面向右边 | accessibility | blind | cane | facing | man | medium skin tone | probing | right | white | 中等肤色 | 拄盲杖的男人 | 拐杖 | 无障碍 | 男 | 男人 | 男子 | 盲 | 盲人 | 面向右边
👨🏾‍🦯‍➡️	man with white cane: medium-dark skin tone, facing right	拄盲杖的男人: 中等-深肤色面向右边	man with white cane medium dark skin tone, facing right | 拄盲杖的男人 中等 深肤色面向右边 | accessibility | blind | cane | facing | man | medium dark skin tone | probing | right | white | 中等 深肤色 | 拄盲杖的男人 | 拐杖 | 无障碍 | 男 | 男人 | 男子 | 盲 | 盲人 | 面向右边
👨🏿‍🦯‍➡️	man with white cane: dark skin tone, facing right	拄盲杖的男人: 较深肤色面向右边	man with white cane dark skin tone, facing right | 拄盲杖的男人 较深肤色面向右边 | accessibility | blind | cane | dark skin tone | facing | man | probing | right | white | 拄盲杖的男人 | 拐杖 | 无障碍 | 男 | 男人 | 男子 | 盲 | 盲人 | 较深肤色 | 面向右边
👩‍🦯	woman with white cane	拄盲杖的女人	woman with white cane | 拄盲杖的女人 | accessibility | blind | cane | probing | white | woman | 女 | 女人 | 女性 | 拐杖 | 无障碍 | 盲 | 盲人
👩🏻‍🦯	woman with white cane: light skin tone	拄盲杖的女人: 较浅肤色	woman with white cane light skin tone | 拄盲杖的女人 较浅肤色 | accessibility | blind | cane | light skin tone | probing | white | woman | 女 | 女人 | 女性 | 拄盲杖的女人 | 拐杖 | 无障碍 | 盲 | 盲人 | 较浅肤色
👩🏼‍🦯	woman with white cane: medium-light skin tone	拄盲杖的女人: 中等-浅肤色	woman with white cane medium light skin tone | 拄盲杖的女人 中等 浅肤色 | accessibility | blind | cane | medium light skin tone | probing | white | woman | 中等 浅肤色 | 女 | 女人 | 女性 | 拄盲杖的女人 | 拐杖 | 无障碍 | 盲 | 盲人
👩🏽‍🦯	woman with white cane: medium skin tone	拄盲杖的女人: 中等肤色	woman with white cane medium skin tone | 拄盲杖的女人 中等肤色 | accessibility | blind | cane | medium skin tone | probing | white | woman | 中等肤色 | 女 | 女人 | 女性 | 拄盲杖的女人 | 拐杖 | 无障碍 | 盲 | 盲人
👩🏾‍🦯	woman with white cane: medium-dark skin tone	拄盲杖的女人: 中等-深肤色	woman with white cane medium dark skin tone | 拄盲杖的女人 中等 深肤色 | accessibility | blind | cane | medium dark skin tone | probing | white | woman | 中等 深肤色 | 女 | 女人 | 女性 | 拄盲杖的女人 | 拐杖 | 无障碍 | 盲 | 盲人
👩🏿‍🦯	woman with white cane: dark skin tone	拄盲杖的女人: 较深肤色	woman with white cane dark skin tone | 拄盲杖的女人 较深肤色 | accessibility | blind | cane | dark skin tone | probing | white | woman | 女 | 女人 | 女性 | 拄盲杖的女人 | 拐杖 | 无障碍 | 盲 | 盲人 | 较深肤色
👩‍🦯‍➡️	woman with white cane: facing right	拄盲杖的女人: 面向右边	woman with white cane facing right | 拄盲杖的女人 面向右边 | accessibility | blind | cane | facing | probing | right | white | woman | 女 | 女人 | 女性 | 拄盲杖的女人 | 拐杖 | 无障碍 | 盲 | 盲人 | 面向右边
👩🏻‍🦯‍➡️	woman with white cane: light skin tone, facing right	拄盲杖的女人: 较浅肤色面向右边	woman with white cane light skin tone, facing right | 拄盲杖的女人 较浅肤色面向右边 | accessibility | blind | cane | facing | light skin tone | probing | right | white | woman | 女 | 女人 | 女性 | 拄盲杖的女人 | 拐杖 | 无障碍 | 盲 | 盲人 | 较浅肤色 | 面向右边
👩🏼‍🦯‍➡️	woman with white cane: medium-light skin tone, facing right	拄盲杖的女人: 中等-浅肤色面向右边	woman with white cane medium light skin tone, facing right | 拄盲杖的女人 中等 浅肤色面向右边 | accessibility | blind | cane | facing | medium light skin tone | probing | right | white | woman | 中等 浅肤色 | 女 | 女人 | 女性 | 拄盲杖的女人 | 拐杖 | 无障碍 | 盲 | 盲人 | 面向右边
👩🏽‍🦯‍➡️	woman with white cane: medium skin tone, facing right	拄盲杖的女人: 中等肤色面向右边	woman with white cane medium skin tone, facing right | 拄盲杖的女人 中等肤色面向右边 | accessibility | blind | cane | facing | medium skin tone | probing | right | white | woman | 中等肤色 | 女 | 女人 | 女性 | 拄盲杖的女人 | 拐杖 | 无障碍 | 盲 | 盲人 | 面向右边
👩🏾‍🦯‍➡️	woman with white cane: medium-dark skin tone, facing right	拄盲杖的女人: 中等-深肤色面向右边	woman with white cane medium dark skin tone, facing right | 拄盲杖的女人 中等 深肤色面向右边 | accessibility | blind | cane | facing | medium dark skin tone | probing | right | white | woman | 中等 深肤色 | 女 | 女人 | 女性 | 拄盲杖的女人 | 拐杖 | 无障碍 | 盲 | 盲人 | 面向右边
👩🏿‍🦯‍➡️	woman with white cane: dark skin tone, facing right	拄盲杖的女人: 较深肤色面向右边	woman with white cane dark skin tone, facing right | 拄盲杖的女人 较深肤色面向右边 | accessibility | blind | cane | dark skin tone | facing | probing | right | white | woman | 女 | 女人 | 女性 | 拄盲杖的女人 | 拐杖 | 无障碍 | 盲 | 盲人 | 较深肤色 | 面向右边
🧑‍🦼	person in motorized wheelchair	坐电动轮椅的人	person in motorized wheelchair | 坐电动轮椅的人 | accessibility | motorized | person | wheelchair | 无障碍 | 轮椅
🧑🏻‍🦼	person in motorized wheelchair: light skin tone	坐电动轮椅的人: 较浅肤色	person in motorized wheelchair light skin tone | 坐电动轮椅的人 较浅肤色 | accessibility | light skin tone | motorized | person | wheelchair | 坐电动轮椅的人 | 无障碍 | 轮椅 | 较浅肤色
🧑🏼‍🦼	person in motorized wheelchair: medium-light skin tone	坐电动轮椅的人: 中等-浅肤色	person in motorized wheelchair medium light skin tone | 坐电动轮椅的人 中等 浅肤色 | accessibility | medium light skin tone | motorized | person | wheelchair | 中等 浅肤色 | 坐电动轮椅的人 | 无障碍 | 轮椅
🧑🏽‍🦼	person in motorized wheelchair: medium skin tone	坐电动轮椅的人: 中等肤色	person in motorized wheelchair medium skin tone | 坐电动轮椅的人 中等肤色 | accessibility | medium skin tone | motorized | person | wheelchair | 中等肤色 | 坐电动轮椅的人 | 无障碍 | 轮椅
🧑🏾‍🦼	person in motorized wheelchair: medium-dark skin tone	坐电动轮椅的人: 中等-深肤色	person in motorized wheelchair medium dark skin tone | 坐电动轮椅的人 中等 深肤色 | accessibility | medium dark skin tone | motorized | person | wheelchair | 中等 深肤色 | 坐电动轮椅的人 | 无障碍 | 轮椅
🧑🏿‍🦼	person in motorized wheelchair: dark skin tone	坐电动轮椅的人: 较深肤色	person in motorized wheelchair dark skin tone | 坐电动轮椅的人 较深肤色 | accessibility | dark skin tone | motorized | person | wheelchair | 坐电动轮椅的人 | 无障碍 | 轮椅 | 较深肤色
🧑‍🦼‍➡️	person in motorized wheelchair: facing right	坐电动轮椅的人: 面向右边	person in motorized wheelchair facing right | 坐电动轮椅的人 面向右边 | accessibility | facing | motorized | person | right | wheelchair | 坐电动轮椅的人 | 无障碍 | 轮椅 | 面向右边
🧑🏻‍🦼‍➡️	person in motorized wheelchair: light skin tone, facing right	坐电动轮椅的人: 较浅肤色面向右边	person in motorized wheelchair light skin tone, facing right | 坐电动轮椅的人 较浅肤色面向右边 | accessibility | facing | light skin tone | motorized | person | right | wheelchair | 坐电动轮椅的人 | 无障碍 | 轮椅 | 较浅肤色 | 面向右边
🧑🏼‍🦼‍➡️	person in motorized wheelchair: medium-light skin tone, facing right	坐电动轮椅的人: 中等-浅肤色面向右边	person in motorized wheelchair medium light skin tone, facing right | 坐电动轮椅的人 中等 浅肤色面向右边 | accessibility | facing | medium light skin tone | motorized | person | right | wheelchair | 中等 浅肤色 | 坐电动轮椅的人 | 无障碍 | 轮椅 | 面向右边
🧑🏽‍🦼‍➡️	person in motorized wheelchair: medium skin tone, facing right	坐电动轮椅的人: 中等肤色面向右边	person in motorized wheelchair medium skin tone, facing right | 坐电动轮椅的人 中等肤色面向右边 | accessibility | facing | medium skin tone | motorized | person | right | wheelchair | 中等肤色 | 坐电动轮椅的人 | 无障碍 | 轮椅 | 面向右边
🧑🏾‍🦼‍➡️	person in motorized wheelchair: medium-dark skin tone, facing right	坐电动轮椅的人: 中等-深肤色面向右边	person in motorized wheelchair medium dark skin tone, facing right | 坐电动轮椅的人 中等 深肤色面向右边 | accessibility | facing | medium dark skin tone | motorized | person | right | wheelchair | 中等 深肤色 | 坐电动轮椅的人 | 无障碍 | 轮椅 | 面向右边
🧑🏿‍🦼‍➡️	person in motorized wheelchair: dark skin tone, facing right	坐电动轮椅的人: 较深肤色面向右边	person in motorized wheelchair dark skin tone, facing right | 坐电动轮椅的人 较深肤色面向右边 | accessibility | dark skin tone | facing | motorized | person | right | wheelchair | 坐电动轮椅的人 | 无障碍 | 轮椅 | 较深肤色 | 面向右边
👨‍🦼	man in motorized wheelchair	坐电动轮椅的男人	man in motorized wheelchair | 坐电动轮椅的男人 | accessibility | man | motorized | wheelchair | 无障碍 | 电动 | 男 | 男人 | 男子 | 轮椅
👨🏻‍🦼	man in motorized wheelchair: light skin tone	坐电动轮椅的男人: 较浅肤色	man in motorized wheelchair light skin tone | 坐电动轮椅的男人 较浅肤色 | accessibility | light skin tone | man | motorized | wheelchair | 坐电动轮椅的男人 | 无障碍 | 电动 | 男 | 男人 | 男子 | 轮椅 | 较浅肤色
👨🏼‍🦼	man in motorized wheelchair: medium-light skin tone	坐电动轮椅的男人: 中等-浅肤色	man in motorized wheelchair medium light skin tone | 坐电动轮椅的男人 中等 浅肤色 | accessibility | man | medium light skin tone | motorized | wheelchair | 中等 浅肤色 | 坐电动轮椅的男人 | 无障碍 | 电动 | 男 | 男人 | 男子 | 轮椅
👨🏽‍🦼	man in motorized wheelchair: medium skin tone	坐电动轮椅的男人: 中等肤色	man in motorized wheelchair medium skin tone | 坐电动轮椅的男人 中等肤色 | accessibility | man | medium skin tone | motorized | wheelchair | 中等肤色 | 坐电动轮椅的男人 | 无障碍 | 电动 | 男 | 男人 | 男子 | 轮椅
👨🏾‍🦼	man in motorized wheelchair: medium-dark skin tone	坐电动轮椅的男人: 中等-深肤色	man in motorized wheelchair medium dark skin tone | 坐电动轮椅的男人 中等 深肤色 | accessibility | man | medium dark skin tone | motorized | wheelchair | 中等 深肤色 | 坐电动轮椅的男人 | 无障碍 | 电动 | 男 | 男人 | 男子 | 轮椅
👨🏿‍🦼	man in motorized wheelchair: dark skin tone	坐电动轮椅的男人: 较深肤色	man in motorized wheelchair dark skin tone | 坐电动轮椅的男人 较深肤色 | accessibility | dark skin tone | man | motorized | wheelchair | 坐电动轮椅的男人 | 无障碍 | 电动 | 男 | 男人 | 男子 | 轮椅 | 较深肤色
👨‍🦼‍➡️	man in motorized wheelchair: facing right	坐电动轮椅的男人: 面向右边	man in motorized wheelchair facing right | 坐电动轮椅的男人 面向右边 | accessibility | facing | man | motorized | right | wheelchair | 坐电动轮椅的男人 | 无障碍 | 电动 | 男 | 男人 | 男子 | 轮椅 | 面向右边
👨🏻‍🦼‍➡️	man in motorized wheelchair: light skin tone, facing right	坐电动轮椅的男人: 较浅肤色面向右边	man in motorized wheelchair light skin tone, facing right | 坐电动轮椅的男人 较浅肤色面向右边 | accessibility | facing | light skin tone | man | motorized | right | wheelchair | 坐电动轮椅的男人 | 无障碍 | 电动 | 男 | 男人 | 男子 | 轮椅 | 较浅肤色 | 面向右边
👨🏼‍🦼‍➡️	man in motorized wheelchair: medium-light skin tone, facing right	坐电动轮椅的男人: 中等-浅肤色面向右边	man in motorized wheelchair medium light skin tone, facing right | 坐电动轮椅的男人 中等 浅肤色面向右边 | accessibility | facing | man | medium light skin tone | motorized | right | wheelchair | 中等 浅肤色 | 坐电动轮椅的男人 | 无障碍 | 电动 | 男 | 男人 | 男子 | 轮椅 | 面向右边
👨🏽‍🦼‍➡️	man in motorized wheelchair: medium skin tone, facing right	坐电动轮椅的男人: 中等肤色面向右边	man in motorized wheelchair medium skin tone, facing right | 坐电动轮椅的男人 中等肤色面向右边 | accessibility | facing | man | medium skin tone | motorized | right | wheelchair | 中等肤色 | 坐电动轮椅的男人 | 无障碍 | 电动 | 男 | 男人 | 男子 | 轮椅 | 面向右边
👨🏾‍🦼‍➡️	man in motorized wheelchair: medium-dark skin tone, facing right	坐电动轮椅的男人: 中等-深肤色面向右边	man in motorized wheelchair medium dark skin tone, facing right | 坐电动轮椅的男人 中等 深肤色面向右边 | accessibility | facing | man | medium dark skin tone | motorized | right | wheelchair | 中等 深肤色 | 坐电动轮椅的男人 | 无障碍 | 电动 | 男 | 男人 | 男子 | 轮椅 | 面向右边
👨🏿‍🦼‍➡️	man in motorized wheelchair: dark skin tone, facing right	坐电动轮椅的男人: 较深肤色面向右边	man in motorized wheelchair dark skin tone, facing right | 坐电动轮椅的男人 较深肤色面向右边 | accessibility | dark skin tone | facing | man | motorized | right | wheelchair | 坐电动轮椅的男人 | 无障碍 | 电动 | 男 | 男人 | 男子 | 轮椅 | 较深肤色 | 面向右边
👩‍🦼	woman in motorized wheelchair	坐电动轮椅的女人	woman in motorized wheelchair | 坐电动轮椅的女人 | accessibility | motorized | wheelchair | woman | 女 | 女人 | 女子 | 无障碍 | 电动 | 轮椅
👩🏻‍🦼	woman in motorized wheelchair: light skin tone	坐电动轮椅的女人: 较浅肤色	woman in motorized wheelchair light skin tone | 坐电动轮椅的女人 较浅肤色 | accessibility | light skin tone | motorized | wheelchair | woman | 坐电动轮椅的女人 | 女 | 女人 | 女子 | 无障碍 | 电动 | 轮椅 | 较浅肤色
👩🏼‍🦼	woman in motorized wheelchair: medium-light skin tone	坐电动轮椅的女人: 中等-浅肤色	woman in motorized wheelchair medium light skin tone | 坐电动轮椅的女人 中等 浅肤色 | accessibility | medium light skin tone | motorized | wheelchair | woman | 中等 浅肤色 | 坐电动轮椅的女人 | 女 | 女人 | 女子 | 无障碍 | 电动 | 轮椅
👩🏽‍🦼	woman in motorized wheelchair: medium skin tone	坐电动轮椅的女人: 中等肤色	woman in motorized wheelchair medium skin tone | 坐电动轮椅的女人 中等肤色 | accessibility | medium skin tone | motorized | wheelchair | woman | 中等肤色 | 坐电动轮椅的女人 | 女 | 女人 | 女子 | 无障碍 | 电动 | 轮椅
👩🏾‍🦼	woman in motorized wheelchair: medium-dark skin tone	坐电动轮椅的女人: 中等-深肤色	woman in motorized wheelchair medium dark skin tone | 坐电动轮椅的女人 中等 深肤色 | accessibility | medium dark skin tone | motorized | wheelchair | woman | 中等 深肤色 | 坐电动轮椅的女人 | 女 | 女人 | 女子 | 无障碍 | 电动 | 轮椅
👩🏿‍🦼	woman in motorized wheelchair: dark skin tone	坐电动轮椅的女人: 较深肤色	woman in motorized wheelchair dark skin tone | 坐电动轮椅的女人 较深肤色 | accessibility | dark skin tone | motorized | wheelchair | woman | 坐电动轮椅的女人 | 女 | 女人 | 女子 | 无障碍 | 电动 | 轮椅 | 较深肤色
👩‍🦼‍➡️	woman in motorized wheelchair: facing right	坐电动轮椅的女人: 面向右边	woman in motorized wheelchair facing right | 坐电动轮椅的女人 面向右边 | accessibility | facing | motorized | right | wheelchair | woman | 坐电动轮椅的女人 | 女 | 女人 | 女子 | 无障碍 | 电动 | 轮椅 | 面向右边
👩🏻‍🦼‍➡️	woman in motorized wheelchair: light skin tone, facing right	坐电动轮椅的女人: 较浅肤色面向右边	woman in motorized wheelchair light skin tone, facing right | 坐电动轮椅的女人 较浅肤色面向右边 | accessibility | facing | light skin tone | motorized | right | wheelchair | woman | 坐电动轮椅的女人 | 女 | 女人 | 女子 | 无障碍 | 电动 | 轮椅 | 较浅肤色 | 面向右边
👩🏼‍🦼‍➡️	woman in motorized wheelchair: medium-light skin tone, facing right	坐电动轮椅的女人: 中等-浅肤色面向右边	woman in motorized wheelchair medium light skin tone, facing right | 坐电动轮椅的女人 中等 浅肤色面向右边 | accessibility | facing | medium light skin tone | motorized | right | wheelchair | woman | 中等 浅肤色 | 坐电动轮椅的女人 | 女 | 女人 | 女子 | 无障碍 | 电动 | 轮椅 | 面向右边
👩🏽‍🦼‍➡️	woman in motorized wheelchair: medium skin tone, facing right	坐电动轮椅的女人: 中等肤色面向右边	woman in motorized wheelchair medium skin tone, facing right | 坐电动轮椅的女人 中等肤色面向右边 | accessibility | facing | medium skin tone | motorized | right | wheelchair | woman | 中等肤色 | 坐电动轮椅的女人 | 女 | 女人 | 女子 | 无障碍 | 电动 | 轮椅 | 面向右边
👩🏾‍🦼‍➡️	woman in motorized wheelchair: medium-dark skin tone, facing right	坐电动轮椅的女人: 中等-深肤色面向右边	woman in motorized wheelchair medium dark skin tone, facing right | 坐电动轮椅的女人 中等 深肤色面向右边 | accessibility | facing | medium dark skin tone | motorized | right | wheelchair | woman | 中等 深肤色 | 坐电动轮椅的女人 | 女 | 女人 | 女子 | 无障碍 | 电动 | 轮椅 | 面向右边
👩🏿‍🦼‍➡️	woman in motorized wheelchair: dark skin tone, facing right	坐电动轮椅的女人: 较深肤色面向右边	woman in motorized wheelchair dark skin tone, facing right | 坐电动轮椅的女人 较深肤色面向右边 | accessibility | dark skin tone | facing | motorized | right | wheelchair | woman | 坐电动轮椅的女人 | 女 | 女人 | 女子 | 无障碍 | 电动 | 轮椅 | 较深肤色 | 面向右边
🧑‍🦽	person in manual wheelchair	坐手动轮椅的人	person in manual wheelchair | 坐手动轮椅的人 | accessibility | manual | person | wheelchair | 无障碍 | 轮椅
🧑🏻‍🦽	person in manual wheelchair: light skin tone	坐手动轮椅的人: 较浅肤色	person in manual wheelchair light skin tone | 坐手动轮椅的人 较浅肤色 | accessibility | light skin tone | manual | person | wheelchair | 坐手动轮椅的人 | 无障碍 | 轮椅 | 较浅肤色
🧑🏼‍🦽	person in manual wheelchair: medium-light skin tone	坐手动轮椅的人: 中等-浅肤色	person in manual wheelchair medium light skin tone | 坐手动轮椅的人 中等 浅肤色 | accessibility | manual | medium light skin tone | person | wheelchair | 中等 浅肤色 | 坐手动轮椅的人 | 无障碍 | 轮椅
🧑🏽‍🦽	person in manual wheelchair: medium skin tone	坐手动轮椅的人: 中等肤色	person in manual wheelchair medium skin tone | 坐手动轮椅的人 中等肤色 | accessibility | manual | medium skin tone | person | wheelchair | 中等肤色 | 坐手动轮椅的人 | 无障碍 | 轮椅
🧑🏾‍🦽	person in manual wheelchair: medium-dark skin tone	坐手动轮椅的人: 中等-深肤色	person in manual wheelchair medium dark skin tone | 坐手动轮椅的人 中等 深肤色 | accessibility | manual | medium dark skin tone | person | wheelchair | 中等 深肤色 | 坐手动轮椅的人 | 无障碍 | 轮椅
🧑🏿‍🦽	person in manual wheelchair: dark skin tone	坐手动轮椅的人: 较深肤色	person in manual wheelchair dark skin tone | 坐手动轮椅的人 较深肤色 | accessibility | dark skin tone | manual | person | wheelchair | 坐手动轮椅的人 | 无障碍 | 轮椅 | 较深肤色
🧑‍🦽‍➡️	person in manual wheelchair: facing right	坐手动轮椅的人: 面向右边	person in manual wheelchair facing right | 坐手动轮椅的人 面向右边 | accessibility | facing | manual | person | right | wheelchair | 坐手动轮椅的人 | 无障碍 | 轮椅 | 面向右边
🧑🏻‍🦽‍➡️	person in manual wheelchair: light skin tone, facing right	坐手动轮椅的人: 较浅肤色面向右边	person in manual wheelchair light skin tone, facing right | 坐手动轮椅的人 较浅肤色面向右边 | accessibility | facing | light skin tone | manual | person | right | wheelchair | 坐手动轮椅的人 | 无障碍 | 轮椅 | 较浅肤色 | 面向右边
🧑🏼‍🦽‍➡️	person in manual wheelchair: medium-light skin tone, facing right	坐手动轮椅的人: 中等-浅肤色面向右边	person in manual wheelchair medium light skin tone, facing right | 坐手动轮椅的人 中等 浅肤色面向右边 | accessibility | facing | manual | medium light skin tone | person | right | wheelchair | 中等 浅肤色 | 坐手动轮椅的人 | 无障碍 | 轮椅 | 面向右边
🧑🏽‍🦽‍➡️	person in manual wheelchair: medium skin tone, facing right	坐手动轮椅的人: 中等肤色面向右边	person in manual wheelchair medium skin tone, facing right | 坐手动轮椅的人 中等肤色面向右边 | accessibility | facing | manual | medium skin tone | person | right | wheelchair | 中等肤色 | 坐手动轮椅的人 | 无障碍 | 轮椅 | 面向右边
🧑🏾‍🦽‍➡️	person in manual wheelchair: medium-dark skin tone, facing right	坐手动轮椅的人: 中等-深肤色面向右边	person in manual wheelchair medium dark skin tone, facing right | 坐手动轮椅的人 中等 深肤色面向右边 | accessibility | facing | manual | medium dark skin tone | person | right | wheelchair | 中等 深肤色 | 坐手动轮椅的人 | 无障碍 | 轮椅 | 面向右边
🧑🏿‍🦽‍➡️	person in manual wheelchair: dark skin tone, facing right	坐手动轮椅的人: 较深肤色面向右边	person in manual wheelchair dark skin tone, facing right | 坐手动轮椅的人 较深肤色面向右边 | accessibility | dark skin tone | facing | manual | person | right | wheelchair | 坐手动轮椅的人 | 无障碍 | 轮椅 | 较深肤色 | 面向右边
👨‍🦽	man in manual wheelchair	坐手动轮椅的男人	man in manual wheelchair | 坐手动轮椅的男人 | accessibility | man | manual | wheelchair | 手动 | 无障碍 | 男 | 男人 | 男子 | 轮椅
👨🏻‍🦽	man in manual wheelchair: light skin tone	坐手动轮椅的男人: 较浅肤色	man in manual wheelchair light skin tone | 坐手动轮椅的男人 较浅肤色 | accessibility | light skin tone | man | manual | wheelchair | 坐手动轮椅的男人 | 手动 | 无障碍 | 男 | 男人 | 男子 | 轮椅 | 较浅肤色
👨🏼‍🦽	man in manual wheelchair: medium-light skin tone	坐手动轮椅的男人: 中等-浅肤色	man in manual wheelchair medium light skin tone | 坐手动轮椅的男人 中等 浅肤色 | accessibility | man | manual | medium light skin tone | wheelchair | 中等 浅肤色 | 坐手动轮椅的男人 | 手动 | 无障碍 | 男 | 男人 | 男子 | 轮椅
👨🏽‍🦽	man in manual wheelchair: medium skin tone	坐手动轮椅的男人: 中等肤色	man in manual wheelchair medium skin tone | 坐手动轮椅的男人 中等肤色 | accessibility | man | manual | medium skin tone | wheelchair | 中等肤色 | 坐手动轮椅的男人 | 手动 | 无障碍 | 男 | 男人 | 男子 | 轮椅
👨🏾‍🦽	man in manual wheelchair: medium-dark skin tone	坐手动轮椅的男人: 中等-深肤色	man in manual wheelchair medium dark skin tone | 坐手动轮椅的男人 中等 深肤色 | accessibility | man | manual | medium dark skin tone | wheelchair | 中等 深肤色 | 坐手动轮椅的男人 | 手动 | 无障碍 | 男 | 男人 | 男子 | 轮椅
👨🏿‍🦽	man in manual wheelchair: dark skin tone	坐手动轮椅的男人: 较深肤色	man in manual wheelchair dark skin tone | 坐手动轮椅的男人 较深肤色 | accessibility | dark skin tone | man | manual | wheelchair | 坐手动轮椅的男人 | 手动 | 无障碍 | 男 | 男人 | 男子 | 轮椅 | 较深肤色
👨‍🦽‍➡️	man in manual wheelchair: facing right	坐手动轮椅的男人: 面向右边	man in manual wheelchair facing right | 坐手动轮椅的男人 面向右边 | accessibility | facing | man | manual | right | wheelchair | 坐手动轮椅的男人 | 手动 | 无障碍 | 男 | 男人 | 男子 | 轮椅 | 面向右边
👨🏻‍🦽‍➡️	man in manual wheelchair: light skin tone, facing right	坐手动轮椅的男人: 较浅肤色面向右边	man in manual wheelchair light skin tone, facing right | 坐手动轮椅的男人 较浅肤色面向右边 | accessibility | facing | light skin tone | man | manual | right | wheelchair | 坐手动轮椅的男人 | 手动 | 无障碍 | 男 | 男人 | 男子 | 轮椅 | 较浅肤色 | 面向右边
👨🏼‍🦽‍➡️	man in manual wheelchair: medium-light skin tone, facing right	坐手动轮椅的男人: 中等-浅肤色面向右边	man in manual wheelchair medium light skin tone, facing right | 坐手动轮椅的男人 中等 浅肤色面向右边 | accessibility | facing | man | manual | medium light skin tone | right | wheelchair | 中等 浅肤色 | 坐手动轮椅的男人 | 手动 | 无障碍 | 男 | 男人 | 男子 | 轮椅 | 面向右边
👨🏽‍🦽‍➡️	man in manual wheelchair: medium skin tone, facing right	坐手动轮椅的男人: 中等肤色面向右边	man in manual wheelchair medium skin tone, facing right | 坐手动轮椅的男人 中等肤色面向右边 | accessibility | facing | man | manual | medium skin tone | right | wheelchair | 中等肤色 | 坐手动轮椅的男人 | 手动 | 无障碍 | 男 | 男人 | 男子 | 轮椅 | 面向右边
👨🏾‍🦽‍➡️	man in manual wheelchair: medium-dark skin tone, facing right	坐手动轮椅的男人: 中等-深肤色面向右边	man in manual wheelchair medium dark skin tone, facing right | 坐手动轮椅的男人 中等 深肤色面向右边 | accessibility | facing | man | manual | medium dark skin tone | right | wheelchair | 中等 深肤色 | 坐手动轮椅的男人 | 手动 | 无障碍 | 男 | 男人 | 男子 | 轮椅 | 面向右边
👨🏿‍🦽‍➡️	man in manual wheelchair: dark skin tone, facing right	坐手动轮椅的男人: 较深肤色面向右边	man in manual wheelchair dark skin tone, facing right | 坐手动轮椅的男人 较深肤色面向右边 | accessibility | dark skin tone | facing | man | manual | right | wheelchair | 坐手动轮椅的男人 | 手动 | 无障碍 | 男 | 男人 | 男子 | 轮椅 | 较深肤色 | 面向右边
👩‍🦽	woman in manual wheelchair	坐手动轮椅的女人	woman in manual wheelchair | 坐手动轮椅的女人 | accessibility | manual | wheelchair | woman | 女 | 女人 | 女子 | 手动 | 无障碍 | 轮椅
👩🏻‍🦽	woman in manual wheelchair: light skin tone	坐手动轮椅的女人: 较浅肤色	woman in manual wheelchair light skin tone | 坐手动轮椅的女人 较浅肤色 | accessibility | light skin tone | manual | wheelchair | woman | 坐手动轮椅的女人 | 女 | 女人 | 女子 | 手动 | 无障碍 | 轮椅 | 较浅肤色
👩🏼‍🦽	woman in manual wheelchair: medium-light skin tone	坐手动轮椅的女人: 中等-浅肤色	woman in manual wheelchair medium light skin tone | 坐手动轮椅的女人 中等 浅肤色 | accessibility | manual | medium light skin tone | wheelchair | woman | 中等 浅肤色 | 坐手动轮椅的女人 | 女 | 女人 | 女子 | 手动 | 无障碍 | 轮椅
👩🏽‍🦽	woman in manual wheelchair: medium skin tone	坐手动轮椅的女人: 中等肤色	woman in manual wheelchair medium skin tone | 坐手动轮椅的女人 中等肤色 | accessibility | manual | medium skin tone | wheelchair | woman | 中等肤色 | 坐手动轮椅的女人 | 女 | 女人 | 女子 | 手动 | 无障碍 | 轮椅
👩🏾‍🦽	woman in manual wheelchair: medium-dark skin tone	坐手动轮椅的女人: 中等-深肤色	woman in manual wheelchair medium dark skin tone | 坐手动轮椅的女人 中等 深肤色 | accessibility | manual | medium dark skin tone | wheelchair | woman | 中等 深肤色 | 坐手动轮椅的女人 | 女 | 女人 | 女子 | 手动 | 无障碍 | 轮椅
👩🏿‍🦽	woman in manual wheelchair: dark skin tone	坐手动轮椅的女人: 较深肤色	woman in manual wheelchair dark skin tone | 坐手动轮椅的女人 较深肤色 | accessibility | dark skin tone | manual | wheelchair | woman | 坐手动轮椅的女人 | 女 | 女人 | 女子 | 手动 | 无障碍 | 轮椅 | 较深肤色
👩‍🦽‍➡️	woman in manual wheelchair: facing right	坐手动轮椅的女人: 面向右边	woman in manual wheelchair facing right | 坐手动轮椅的女人 面向右边 | accessibility | facing | manual | right | wheelchair | woman | 坐手动轮椅的女人 | 女 | 女人 | 女子 | 手动 | 无障碍 | 轮椅 | 面向右边
👩🏻‍🦽‍➡️	woman in manual wheelchair: light skin tone, facing right	坐手动轮椅的女人: 较浅肤色面向右边	woman in manual wheelchair light skin tone, facing right | 坐手动轮椅的女人 较浅肤色面向右边 | accessibility | facing | light skin tone | manual | right | wheelchair | woman | 坐手动轮椅的女人 | 女 | 女人 | 女子 | 手动 | 无障碍 | 轮椅 | 较浅肤色 | 面向右边
👩🏼‍🦽‍➡️	woman in manual wheelchair: medium-light skin tone, facing right	坐手动轮椅的女人: 中等-浅肤色面向右边	woman in manual wheelchair medium light skin tone, facing right | 坐手动轮椅的女人 中等 浅肤色面向右边 | accessibility | facing | manual | medium light skin tone | right | wheelchair | woman | 中等 浅肤色 | 坐手动轮椅的女人 | 女 | 女人 | 女子 | 手动 | 无障碍 | 轮椅 | 面向右边
👩🏽‍🦽‍➡️	woman in manual wheelchair: medium skin tone, facing right	坐手动轮椅的女人: 中等肤色面向右边	woman in manual wheelchair medium skin tone, facing right | 坐手动轮椅的女人 中等肤色面向右边 | accessibility | facing | manual | medium skin tone | right | wheelchair | woman | 中等肤色 | 坐手动轮椅的女人 | 女 | 女人 | 女子 | 手动 | 无障碍 | 轮椅 | 面向右边
👩🏾‍🦽‍➡️	woman in manual wheelchair: medium-dark skin tone, facing right	坐手动轮椅的女人: 中等-深肤色面向右边	woman in manual wheelchair medium dark skin tone, facing right | 坐手动轮椅的女人 中等 深肤色面向右边 | accessibility | facing | manual | medium dark skin tone | right | wheelchair | woman | 中等 深肤色 | 坐手动轮椅的女人 | 女 | 女人 | 女子 | 手动 | 无障碍 | 轮椅 | 面向右边
👩🏿‍🦽‍➡️	woman in manual wheelchair: dark skin tone, facing right	坐手动轮椅的女人: 较深肤色面向右边	woman in manual wheelchair dark skin tone, facing right | 坐手动轮椅的女人 较深肤色面向右边 | accessibility | dark skin tone | facing | manual | right | wheelchair | woman | 坐手动轮椅的女人 | 女 | 女人 | 女子 | 手动 | 无障碍 | 轮椅 | 较深肤色 | 面向右边
🏃	person running	跑步者	person running | 跑步者 | fast | hurry | marathon | move | person | quick | race | racing | run | rush | speed | 匆忙 | 向前冲 | 奔跑 | 快跑 | 赛跑 | 跑步 | 跑路 | 闪人 | 马拉松
🏃🏻	person running: light skin tone	跑步者: 较浅肤色	person running light skin tone | 跑步者 较浅肤色 | fast | hurry | light skin tone | marathon | move | person | quick | race | racing | run | rush | speed | 匆忙 | 向前冲 | 奔跑 | 快跑 | 赛跑 | 跑步 | 跑步者 | 跑路 | 较浅肤色 | 闪人 | 马拉松
🏃🏼	person running: medium-light skin tone	跑步者: 中等-浅肤色	person running medium light skin tone | 跑步者 中等 浅肤色 | fast | hurry | marathon | medium light skin tone | move | person | quick | race | racing | run | rush | speed | 中等 浅肤色 | 匆忙 | 向前冲 | 奔跑 | 快跑 | 赛跑 | 跑步 | 跑步者 | 跑路 | 闪人 | 马拉松
🏃🏽	person running: medium skin tone	跑步者: 中等肤色	person running medium skin tone | 跑步者 中等肤色 | fast | hurry | marathon | medium skin tone | move | person | quick | race | racing | run | rush | speed | 中等肤色 | 匆忙 | 向前冲 | 奔跑 | 快跑 | 赛跑 | 跑步 | 跑步者 | 跑路 | 闪人 | 马拉松
🏃🏾	person running: medium-dark skin tone	跑步者: 中等-深肤色	person running medium dark skin tone | 跑步者 中等 深肤色 | fast | hurry | marathon | medium dark skin tone | move | person | quick | race | racing | run | rush | speed | 中等 深肤色 | 匆忙 | 向前冲 | 奔跑 | 快跑 | 赛跑 | 跑步 | 跑步者 | 跑路 | 闪人 | 马拉松
🏃🏿	person running: dark skin tone	跑步者: 较深肤色	person running dark skin tone | 跑步者 较深肤色 | dark skin tone | fast | hurry | marathon | move | person | quick | race | racing | run | rush | speed | 匆忙 | 向前冲 | 奔跑 | 快跑 | 赛跑 | 跑步 | 跑步者 | 跑路 | 较深肤色 | 闪人 | 马拉松
🏃‍♂️	man running	男生跑步	man running | 男生跑步 | fast | hurry | man | marathon | move | quick | race | racing | run | rush | speed | 男 | 跑 | 马拉松
🏃🏻‍♂️	man running: light skin tone	男生跑步: 较浅肤色	man running light skin tone | 男生跑步 较浅肤色 | fast | hurry | light skin tone | man | marathon | move | quick | race | racing | run | rush | speed | 男 | 男生跑步 | 跑 | 较浅肤色 | 马拉松
🏃🏼‍♂️	man running: medium-light skin tone	男生跑步: 中等-浅肤色	man running medium light skin tone | 男生跑步 中等 浅肤色 | fast | hurry | man | marathon | medium light skin tone | move | quick | race | racing | run | rush | speed | 中等 浅肤色 | 男 | 男生跑步 | 跑 | 马拉松
🏃🏽‍♂️	man running: medium skin tone	男生跑步: 中等肤色	man running medium skin tone | 男生跑步 中等肤色 | fast | hurry | man | marathon | medium skin tone | move | quick | race | racing | run | rush | speed | 中等肤色 | 男 | 男生跑步 | 跑 | 马拉松
🏃🏾‍♂️	man running: medium-dark skin tone	男生跑步: 中等-深肤色	man running medium dark skin tone | 男生跑步 中等 深肤色 | fast | hurry | man | marathon | medium dark skin tone | move | quick | race | racing | run | rush | speed | 中等 深肤色 | 男 | 男生跑步 | 跑 | 马拉松
🏃🏿‍♂️	man running: dark skin tone	男生跑步: 较深肤色	man running dark skin tone | 男生跑步 较深肤色 | dark skin tone | fast | hurry | man | marathon | move | quick | race | racing | run | rush | speed | 男 | 男生跑步 | 跑 | 较深肤色 | 马拉松
🏃‍♀️	woman running	女生跑步	woman running | 女生跑步 | fast | hurry | marathon | move | quick | race | racing | run | rush | speed | woman | 冲刺 | 女 | 比赛 | 跑 | 跑步 | 马拉松
🏃🏻‍♀️	woman running: light skin tone	女生跑步: 较浅肤色	woman running light skin tone | 女生跑步 较浅肤色 | fast | hurry | light skin tone | marathon | move | quick | race | racing | run | rush | speed | woman | 冲刺 | 女 | 女生跑步 | 比赛 | 跑 | 跑步 | 较浅肤色 | 马拉松
🏃🏼‍♀️	woman running: medium-light skin tone	女生跑步: 中等-浅肤色	woman running medium light skin tone | 女生跑步 中等 浅肤色 | fast | hurry | marathon | medium light skin tone | move | quick | race | racing | run | rush | speed | woman | 中等 浅肤色 | 冲刺 | 女 | 女生跑步 | 比赛 | 跑 | 跑步 | 马拉松
🏃🏽‍♀️	woman running: medium skin tone	女生跑步: 中等肤色	woman running medium skin tone | 女生跑步 中等肤色 | fast | hurry | marathon | medium skin tone | move | quick | race | racing | run | rush | speed | woman | 中等肤色 | 冲刺 | 女 | 女生跑步 | 比赛 | 跑 | 跑步 | 马拉松
🏃🏾‍♀️	woman running: medium-dark skin tone	女生跑步: 中等-深肤色	woman running medium dark skin tone | 女生跑步 中等 深肤色 | fast | hurry | marathon | medium dark skin tone | move | quick | race | racing | run | rush | speed | woman | 中等 深肤色 | 冲刺 | 女 | 女生跑步 | 比赛 | 跑 | 跑步 | 马拉松
🏃🏿‍♀️	woman running: dark skin tone	女生跑步: 较深肤色	woman running dark skin tone | 女生跑步 较深肤色 | dark skin tone | fast | hurry | marathon | move | quick | race | racing | run | rush | speed | woman | 冲刺 | 女 | 女生跑步 | 比赛 | 跑 | 跑步 | 较深肤色 | 马拉松
🏃‍➡️	person running: facing right	跑步者: 面向右边	person running facing right | 跑步者 面向右边 | facing | fast | hurry | marathon | move | person | quick | race | racing | right | run | rush | speed | 匆忙 | 向前冲 | 奔跑 | 快跑 | 赛跑 | 跑步 | 跑步者 | 跑路 | 闪人 | 面向右边 | 马拉松
🏃🏻‍➡️	person running: light skin tone, facing right	跑步者: 较浅肤色面向右边	person running light skin tone, facing right | 跑步者 较浅肤色面向右边 | facing | fast | hurry | light skin tone | marathon | move | person | quick | race | racing | right | run | rush | speed | 匆忙 | 向前冲 | 奔跑 | 快跑 | 赛跑 | 跑步 | 跑步者 | 跑路 | 较浅肤色 | 闪人 | 面向右边 | 马拉松
🏃🏼‍➡️	person running: medium-light skin tone, facing right	跑步者: 中等-浅肤色面向右边	person running medium light skin tone, facing right | 跑步者 中等 浅肤色面向右边 | facing | fast | hurry | marathon | medium light skin tone | move | person | quick | race | racing | right | run | rush | speed | 中等 浅肤色 | 匆忙 | 向前冲 | 奔跑 | 快跑 | 赛跑 | 跑步 | 跑步者 | 跑路 | 闪人 | 面向右边 | 马拉松
🏃🏽‍➡️	person running: medium skin tone, facing right	跑步者: 中等肤色面向右边	person running medium skin tone, facing right | 跑步者 中等肤色面向右边 | facing | fast | hurry | marathon | medium skin tone | move | person | quick | race | racing | right | run | rush | speed | 中等肤色 | 匆忙 | 向前冲 | 奔跑 | 快跑 | 赛跑 | 跑步 | 跑步者 | 跑路 | 闪人 | 面向右边 | 马拉松
🏃🏾‍➡️	person running: medium-dark skin tone, facing right	跑步者: 中等-深肤色面向右边	person running medium dark skin tone, facing right | 跑步者 中等 深肤色面向右边 | facing | fast | hurry | marathon | medium dark skin tone | move | person | quick | race | racing | right | run | rush | speed | 中等 深肤色 | 匆忙 | 向前冲 | 奔跑 | 快跑 | 赛跑 | 跑步 | 跑步者 | 跑路 | 闪人 | 面向右边 | 马拉松
🏃🏿‍➡️	person running: dark skin tone, facing right	跑步者: 较深肤色面向右边	person running dark skin tone, facing right | 跑步者 较深肤色面向右边 | dark skin tone | facing | fast | hurry | marathon | move | person | quick | race | racing | right | run | rush | speed | 匆忙 | 向前冲 | 奔跑 | 快跑 | 赛跑 | 跑步 | 跑步者 | 跑路 | 较深肤色 | 闪人 | 面向右边 | 马拉松
🏃‍♀️‍➡️	woman running: facing right	女生跑步: 面向右边	woman running facing right | 女生跑步 面向右边 | facing | fast | hurry | marathon | move | quick | race | racing | right | run | rush | speed | woman | 冲刺 | 女 | 女生跑步 | 比赛 | 跑 | 跑步 | 面向右边 | 马拉松
🏃🏻‍♀️‍➡️	woman running: light skin tone, facing right	女生跑步: 较浅肤色面向右边	woman running light skin tone, facing right | 女生跑步 较浅肤色面向右边 | facing | fast | hurry | light skin tone | marathon | move | quick | race | racing | right | run | rush | speed | woman | 冲刺 | 女 | 女生跑步 | 比赛 | 跑 | 跑步 | 较浅肤色 | 面向右边 | 马拉松
🏃🏼‍♀️‍➡️	woman running: medium-light skin tone, facing right	女生跑步: 中等-浅肤色面向右边	woman running medium light skin tone, facing right | 女生跑步 中等 浅肤色面向右边 | facing | fast | hurry | marathon | medium light skin tone | move | quick | race | racing | right | run | rush | speed | woman | 中等 浅肤色 | 冲刺 | 女 | 女生跑步 | 比赛 | 跑 | 跑步 | 面向右边 | 马拉松
🏃🏽‍♀️‍➡️	woman running: medium skin tone, facing right	女生跑步: 中等肤色面向右边	woman running medium skin tone, facing right | 女生跑步 中等肤色面向右边 | facing | fast | hurry | marathon | medium skin tone | move | quick | race | racing | right | run | rush | speed | woman | 中等肤色 | 冲刺 | 女 | 女生跑步 | 比赛 | 跑 | 跑步 | 面向右边 | 马拉松
🏃🏾‍♀️‍➡️	woman running: medium-dark skin tone, facing right	女生跑步: 中等-深肤色面向右边	woman running medium dark skin tone, facing right | 女生跑步 中等 深肤色面向右边 | facing | fast | hurry | marathon | medium dark skin tone | move | quick | race | racing | right | run | rush | speed | woman | 中等 深肤色 | 冲刺 | 女 | 女生跑步 | 比赛 | 跑 | 跑步 | 面向右边 | 马拉松
🏃🏿‍♀️‍➡️	woman running: dark skin tone, facing right	女生跑步: 较深肤色面向右边	woman running dark skin tone, facing right | 女生跑步 较深肤色面向右边 | dark skin tone | facing | fast | hurry | marathon | move | quick | race | racing | right | run | rush | speed | woman | 冲刺 | 女 | 女生跑步 | 比赛 | 跑 | 跑步 | 较深肤色 | 面向右边 | 马拉松
🏃‍♂️‍➡️	man running: facing right	男生跑步: 面向右边	man running facing right | 男生跑步 面向右边 | facing | fast | hurry | man | marathon | move | quick | race | racing | right | run | rush | speed | 男 | 男生跑步 | 跑 | 面向右边 | 马拉松
🏃🏻‍♂️‍➡️	man running: light skin tone, facing right	男生跑步: 较浅肤色面向右边	man running light skin tone, facing right | 男生跑步 较浅肤色面向右边 | facing | fast | hurry | light skin tone | man | marathon | move | quick | race | racing | right | run | rush | speed | 男 | 男生跑步 | 跑 | 较浅肤色 | 面向右边 | 马拉松
🏃🏼‍♂️‍➡️	man running: medium-light skin tone, facing right	男生跑步: 中等-浅肤色面向右边	man running medium light skin tone, facing right | 男生跑步 中等 浅肤色面向右边 | facing | fast | hurry | man | marathon | medium light skin tone | move | quick | race | racing | right | run | rush | speed | 中等 浅肤色 | 男 | 男生跑步 | 跑 | 面向右边 | 马拉松
🏃🏽‍♂️‍➡️	man running: medium skin tone, facing right	男生跑步: 中等肤色面向右边	man running medium skin tone, facing right | 男生跑步 中等肤色面向右边 | facing | fast | hurry | man | marathon | medium skin tone | move | quick | race | racing | right | run | rush | speed | 中等肤色 | 男 | 男生跑步 | 跑 | 面向右边 | 马拉松
🏃🏾‍♂️‍➡️	man running: medium-dark skin tone, facing right	男生跑步: 中等-深肤色面向右边	man running medium dark skin tone, facing right | 男生跑步 中等 深肤色面向右边 | facing | fast | hurry | man | marathon | medium dark skin tone | move | quick | race | racing | right | run | rush | speed | 中等 深肤色 | 男 | 男生跑步 | 跑 | 面向右边 | 马拉松
🏃🏿‍♂️‍➡️	man running: dark skin tone, facing right	男生跑步: 较深肤色面向右边	man running dark skin tone, facing right | 男生跑步 较深肤色面向右边 | dark skin tone | facing | fast | hurry | man | marathon | move | quick | race | racing | right | run | rush | speed | 男 | 男生跑步 | 跑 | 较深肤色 | 面向右边 | 马拉松
💃	woman dancing	跳舞的女人	woman dancing | 跳舞的女人 | dance | dancer | dancing | elegant | festive | flair | flamenco | groove | let’s | salsa | tango | woman | 优雅 | 佛拉门戈 | 女人 | 女舞者 | 探戈 | 舞者 | 萨尔萨舞 | 跳舞
💃🏻	woman dancing: light skin tone	跳舞的女人: 较浅肤色	woman dancing light skin tone | 跳舞的女人 较浅肤色 | dance | dancer | dancing | elegant | festive | flair | flamenco | groove | let’s | light skin tone | salsa | tango | woman | 优雅 | 佛拉门戈 | 女人 | 女舞者 | 探戈 | 舞者 | 萨尔萨舞 | 跳舞 | 跳舞的女人 | 较浅肤色
💃🏼	woman dancing: medium-light skin tone	跳舞的女人: 中等-浅肤色	woman dancing medium light skin tone | 跳舞的女人 中等 浅肤色 | dance | dancer | dancing | elegant | festive | flair | flamenco | groove | let’s | medium light skin tone | salsa | tango | woman | 中等 浅肤色 | 优雅 | 佛拉门戈 | 女人 | 女舞者 | 探戈 | 舞者 | 萨尔萨舞 | 跳舞 | 跳舞的女人
💃🏽	woman dancing: medium skin tone	跳舞的女人: 中等肤色	woman dancing medium skin tone | 跳舞的女人 中等肤色 | dance | dancer | dancing | elegant | festive | flair | flamenco | groove | let’s | medium skin tone | salsa | tango | woman | 中等肤色 | 优雅 | 佛拉门戈 | 女人 | 女舞者 | 探戈 | 舞者 | 萨尔萨舞 | 跳舞 | 跳舞的女人
💃🏾	woman dancing: medium-dark skin tone	跳舞的女人: 中等-深肤色	woman dancing medium dark skin tone | 跳舞的女人 中等 深肤色 | dance | dancer | dancing | elegant | festive | flair | flamenco | groove | let’s | medium dark skin tone | salsa | tango | woman | 中等 深肤色 | 优雅 | 佛拉门戈 | 女人 | 女舞者 | 探戈 | 舞者 | 萨尔萨舞 | 跳舞 | 跳舞的女人
💃🏿	woman dancing: dark skin tone	跳舞的女人: 较深肤色	woman dancing dark skin tone | 跳舞的女人 较深肤色 | dance | dancer | dancing | dark skin tone | elegant | festive | flair | flamenco | groove | let’s | salsa | tango | woman | 优雅 | 佛拉门戈 | 女人 | 女舞者 | 探戈 | 舞者 | 萨尔萨舞 | 跳舞 | 跳舞的女人 | 较深肤色
🕺	man dancing	跳舞的男人	man dancing | 跳舞的男人 | dance | dancer | dancing | elegant | festive | flair | flamenco | groove | let’s | man | salsa | tango | 佛拉门戈 | 男人 | 男舞者 | 舞者 | 跳舞
🕺🏻	man dancing: light skin tone	跳舞的男人: 较浅肤色	man dancing light skin tone | 跳舞的男人 较浅肤色 | dance | dancer | dancing | elegant | festive | flair | flamenco | groove | let’s | light skin tone | man | salsa | tango | 佛拉门戈 | 男人 | 男舞者 | 舞者 | 跳舞 | 跳舞的男人 | 较浅肤色
🕺🏼	man dancing: medium-light skin tone	跳舞的男人: 中等-浅肤色	man dancing medium light skin tone | 跳舞的男人 中等 浅肤色 | dance | dancer | dancing | elegant | festive | flair | flamenco | groove | let’s | man | medium light skin tone | salsa | tango | 中等 浅肤色 | 佛拉门戈 | 男人 | 男舞者 | 舞者 | 跳舞 | 跳舞的男人
🕺🏽	man dancing: medium skin tone	跳舞的男人: 中等肤色	man dancing medium skin tone | 跳舞的男人 中等肤色 | dance | dancer | dancing | elegant | festive | flair | flamenco | groove | let’s | man | medium skin tone | salsa | tango | 中等肤色 | 佛拉门戈 | 男人 | 男舞者 | 舞者 | 跳舞 | 跳舞的男人
🕺🏾	man dancing: medium-dark skin tone	跳舞的男人: 中等-深肤色	man dancing medium dark skin tone | 跳舞的男人 中等 深肤色 | dance | dancer | dancing | elegant | festive | flair | flamenco | groove | let’s | man | medium dark skin tone | salsa | tango | 中等 深肤色 | 佛拉门戈 | 男人 | 男舞者 | 舞者 | 跳舞 | 跳舞的男人
🕺🏿	man dancing: dark skin tone	跳舞的男人: 较深肤色	man dancing dark skin tone | 跳舞的男人 较深肤色 | dance | dancer | dancing | dark skin tone | elegant | festive | flair | flamenco | groove | let’s | man | salsa | tango | 佛拉门戈 | 男人 | 男舞者 | 舞者 | 跳舞 | 跳舞的男人 | 较深肤色
🕴️	person in suit levitating	西装革履的人	person in suit levitating | 西装革履的人 | business | levitating | person | suit | 商务 | 正装 | 男 | 西装革履
🕴🏻	person in suit levitating: light skin tone	西装革履的人: 较浅肤色	person in suit levitating light skin tone | 西装革履的人 较浅肤色 | business | levitating | light skin tone | person | suit | 商务 | 正装 | 男 | 西装革履 | 西装革履的人 | 较浅肤色
🕴🏼	person in suit levitating: medium-light skin tone	西装革履的人: 中等-浅肤色	person in suit levitating medium light skin tone | 西装革履的人 中等 浅肤色 | business | levitating | medium light skin tone | person | suit | 中等 浅肤色 | 商务 | 正装 | 男 | 西装革履 | 西装革履的人
🕴🏽	person in suit levitating: medium skin tone	西装革履的人: 中等肤色	person in suit levitating medium skin tone | 西装革履的人 中等肤色 | business | levitating | medium skin tone | person | suit | 中等肤色 | 商务 | 正装 | 男 | 西装革履 | 西装革履的人
🕴🏾	person in suit levitating: medium-dark skin tone	西装革履的人: 中等-深肤色	person in suit levitating medium dark skin tone | 西装革履的人 中等 深肤色 | business | levitating | medium dark skin tone | person | suit | 中等 深肤色 | 商务 | 正装 | 男 | 西装革履 | 西装革履的人
🕴🏿	person in suit levitating: dark skin tone	西装革履的人: 较深肤色	person in suit levitating dark skin tone | 西装革履的人 较深肤色 | business | dark skin tone | levitating | person | suit | 商务 | 正装 | 男 | 西装革履 | 西装革履的人 | 较深肤色
👯	people with bunny ears	戴兔耳朵的人	people with bunny ears | 戴兔耳朵的人 | bestie | bff | bunny | counterpart | dancer | double | ear | identical | pair | party | partying | people | soulmate | twin | twinsies | 兔子服 | 兔耳朵 | 双人舞 | 双胞胎 | 同好 | 永远的好朋友 | 派对 | 灵魂伴侣 | 聚会 | 舞者 | 跳舞 | 闺蜜
👯‍♂️	men with bunny ears	兔先生	men with bunny ears | 兔先生 | bestie | bff | bunny | counterpart | dancer | double | ear | identical | men | pair | party | partying | people | soulmate | twin | twinsies | 兔耳朵 | 同好 | 永远的好朋友 | 派对 | 男生派对 | 聚会 | 跳舞
👯‍♀️	women with bunny ears	兔女郎	women with bunny ears | 兔女郎 | bestie | bff | bunny | counterpart | dancer | double | ear | identical | pair | party | partying | people | soulmate | twin | twinsies | women | 兔耳朵 | 女生派对 | 派对 | 聚会 | 跳舞
🧖	person in steamy room	蒸房里的人	person in steamy room | 蒸房里的人 | day | luxurious | pamper | person | relax | room | sauna | spa | steam | steambath | unwind | 在桑拿间的人 | 放松 | 桑拿 | 桑拿浴 | 蒸房 | 蒸气漫溢 | 蒸汽浴
🧖🏻	person in steamy room: light skin tone	蒸房里的人: 较浅肤色	person in steamy room light skin tone | 蒸房里的人 较浅肤色 | day | light skin tone | luxurious | pamper | person | relax | room | sauna | spa | steam | steambath | unwind | 在桑拿间的人 | 放松 | 桑拿 | 桑拿浴 | 蒸房 | 蒸房里的人 | 蒸气漫溢 | 蒸汽浴 | 较浅肤色
🧖🏼	person in steamy room: medium-light skin tone	蒸房里的人: 中等-浅肤色	person in steamy room medium light skin tone | 蒸房里的人 中等 浅肤色 | day | luxurious | medium light skin tone | pamper | person | relax | room | sauna | spa | steam | steambath | unwind | 中等 浅肤色 | 在桑拿间的人 | 放松 | 桑拿 | 桑拿浴 | 蒸房 | 蒸房里的人 | 蒸气漫溢 | 蒸汽浴
🧖🏽	person in steamy room: medium skin tone	蒸房里的人: 中等肤色	person in steamy room medium skin tone | 蒸房里的人 中等肤色 | day | luxurious | medium skin tone | pamper | person | relax | room | sauna | spa | steam | steambath | unwind | 中等肤色 | 在桑拿间的人 | 放松 | 桑拿 | 桑拿浴 | 蒸房 | 蒸房里的人 | 蒸气漫溢 | 蒸汽浴
🧖🏾	person in steamy room: medium-dark skin tone	蒸房里的人: 中等-深肤色	person in steamy room medium dark skin tone | 蒸房里的人 中等 深肤色 | day | luxurious | medium dark skin tone | pamper | person | relax | room | sauna | spa | steam | steambath | unwind | 中等 深肤色 | 在桑拿间的人 | 放松 | 桑拿 | 桑拿浴 | 蒸房 | 蒸房里的人 | 蒸气漫溢 | 蒸汽浴
🧖🏿	person in steamy room: dark skin tone	蒸房里的人: 较深肤色	person in steamy room dark skin tone | 蒸房里的人 较深肤色 | dark skin tone | day | luxurious | pamper | person | relax | room | sauna | spa | steam | steambath | unwind | 在桑拿间的人 | 放松 | 桑拿 | 桑拿浴 | 蒸房 | 蒸房里的人 | 蒸气漫溢 | 蒸汽浴 | 较深肤色
🧖‍♂️	man in steamy room	蒸房里的男人	man in steamy room | 蒸房里的男人 | day | luxurious | man | pamper | relax | room | sauna | spa | steam | steambath | unwind | 桑拿 | 男性桑拿
🧖🏻‍♂️	man in steamy room: light skin tone	蒸房里的男人: 较浅肤色	man in steamy room light skin tone | 蒸房里的男人 较浅肤色 | day | light skin tone | luxurious | man | pamper | relax | room | sauna | spa | steam | steambath | unwind | 桑拿 | 蒸房里的男人 | 男性桑拿 | 较浅肤色
🧖🏼‍♂️	man in steamy room: medium-light skin tone	蒸房里的男人: 中等-浅肤色	man in steamy room medium light skin tone | 蒸房里的男人 中等 浅肤色 | day | luxurious | man | medium light skin tone | pamper | relax | room | sauna | spa | steam | steambath | unwind | 中等 浅肤色 | 桑拿 | 蒸房里的男人 | 男性桑拿
🧖🏽‍♂️	man in steamy room: medium skin tone	蒸房里的男人: 中等肤色	man in steamy room medium skin tone | 蒸房里的男人 中等肤色 | day | luxurious | man | medium skin tone | pamper | relax | room | sauna | spa | steam | steambath | unwind | 中等肤色 | 桑拿 | 蒸房里的男人 | 男性桑拿
🧖🏾‍♂️	man in steamy room: medium-dark skin tone	蒸房里的男人: 中等-深肤色	man in steamy room medium dark skin tone | 蒸房里的男人 中等 深肤色 | day | luxurious | man | medium dark skin tone | pamper | relax | room | sauna | spa | steam | steambath | unwind | 中等 深肤色 | 桑拿 | 蒸房里的男人 | 男性桑拿
🧖🏿‍♂️	man in steamy room: dark skin tone	蒸房里的男人: 较深肤色	man in steamy room dark skin tone | 蒸房里的男人 较深肤色 | dark skin tone | day | luxurious | man | pamper | relax | room | sauna | spa | steam | steambath | unwind | 桑拿 | 蒸房里的男人 | 男性桑拿 | 较深肤色
🧖‍♀️	woman in steamy room	蒸房里的女人	woman in steamy room | 蒸房里的女人 | day | luxurious | pamper | relax | room | sauna | spa | steam | steambath | unwind | woman | 女性桑拿 | 桑拿
🧖🏻‍♀️	woman in steamy room: light skin tone	蒸房里的女人: 较浅肤色	woman in steamy room light skin tone | 蒸房里的女人 较浅肤色 | day | light skin tone | luxurious | pamper | relax | room | sauna | spa | steam | steambath | unwind | woman | 女性桑拿 | 桑拿 | 蒸房里的女人 | 较浅肤色
🧖🏼‍♀️	woman in steamy room: medium-light skin tone	蒸房里的女人: 中等-浅肤色	woman in steamy room medium light skin tone | 蒸房里的女人 中等 浅肤色 | day | luxurious | medium light skin tone | pamper | relax | room | sauna | spa | steam | steambath | unwind | woman | 中等 浅肤色 | 女性桑拿 | 桑拿 | 蒸房里的女人
🧖🏽‍♀️	woman in steamy room: medium skin tone	蒸房里的女人: 中等肤色	woman in steamy room medium skin tone | 蒸房里的女人 中等肤色 | day | luxurious | medium skin tone | pamper | relax | room | sauna | spa | steam | steambath | unwind | woman | 中等肤色 | 女性桑拿 | 桑拿 | 蒸房里的女人
🧖🏾‍♀️	woman in steamy room: medium-dark skin tone	蒸房里的女人: 中等-深肤色	woman in steamy room medium dark skin tone | 蒸房里的女人 中等 深肤色 | day | luxurious | medium dark skin tone | pamper | relax | room | sauna | spa | steam | steambath | unwind | woman | 中等 深肤色 | 女性桑拿 | 桑拿 | 蒸房里的女人
🧖🏿‍♀️	woman in steamy room: dark skin tone	蒸房里的女人: 较深肤色	woman in steamy room dark skin tone | 蒸房里的女人 较深肤色 | dark skin tone | day | luxurious | pamper | relax | room | sauna | spa | steam | steambath | unwind | woman | 女性桑拿 | 桑拿 | 蒸房里的女人 | 较深肤色
🧗	person climbing	攀爬的人	person climbing | 攀爬的人 | climb | climber | climbing | mountain | person | rock | scale | up | 向上爬的人 | 攀岩 | 攀岩者 | 爬山 | 登山 | 登山者
🧗🏻	person climbing: light skin tone	攀爬的人: 较浅肤色	person climbing light skin tone | 攀爬的人 较浅肤色 | climb | climber | climbing | light skin tone | mountain | person | rock | scale | up | 向上爬的人 | 攀岩 | 攀岩者 | 攀爬的人 | 爬山 | 登山 | 登山者 | 较浅肤色
🧗🏼	person climbing: medium-light skin tone	攀爬的人: 中等-浅肤色	person climbing medium light skin tone | 攀爬的人 中等 浅肤色 | climb | climber | climbing | medium light skin tone | mountain | person | rock | scale | up | 中等 浅肤色 | 向上爬的人 | 攀岩 | 攀岩者 | 攀爬的人 | 爬山 | 登山 | 登山者
🧗🏽	person climbing: medium skin tone	攀爬的人: 中等肤色	person climbing medium skin tone | 攀爬的人 中等肤色 | climb | climber | climbing | medium skin tone | mountain | person | rock | scale | up | 中等肤色 | 向上爬的人 | 攀岩 | 攀岩者 | 攀爬的人 | 爬山 | 登山 | 登山者
🧗🏾	person climbing: medium-dark skin tone	攀爬的人: 中等-深肤色	person climbing medium dark skin tone | 攀爬的人 中等 深肤色 | climb | climber | climbing | medium dark skin tone | mountain | person | rock | scale | up | 中等 深肤色 | 向上爬的人 | 攀岩 | 攀岩者 | 攀爬的人 | 爬山 | 登山 | 登山者
🧗🏿	person climbing: dark skin tone	攀爬的人: 较深肤色	person climbing dark skin tone | 攀爬的人 较深肤色 | climb | climber | climbing | dark skin tone | mountain | person | rock | scale | up | 向上爬的人 | 攀岩 | 攀岩者 | 攀爬的人 | 爬山 | 登山 | 登山者 | 较深肤色
🧗‍♂️	man climbing	攀爬的男人	man climbing | 攀爬的男人 | climb | climber | climbing | man | mountain | rock | scale | up | 登山者
🧗🏻‍♂️	man climbing: light skin tone	攀爬的男人: 较浅肤色	man climbing light skin tone | 攀爬的男人 较浅肤色 | climb | climber | climbing | light skin tone | man | mountain | rock | scale | up | 攀爬的男人 | 登山者 | 较浅肤色
🧗🏼‍♂️	man climbing: medium-light skin tone	攀爬的男人: 中等-浅肤色	man climbing medium light skin tone | 攀爬的男人 中等 浅肤色 | climb | climber | climbing | man | medium light skin tone | mountain | rock | scale | up | 中等 浅肤色 | 攀爬的男人 | 登山者
🧗🏽‍♂️	man climbing: medium skin tone	攀爬的男人: 中等肤色	man climbing medium skin tone | 攀爬的男人 中等肤色 | climb | climber | climbing | man | medium skin tone | mountain | rock | scale | up | 中等肤色 | 攀爬的男人 | 登山者
🧗🏾‍♂️	man climbing: medium-dark skin tone	攀爬的男人: 中等-深肤色	man climbing medium dark skin tone | 攀爬的男人 中等 深肤色 | climb | climber | climbing | man | medium dark skin tone | mountain | rock | scale | up | 中等 深肤色 | 攀爬的男人 | 登山者
🧗🏿‍♂️	man climbing: dark skin tone	攀爬的男人: 较深肤色	man climbing dark skin tone | 攀爬的男人 较深肤色 | climb | climber | climbing | dark skin tone | man | mountain | rock | scale | up | 攀爬的男人 | 登山者 | 较深肤色
🧗‍♀️	woman climbing	攀爬的女人	woman climbing | 攀爬的女人 | climb | climber | climbing | mountain | rock | scale | up | woman | 登山者
🧗🏻‍♀️	woman climbing: light skin tone	攀爬的女人: 较浅肤色	woman climbing light skin tone | 攀爬的女人 较浅肤色 | climb | climber | climbing | light skin tone | mountain | rock | scale | up | woman | 攀爬的女人 | 登山者 | 较浅肤色
🧗🏼‍♀️	woman climbing: medium-light skin tone	攀爬的女人: 中等-浅肤色	woman climbing medium light skin tone | 攀爬的女人 中等 浅肤色 | climb | climber | climbing | medium light skin tone | mountain | rock | scale | up | woman | 中等 浅肤色 | 攀爬的女人 | 登山者
🧗🏽‍♀️	woman climbing: medium skin tone	攀爬的女人: 中等肤色	woman climbing medium skin tone | 攀爬的女人 中等肤色 | climb | climber | climbing | medium skin tone | mountain | rock | scale | up | woman | 中等肤色 | 攀爬的女人 | 登山者
🧗🏾‍♀️	woman climbing: medium-dark skin tone	攀爬的女人: 中等-深肤色	woman climbing medium dark skin tone | 攀爬的女人 中等 深肤色 | climb | climber | climbing | medium dark skin tone | mountain | rock | scale | up | woman | 中等 深肤色 | 攀爬的女人 | 登山者
🧗🏿‍♀️	woman climbing: dark skin tone	攀爬的女人: 较深肤色	woman climbing dark skin tone | 攀爬的女人 较深肤色 | climb | climber | climbing | dark skin tone | mountain | rock | scale | up | woman | 攀爬的女人 | 登山者 | 较深肤色
🤺	person fencing	击剑选手	person fencing | 击剑选手 | fencer | fencing | person | sword | 人 | 体育 | 击剑 | 剑
🏇	horse racing	赛马	horse racing | 赛马 | horse | jockey | racehorse | racing | riding | sport | 三冠 | 赛马骑师 | 马 | 骑师 | 骑马
🏇🏻	horse racing: light skin tone	赛马: 较浅肤色	horse racing light skin tone | 赛马 较浅肤色 | horse | jockey | light skin tone | racehorse | racing | riding | sport | 三冠 | 赛马 | 赛马骑师 | 较浅肤色 | 马 | 骑师 | 骑马
🏇🏼	horse racing: medium-light skin tone	赛马: 中等-浅肤色	horse racing medium light skin tone | 赛马 中等 浅肤色 | horse | jockey | medium light skin tone | racehorse | racing | riding | sport | 三冠 | 中等 浅肤色 | 赛马 | 赛马骑师 | 马 | 骑师 | 骑马
🏇🏽	horse racing: medium skin tone	赛马: 中等肤色	horse racing medium skin tone | 赛马 中等肤色 | horse | jockey | medium skin tone | racehorse | racing | riding | sport | 三冠 | 中等肤色 | 赛马 | 赛马骑师 | 马 | 骑师 | 骑马
🏇🏾	horse racing: medium-dark skin tone	赛马: 中等-深肤色	horse racing medium dark skin tone | 赛马 中等 深肤色 | horse | jockey | medium dark skin tone | racehorse | racing | riding | sport | 三冠 | 中等 深肤色 | 赛马 | 赛马骑师 | 马 | 骑师 | 骑马
🏇🏿	horse racing: dark skin tone	赛马: 较深肤色	horse racing dark skin tone | 赛马 较深肤色 | dark skin tone | horse | jockey | racehorse | racing | riding | sport | 三冠 | 赛马 | 赛马骑师 | 较深肤色 | 马 | 骑师 | 骑马
⛷️	skier	滑雪的人	skier | 滑雪的人 | ski | snow | 滑雪 | 雪
🏂	snowboarder	滑雪板	snowboarder | 滑雪板 | ski | snow | snowboard | sport | 单板 | 单板滑雪 | 滑雪 | 雪
🏂🏻	snowboarder: light skin tone	滑雪板: 较浅肤色	snowboarder light skin tone | 滑雪板 较浅肤色 | light skin tone | ski | snow | snowboard | snowboarder | sport | 单板 | 单板滑雪 | 滑雪 | 滑雪板 | 较浅肤色 | 雪
🏂🏼	snowboarder: medium-light skin tone	滑雪板: 中等-浅肤色	snowboarder medium light skin tone | 滑雪板 中等 浅肤色 | medium light skin tone | ski | snow | snowboard | snowboarder | sport | 中等 浅肤色 | 单板 | 单板滑雪 | 滑雪 | 滑雪板 | 雪
🏂🏽	snowboarder: medium skin tone	滑雪板: 中等肤色	snowboarder medium skin tone | 滑雪板 中等肤色 | medium skin tone | ski | snow | snowboard | snowboarder | sport | 中等肤色 | 单板 | 单板滑雪 | 滑雪 | 滑雪板 | 雪
🏂🏾	snowboarder: medium-dark skin tone	滑雪板: 中等-深肤色	snowboarder medium dark skin tone | 滑雪板 中等 深肤色 | medium dark skin tone | ski | snow | snowboard | snowboarder | sport | 中等 深肤色 | 单板 | 单板滑雪 | 滑雪 | 滑雪板 | 雪
🏂🏿	snowboarder: dark skin tone	滑雪板: 较深肤色	snowboarder dark skin tone | 滑雪板 较深肤色 | dark skin tone | ski | snow | snowboard | snowboarder | sport | 单板 | 单板滑雪 | 滑雪 | 滑雪板 | 较深肤色 | 雪
🏌️	person golfing	打高尔夫的人	person golfing | 打高尔夫的人 | ball | birdie | caddy | driving | golf | golfing | green | person | pga | putt | range | tee | 小鸟球 | 推杆进球 | 球 | 球座 | 球穴区 | 球童 | 职业高尔夫协会 | 运动 | 高尔夫
🏌🏻	person golfing: light skin tone	打高尔夫的人: 较浅肤色	person golfing light skin tone | 打高尔夫的人 较浅肤色 | ball | birdie | caddy | driving | golf | golfing | green | light skin tone | person | pga | putt | range | tee | 小鸟球 | 打高尔夫的人 | 推杆进球 | 球 | 球座 | 球穴区 | 球童 | 职业高尔夫协会 | 较浅肤色 | 运动 | 高尔夫
🏌🏼	person golfing: medium-light skin tone	打高尔夫的人: 中等-浅肤色	person golfing medium light skin tone | 打高尔夫的人 中等 浅肤色 | ball | birdie | caddy | driving | golf | golfing | green | medium light skin tone | person | pga | putt | range | tee | 中等 浅肤色 | 小鸟球 | 打高尔夫的人 | 推杆进球 | 球 | 球座 | 球穴区 | 球童 | 职业高尔夫协会 | 运动 | 高尔夫
🏌🏽	person golfing: medium skin tone	打高尔夫的人: 中等肤色	person golfing medium skin tone | 打高尔夫的人 中等肤色 | ball | birdie | caddy | driving | golf | golfing | green | medium skin tone | person | pga | putt | range | tee | 中等肤色 | 小鸟球 | 打高尔夫的人 | 推杆进球 | 球 | 球座 | 球穴区 | 球童 | 职业高尔夫协会 | 运动 | 高尔夫
🏌🏾	person golfing: medium-dark skin tone	打高尔夫的人: 中等-深肤色	person golfing medium dark skin tone | 打高尔夫的人 中等 深肤色 | ball | birdie | caddy | driving | golf | golfing | green | medium dark skin tone | person | pga | putt | range | tee | 中等 深肤色 | 小鸟球 | 打高尔夫的人 | 推杆进球 | 球 | 球座 | 球穴区 | 球童 | 职业高尔夫协会 | 运动 | 高尔夫
🏌🏿	person golfing: dark skin tone	打高尔夫的人: 较深肤色	person golfing dark skin tone | 打高尔夫的人 较深肤色 | ball | birdie | caddy | dark skin tone | driving | golf | golfing | green | person | pga | putt | range | tee | 小鸟球 | 打高尔夫的人 | 推杆进球 | 球 | 球座 | 球穴区 | 球童 | 职业高尔夫协会 | 较深肤色 | 运动 | 高尔夫
🏌️‍♂️	man golfing	男生打高尔夫	man golfing | 男生打高尔夫 | ball | birdie | caddy | driving | golf | golfing | green | man | pga | putt | range | tee | 男 | 高尔夫
🏌🏻‍♂️	man golfing: light skin tone	男生打高尔夫: 较浅肤色	man golfing light skin tone | 男生打高尔夫 较浅肤色 | ball | birdie | caddy | driving | golf | golfing | green | light skin tone | man | pga | putt | range | tee | 男 | 男生打高尔夫 | 较浅肤色 | 高尔夫
🏌🏼‍♂️	man golfing: medium-light skin tone	男生打高尔夫: 中等-浅肤色	man golfing medium light skin tone | 男生打高尔夫 中等 浅肤色 | ball | birdie | caddy | driving | golf | golfing | green | man | medium light skin tone | pga | putt | range | tee | 中等 浅肤色 | 男 | 男生打高尔夫 | 高尔夫
🏌🏽‍♂️	man golfing: medium skin tone	男生打高尔夫: 中等肤色	man golfing medium skin tone | 男生打高尔夫 中等肤色 | ball | birdie | caddy | driving | golf | golfing | green | man | medium skin tone | pga | putt | range | tee | 中等肤色 | 男 | 男生打高尔夫 | 高尔夫
🏌🏾‍♂️	man golfing: medium-dark skin tone	男生打高尔夫: 中等-深肤色	man golfing medium dark skin tone | 男生打高尔夫 中等 深肤色 | ball | birdie | caddy | driving | golf | golfing | green | man | medium dark skin tone | pga | putt | range | tee | 中等 深肤色 | 男 | 男生打高尔夫 | 高尔夫
🏌🏿‍♂️	man golfing: dark skin tone	男生打高尔夫: 较深肤色	man golfing dark skin tone | 男生打高尔夫 较深肤色 | ball | birdie | caddy | dark skin tone | driving | golf | golfing | green | man | pga | putt | range | tee | 男 | 男生打高尔夫 | 较深肤色 | 高尔夫
🏌️‍♀️	woman golfing	女生打高尔夫	woman golfing | 女生打高尔夫 | ball | birdie | caddy | driving | golf | golfing | green | pga | putt | range | tee | woman | 女 | 高尔夫 | 高尔夫练球场
🏌🏻‍♀️	woman golfing: light skin tone	女生打高尔夫: 较浅肤色	woman golfing light skin tone | 女生打高尔夫 较浅肤色 | ball | birdie | caddy | driving | golf | golfing | green | light skin tone | pga | putt | range | tee | woman | 女 | 女生打高尔夫 | 较浅肤色 | 高尔夫 | 高尔夫练球场
🏌🏼‍♀️	woman golfing: medium-light skin tone	女生打高尔夫: 中等-浅肤色	woman golfing medium light skin tone | 女生打高尔夫 中等 浅肤色 | ball | birdie | caddy | driving | golf | golfing | green | medium light skin tone | pga | putt | range | tee | woman | 中等 浅肤色 | 女 | 女生打高尔夫 | 高尔夫 | 高尔夫练球场
🏌🏽‍♀️	woman golfing: medium skin tone	女生打高尔夫: 中等肤色	woman golfing medium skin tone | 女生打高尔夫 中等肤色 | ball | birdie | caddy | driving | golf | golfing | green | medium skin tone | pga | putt | range | tee | woman | 中等肤色 | 女 | 女生打高尔夫 | 高尔夫 | 高尔夫练球场
🏌🏾‍♀️	woman golfing: medium-dark skin tone	女生打高尔夫: 中等-深肤色	woman golfing medium dark skin tone | 女生打高尔夫 中等 深肤色 | ball | birdie | caddy | driving | golf | golfing | green | medium dark skin tone | pga | putt | range | tee | woman | 中等 深肤色 | 女 | 女生打高尔夫 | 高尔夫 | 高尔夫练球场
🏌🏿‍♀️	woman golfing: dark skin tone	女生打高尔夫: 较深肤色	woman golfing dark skin tone | 女生打高尔夫 较深肤色 | ball | birdie | caddy | dark skin tone | driving | golf | golfing | green | pga | putt | range | tee | woman | 女 | 女生打高尔夫 | 较深肤色 | 高尔夫 | 高尔夫练球场
🏄	person surfing	冲浪	person surfing | 冲浪 | beach | ocean | person | sport | surf | surfer | surfing | swell | waves | 冲浪的人 | 冲浪者 | 波浪 | 海上运动 | 海洋 | 海滩 | 涌浪 | 网上冲浪 | 运动
🏄🏻	person surfing: light skin tone	冲浪: 较浅肤色	person surfing light skin tone | 冲浪 较浅肤色 | beach | light skin tone | ocean | person | sport | surf | surfer | surfing | swell | waves | 冲浪 | 冲浪的人 | 冲浪者 | 波浪 | 海上运动 | 海洋 | 海滩 | 涌浪 | 网上冲浪 | 较浅肤色 | 运动
🏄🏼	person surfing: medium-light skin tone	冲浪: 中等-浅肤色	person surfing medium light skin tone | 冲浪 中等 浅肤色 | beach | medium light skin tone | ocean | person | sport | surf | surfer | surfing | swell | waves | 中等 浅肤色 | 冲浪 | 冲浪的人 | 冲浪者 | 波浪 | 海上运动 | 海洋 | 海滩 | 涌浪 | 网上冲浪 | 运动
🏄🏽	person surfing: medium skin tone	冲浪: 中等肤色	person surfing medium skin tone | 冲浪 中等肤色 | beach | medium skin tone | ocean | person | sport | surf | surfer | surfing | swell | waves | 中等肤色 | 冲浪 | 冲浪的人 | 冲浪者 | 波浪 | 海上运动 | 海洋 | 海滩 | 涌浪 | 网上冲浪 | 运动
🏄🏾	person surfing: medium-dark skin tone	冲浪: 中等-深肤色	person surfing medium dark skin tone | 冲浪 中等 深肤色 | beach | medium dark skin tone | ocean | person | sport | surf | surfer | surfing | swell | waves | 中等 深肤色 | 冲浪 | 冲浪的人 | 冲浪者 | 波浪 | 海上运动 | 海洋 | 海滩 | 涌浪 | 网上冲浪 | 运动
🏄🏿	person surfing: dark skin tone	冲浪: 较深肤色	person surfing dark skin tone | 冲浪 较深肤色 | beach | dark skin tone | ocean | person | sport | surf | surfer | surfing | swell | waves | 冲浪 | 冲浪的人 | 冲浪者 | 波浪 | 海上运动 | 海洋 | 海滩 | 涌浪 | 网上冲浪 | 较深肤色 | 运动
🏄‍♂️	man surfing	男生冲浪	man surfing | 男生冲浪 | beach | man | ocean | sport | surf | surfer | surfing | swell | waves | 冲浪 | 男
🏄🏻‍♂️	man surfing: light skin tone	男生冲浪: 较浅肤色	man surfing light skin tone | 男生冲浪 较浅肤色 | beach | light skin tone | man | ocean | sport | surf | surfer | surfing | swell | waves | 冲浪 | 男 | 男生冲浪 | 较浅肤色
🏄🏼‍♂️	man surfing: medium-light skin tone	男生冲浪: 中等-浅肤色	man surfing medium light skin tone | 男生冲浪 中等 浅肤色 | beach | man | medium light skin tone | ocean | sport | surf | surfer | surfing | swell | waves | 中等 浅肤色 | 冲浪 | 男 | 男生冲浪
🏄🏽‍♂️	man surfing: medium skin tone	男生冲浪: 中等肤色	man surfing medium skin tone | 男生冲浪 中等肤色 | beach | man | medium skin tone | ocean | sport | surf | surfer | surfing | swell | waves | 中等肤色 | 冲浪 | 男 | 男生冲浪
🏄🏾‍♂️	man surfing: medium-dark skin tone	男生冲浪: 中等-深肤色	man surfing medium dark skin tone | 男生冲浪 中等 深肤色 | beach | man | medium dark skin tone | ocean | sport | surf | surfer | surfing | swell | waves | 中等 深肤色 | 冲浪 | 男 | 男生冲浪
🏄🏿‍♂️	man surfing: dark skin tone	男生冲浪: 较深肤色	man surfing dark skin tone | 男生冲浪 较深肤色 | beach | dark skin tone | man | ocean | sport | surf | surfer | surfing | swell | waves | 冲浪 | 男 | 男生冲浪 | 较深肤色
🏄‍♀️	woman surfing	女生冲浪	woman surfing | 女生冲浪 | beach | ocean | person | sport | surf | surfer | surfing | swell | waves | 冲浪 | 女 | 海滩
🏄🏻‍♀️	woman surfing: light skin tone	女生冲浪: 较浅肤色	woman surfing light skin tone | 女生冲浪 较浅肤色 | beach | light skin tone | ocean | person | sport | surf | surfer | surfing | swell | waves | 冲浪 | 女 | 女生冲浪 | 海滩 | 较浅肤色
🏄🏼‍♀️	woman surfing: medium-light skin tone	女生冲浪: 中等-浅肤色	woman surfing medium light skin tone | 女生冲浪 中等 浅肤色 | beach | medium light skin tone | ocean | person | sport | surf | surfer | surfing | swell | waves | 中等 浅肤色 | 冲浪 | 女 | 女生冲浪 | 海滩
🏄🏽‍♀️	woman surfing: medium skin tone	女生冲浪: 中等肤色	woman surfing medium skin tone | 女生冲浪 中等肤色 | beach | medium skin tone | ocean | person | sport | surf | surfer | surfing | swell | waves | 中等肤色 | 冲浪 | 女 | 女生冲浪 | 海滩
🏄🏾‍♀️	woman surfing: medium-dark skin tone	女生冲浪: 中等-深肤色	woman surfing medium dark skin tone | 女生冲浪 中等 深肤色 | beach | medium dark skin tone | ocean | person | sport | surf | surfer | surfing | swell | waves | 中等 深肤色 | 冲浪 | 女 | 女生冲浪 | 海滩
🏄🏿‍♀️	woman surfing: dark skin tone	女生冲浪: 较深肤色	woman surfing dark skin tone | 女生冲浪 较深肤色 | beach | dark skin tone | ocean | person | sport | surf | surfer | surfing | swell | waves | 冲浪 | 女 | 女生冲浪 | 海滩 | 较深肤色
🚣	person rowing boat	划艇	person rowing boat | 划艇 | boat | canoe | cruise | fishing | lake | oar | paddle | person | raft | river | row | rowboat | rowing | 划桨 | 划船运动 | 木筏 | 河 | 泛舟湖上 | 湖 | 独木舟 | 船 | 钓鱼
🚣🏻	person rowing boat: light skin tone	划艇: 较浅肤色	person rowing boat light skin tone | 划艇 较浅肤色 | boat | canoe | cruise | fishing | lake | light skin tone | oar | paddle | person | raft | river | row | rowboat | rowing | 划桨 | 划船运动 | 划艇 | 木筏 | 河 | 泛舟湖上 | 湖 | 独木舟 | 船 | 较浅肤色 | 钓鱼
🚣🏼	person rowing boat: medium-light skin tone	划艇: 中等-浅肤色	person rowing boat medium light skin tone | 划艇 中等 浅肤色 | boat | canoe | cruise | fishing | lake | medium light skin tone | oar | paddle | person | raft | river | row | rowboat | rowing | 中等 浅肤色 | 划桨 | 划船运动 | 划艇 | 木筏 | 河 | 泛舟湖上 | 湖 | 独木舟 | 船 | 钓鱼
🚣🏽	person rowing boat: medium skin tone	划艇: 中等肤色	person rowing boat medium skin tone | 划艇 中等肤色 | boat | canoe | cruise | fishing | lake | medium skin tone | oar | paddle | person | raft | river | row | rowboat | rowing | 中等肤色 | 划桨 | 划船运动 | 划艇 | 木筏 | 河 | 泛舟湖上 | 湖 | 独木舟 | 船 | 钓鱼
🚣🏾	person rowing boat: medium-dark skin tone	划艇: 中等-深肤色	person rowing boat medium dark skin tone | 划艇 中等 深肤色 | boat | canoe | cruise | fishing | lake | medium dark skin tone | oar | paddle | person | raft | river | row | rowboat | rowing | 中等 深肤色 | 划桨 | 划船运动 | 划艇 | 木筏 | 河 | 泛舟湖上 | 湖 | 独木舟 | 船 | 钓鱼
🚣🏿	person rowing boat: dark skin tone	划艇: 较深肤色	person rowing boat dark skin tone | 划艇 较深肤色 | boat | canoe | cruise | dark skin tone | fishing | lake | oar | paddle | person | raft | river | row | rowboat | rowing | 划桨 | 划船运动 | 划艇 | 木筏 | 河 | 泛舟湖上 | 湖 | 独木舟 | 船 | 较深肤色 | 钓鱼
🚣‍♂️	man rowing boat	男生划船	man rowing boat | 男生划船 | boat | canoe | cruise | fishing | lake | man | oar | paddle | raft | river | row | rowboat | rowing | 划船 | 划艇 | 男 | 船
🚣🏻‍♂️	man rowing boat: light skin tone	男生划船: 较浅肤色	man rowing boat light skin tone | 男生划船 较浅肤色 | boat | canoe | cruise | fishing | lake | light skin tone | man | oar | paddle | raft | river | row | rowboat | rowing | 划船 | 划艇 | 男 | 男生划船 | 船 | 较浅肤色
🚣🏼‍♂️	man rowing boat: medium-light skin tone	男生划船: 中等-浅肤色	man rowing boat medium light skin tone | 男生划船 中等 浅肤色 | boat | canoe | cruise | fishing | lake | man | medium light skin tone | oar | paddle | raft | river | row | rowboat | rowing | 中等 浅肤色 | 划船 | 划艇 | 男 | 男生划船 | 船
🚣🏽‍♂️	man rowing boat: medium skin tone	男生划船: 中等肤色	man rowing boat medium skin tone | 男生划船 中等肤色 | boat | canoe | cruise | fishing | lake | man | medium skin tone | oar | paddle | raft | river | row | rowboat | rowing | 中等肤色 | 划船 | 划艇 | 男 | 男生划船 | 船
🚣🏾‍♂️	man rowing boat: medium-dark skin tone	男生划船: 中等-深肤色	man rowing boat medium dark skin tone | 男生划船 中等 深肤色 | boat | canoe | cruise | fishing | lake | man | medium dark skin tone | oar | paddle | raft | river | row | rowboat | rowing | 中等 深肤色 | 划船 | 划艇 | 男 | 男生划船 | 船
🚣🏿‍♂️	man rowing boat: dark skin tone	男生划船: 较深肤色	man rowing boat dark skin tone | 男生划船 较深肤色 | boat | canoe | cruise | dark skin tone | fishing | lake | man | oar | paddle | raft | river | row | rowboat | rowing | 划船 | 划艇 | 男 | 男生划船 | 船 | 较深肤色
🚣‍♀️	woman rowing boat	女生划船	woman rowing boat | 女生划船 | boat | canoe | cruise | fishing | lake | oar | paddle | raft | river | row | rowboat | rowing | woman | 划船 | 划艇 | 女 | 船
🚣🏻‍♀️	woman rowing boat: light skin tone	女生划船: 较浅肤色	woman rowing boat light skin tone | 女生划船 较浅肤色 | boat | canoe | cruise | fishing | lake | light skin tone | oar | paddle | raft | river | row | rowboat | rowing | woman | 划船 | 划艇 | 女 | 女生划船 | 船 | 较浅肤色
🚣🏼‍♀️	woman rowing boat: medium-light skin tone	女生划船: 中等-浅肤色	woman rowing boat medium light skin tone | 女生划船 中等 浅肤色 | boat | canoe | cruise | fishing | lake | medium light skin tone | oar | paddle | raft | river | row | rowboat | rowing | woman | 中等 浅肤色 | 划船 | 划艇 | 女 | 女生划船 | 船
🚣🏽‍♀️	woman rowing boat: medium skin tone	女生划船: 中等肤色	woman rowing boat medium skin tone | 女生划船 中等肤色 | boat | canoe | cruise | fishing | lake | medium skin tone | oar | paddle | raft | river | row | rowboat | rowing | woman | 中等肤色 | 划船 | 划艇 | 女 | 女生划船 | 船
🚣🏾‍♀️	woman rowing boat: medium-dark skin tone	女生划船: 中等-深肤色	woman rowing boat medium dark skin tone | 女生划船 中等 深肤色 | boat | canoe | cruise | fishing | lake | medium dark skin tone | oar | paddle | raft | river | row | rowboat | rowing | woman | 中等 深肤色 | 划船 | 划艇 | 女 | 女生划船 | 船
🚣🏿‍♀️	woman rowing boat: dark skin tone	女生划船: 较深肤色	woman rowing boat dark skin tone | 女生划船 较深肤色 | boat | canoe | cruise | dark skin tone | fishing | lake | oar | paddle | raft | river | row | rowboat | rowing | woman | 划船 | 划艇 | 女 | 女生划船 | 船 | 较深肤色
🏊	person swimming	游泳	person swimming | 游泳 | freestyle | person | sport | swim | swimmer | swimming | triathlon | 游泳的人 | 游泳者 | 自由泳 | 运动 | 铁人三项
🏊🏻	person swimming: light skin tone	游泳: 较浅肤色	person swimming light skin tone | 游泳 较浅肤色 | freestyle | light skin tone | person | sport | swim | swimmer | swimming | triathlon | 游泳 | 游泳的人 | 游泳者 | 自由泳 | 较浅肤色 | 运动 | 铁人三项
🏊🏼	person swimming: medium-light skin tone	游泳: 中等-浅肤色	person swimming medium light skin tone | 游泳 中等 浅肤色 | freestyle | medium light skin tone | person | sport | swim | swimmer | swimming | triathlon | 中等 浅肤色 | 游泳 | 游泳的人 | 游泳者 | 自由泳 | 运动 | 铁人三项
🏊🏽	person swimming: medium skin tone	游泳: 中等肤色	person swimming medium skin tone | 游泳 中等肤色 | freestyle | medium skin tone | person | sport | swim | swimmer | swimming | triathlon | 中等肤色 | 游泳 | 游泳的人 | 游泳者 | 自由泳 | 运动 | 铁人三项
🏊🏾	person swimming: medium-dark skin tone	游泳: 中等-深肤色	person swimming medium dark skin tone | 游泳 中等 深肤色 | freestyle | medium dark skin tone | person | sport | swim | swimmer | swimming | triathlon | 中等 深肤色 | 游泳 | 游泳的人 | 游泳者 | 自由泳 | 运动 | 铁人三项
🏊🏿	person swimming: dark skin tone	游泳: 较深肤色	person swimming dark skin tone | 游泳 较深肤色 | dark skin tone | freestyle | person | sport | swim | swimmer | swimming | triathlon | 游泳 | 游泳的人 | 游泳者 | 自由泳 | 较深肤色 | 运动 | 铁人三项
🏊‍♂️	man swimming	男生游泳	man swimming | 男生游泳 | freestyle | man | sport | swim | swimmer | swimming | triathlon | 游泳 | 男
🏊🏻‍♂️	man swimming: light skin tone	男生游泳: 较浅肤色	man swimming light skin tone | 男生游泳 较浅肤色 | freestyle | light skin tone | man | sport | swim | swimmer | swimming | triathlon | 游泳 | 男 | 男生游泳 | 较浅肤色
🏊🏼‍♂️	man swimming: medium-light skin tone	男生游泳: 中等-浅肤色	man swimming medium light skin tone | 男生游泳 中等 浅肤色 | freestyle | man | medium light skin tone | sport | swim | swimmer | swimming | triathlon | 中等 浅肤色 | 游泳 | 男 | 男生游泳
🏊🏽‍♂️	man swimming: medium skin tone	男生游泳: 中等肤色	man swimming medium skin tone | 男生游泳 中等肤色 | freestyle | man | medium skin tone | sport | swim | swimmer | swimming | triathlon | 中等肤色 | 游泳 | 男 | 男生游泳
🏊🏾‍♂️	man swimming: medium-dark skin tone	男生游泳: 中等-深肤色	man swimming medium dark skin tone | 男生游泳 中等 深肤色 | freestyle | man | medium dark skin tone | sport | swim | swimmer | swimming | triathlon | 中等 深肤色 | 游泳 | 男 | 男生游泳
🏊🏿‍♂️	man swimming: dark skin tone	男生游泳: 较深肤色	man swimming dark skin tone | 男生游泳 较深肤色 | dark skin tone | freestyle | man | sport | swim | swimmer | swimming | triathlon | 游泳 | 男 | 男生游泳 | 较深肤色
🏊‍♀️	woman swimming	女生游泳	woman swimming | 女生游泳 | freestyle | man | sport | swim | swimmer | swimming | triathlon | 女 | 游泳
🏊🏻‍♀️	woman swimming: light skin tone	女生游泳: 较浅肤色	woman swimming light skin tone | 女生游泳 较浅肤色 | freestyle | light skin tone | man | sport | swim | swimmer | swimming | triathlon | 女 | 女生游泳 | 游泳 | 较浅肤色
🏊🏼‍♀️	woman swimming: medium-light skin tone	女生游泳: 中等-浅肤色	woman swimming medium light skin tone | 女生游泳 中等 浅肤色 | freestyle | man | medium light skin tone | sport | swim | swimmer | swimming | triathlon | 中等 浅肤色 | 女 | 女生游泳 | 游泳
🏊🏽‍♀️	woman swimming: medium skin tone	女生游泳: 中等肤色	woman swimming medium skin tone | 女生游泳 中等肤色 | freestyle | man | medium skin tone | sport | swim | swimmer | swimming | triathlon | 中等肤色 | 女 | 女生游泳 | 游泳
🏊🏾‍♀️	woman swimming: medium-dark skin tone	女生游泳: 中等-深肤色	woman swimming medium dark skin tone | 女生游泳 中等 深肤色 | freestyle | man | medium dark skin tone | sport | swim | swimmer | swimming | triathlon | 中等 深肤色 | 女 | 女生游泳 | 游泳
🏊🏿‍♀️	woman swimming: dark skin tone	女生游泳: 较深肤色	woman swimming dark skin tone | 女生游泳 较深肤色 | dark skin tone | freestyle | man | sport | swim | swimmer | swimming | triathlon | 女 | 女生游泳 | 游泳 | 较深肤色
⛹️	person bouncing ball	玩球	person bouncing ball | 玩球 | athletic | ball | basketball | bouncing | championship | dribble | net | person | player | throw | 体育 | 全网无阻 | 打球 | 游戏 | 玩 | 球 | 篮球 | 篮球运动员 | 罚球 | 运动 | 运球 | 锦标赛
⛹🏻	person bouncing ball: light skin tone	玩球: 较浅肤色	person bouncing ball light skin tone | 玩球 较浅肤色 | athletic | ball | basketball | bouncing | championship | dribble | light skin tone | net | person | player | throw | 体育 | 全网无阻 | 打球 | 游戏 | 玩 | 玩球 | 球 | 篮球 | 篮球运动员 | 罚球 | 较浅肤色 | 运动 | 运球 | 锦标赛
⛹🏼	person bouncing ball: medium-light skin tone	玩球: 中等-浅肤色	person bouncing ball medium light skin tone | 玩球 中等 浅肤色 | athletic | ball | basketball | bouncing | championship | dribble | medium light skin tone | net | person | player | throw | 中等 浅肤色 | 体育 | 全网无阻 | 打球 | 游戏 | 玩 | 玩球 | 球 | 篮球 | 篮球运动员 | 罚球 | 运动 | 运球 | 锦标赛
⛹🏽	person bouncing ball: medium skin tone	玩球: 中等肤色	person bouncing ball medium skin tone | 玩球 中等肤色 | athletic | ball | basketball | bouncing | championship | dribble | medium skin tone | net | person | player | throw | 中等肤色 | 体育 | 全网无阻 | 打球 | 游戏 | 玩 | 玩球 | 球 | 篮球 | 篮球运动员 | 罚球 | 运动 | 运球 | 锦标赛
⛹🏾	person bouncing ball: medium-dark skin tone	玩球: 中等-深肤色	person bouncing ball medium dark skin tone | 玩球 中等 深肤色 | athletic | ball | basketball | bouncing | championship | dribble | medium dark skin tone | net | person | player | throw | 中等 深肤色 | 体育 | 全网无阻 | 打球 | 游戏 | 玩 | 玩球 | 球 | 篮球 | 篮球运动员 | 罚球 | 运动 | 运球 | 锦标赛
⛹🏿	person bouncing ball: dark skin tone	玩球: 较深肤色	person bouncing ball dark skin tone | 玩球 较深肤色 | athletic | ball | basketball | bouncing | championship | dark skin tone | dribble | net | person | player | throw | 体育 | 全网无阻 | 打球 | 游戏 | 玩 | 玩球 | 球 | 篮球 | 篮球运动员 | 罚球 | 较深肤色 | 运动 | 运球 | 锦标赛
⛹️‍♂️	man bouncing ball	男生玩球	man bouncing ball | 男生玩球 | athletic | ball | basketball | bouncing | championship | dribble | man | net | player | throw | 球 | 男
⛹🏻‍♂️	man bouncing ball: light skin tone	男生玩球: 较浅肤色	man bouncing ball light skin tone | 男生玩球 较浅肤色 | athletic | ball | basketball | bouncing | championship | dribble | light skin tone | man | net | player | throw | 球 | 男 | 男生玩球 | 较浅肤色
⛹🏼‍♂️	man bouncing ball: medium-light skin tone	男生玩球: 中等-浅肤色	man bouncing ball medium light skin tone | 男生玩球 中等 浅肤色 | athletic | ball | basketball | bouncing | championship | dribble | man | medium light skin tone | net | player | throw | 中等 浅肤色 | 球 | 男 | 男生玩球
⛹🏽‍♂️	man bouncing ball: medium skin tone	男生玩球: 中等肤色	man bouncing ball medium skin tone | 男生玩球 中等肤色 | athletic | ball | basketball | bouncing | championship | dribble | man | medium skin tone | net | player | throw | 中等肤色 | 球 | 男 | 男生玩球
⛹🏾‍♂️	man bouncing ball: medium-dark skin tone	男生玩球: 中等-深肤色	man bouncing ball medium dark skin tone | 男生玩球 中等 深肤色 | athletic | ball | basketball | bouncing | championship | dribble | man | medium dark skin tone | net | player | throw | 中等 深肤色 | 球 | 男 | 男生玩球
⛹🏿‍♂️	man bouncing ball: dark skin tone	男生玩球: 较深肤色	man bouncing ball dark skin tone | 男生玩球 较深肤色 | athletic | ball | basketball | bouncing | championship | dark skin tone | dribble | man | net | player | throw | 球 | 男 | 男生玩球 | 较深肤色
⛹️‍♀️	woman bouncing ball	女生玩球	woman bouncing ball | 女生玩球 | athletic | ball | basketball | bouncing | championship | dribble | net | player | throw | woman | 女 | 女生打篮球 | 游戏 | 玩 | 球 | 篮球
⛹🏻‍♀️	woman bouncing ball: light skin tone	女生玩球: 较浅肤色	woman bouncing ball light skin tone | 女生玩球 较浅肤色 | athletic | ball | basketball | bouncing | championship | dribble | light skin tone | net | player | throw | woman | 女 | 女生打篮球 | 女生玩球 | 游戏 | 玩 | 球 | 篮球 | 较浅肤色
⛹🏼‍♀️	woman bouncing ball: medium-light skin tone	女生玩球: 中等-浅肤色	woman bouncing ball medium light skin tone | 女生玩球 中等 浅肤色 | athletic | ball | basketball | bouncing | championship | dribble | medium light skin tone | net | player | throw | woman | 中等 浅肤色 | 女 | 女生打篮球 | 女生玩球 | 游戏 | 玩 | 球 | 篮球
⛹🏽‍♀️	woman bouncing ball: medium skin tone	女生玩球: 中等肤色	woman bouncing ball medium skin tone | 女生玩球 中等肤色 | athletic | ball | basketball | bouncing | championship | dribble | medium skin tone | net | player | throw | woman | 中等肤色 | 女 | 女生打篮球 | 女生玩球 | 游戏 | 玩 | 球 | 篮球
⛹🏾‍♀️	woman bouncing ball: medium-dark skin tone	女生玩球: 中等-深肤色	woman bouncing ball medium dark skin tone | 女生玩球 中等 深肤色 | athletic | ball | basketball | bouncing | championship | dribble | medium dark skin tone | net | player | throw | woman | 中等 深肤色 | 女 | 女生打篮球 | 女生玩球 | 游戏 | 玩 | 球 | 篮球
⛹🏿‍♀️	woman bouncing ball: dark skin tone	女生玩球: 较深肤色	woman bouncing ball dark skin tone | 女生玩球 较深肤色 | athletic | ball | basketball | bouncing | championship | dark skin tone | dribble | net | player | throw | woman | 女 | 女生打篮球 | 女生玩球 | 游戏 | 玩 | 球 | 篮球 | 较深肤色
🏋️	person lifting weights	举重	person lifting weights | 举重 | barbell | bodybuilder | deadlift | lifter | lifting | person | powerlifting | weight | weightlifter | weights | workout | 举重的人 | 举重运动员 | 举铁 | 健美者 | 力量举重 | 杠铃 | 硬拉 | 训练 | 运动
🏋🏻	person lifting weights: light skin tone	举重: 较浅肤色	person lifting weights light skin tone | 举重 较浅肤色 | barbell | bodybuilder | deadlift | lifter | lifting | light skin tone | person | powerlifting | weight | weightlifter | weights | workout | 举重 | 举重的人 | 举重运动员 | 举铁 | 健美者 | 力量举重 | 杠铃 | 硬拉 | 训练 | 较浅肤色 | 运动
🏋🏼	person lifting weights: medium-light skin tone	举重: 中等-浅肤色	person lifting weights medium light skin tone | 举重 中等 浅肤色 | barbell | bodybuilder | deadlift | lifter | lifting | medium light skin tone | person | powerlifting | weight | weightlifter | weights | workout | 中等 浅肤色 | 举重 | 举重的人 | 举重运动员 | 举铁 | 健美者 | 力量举重 | 杠铃 | 硬拉 | 训练 | 运动
🏋🏽	person lifting weights: medium skin tone	举重: 中等肤色	person lifting weights medium skin tone | 举重 中等肤色 | barbell | bodybuilder | deadlift | lifter | lifting | medium skin tone | person | powerlifting | weight | weightlifter | weights | workout | 中等肤色 | 举重 | 举重的人 | 举重运动员 | 举铁 | 健美者 | 力量举重 | 杠铃 | 硬拉 | 训练 | 运动
🏋🏾	person lifting weights: medium-dark skin tone	举重: 中等-深肤色	person lifting weights medium dark skin tone | 举重 中等 深肤色 | barbell | bodybuilder | deadlift | lifter | lifting | medium dark skin tone | person | powerlifting | weight | weightlifter | weights | workout | 中等 深肤色 | 举重 | 举重的人 | 举重运动员 | 举铁 | 健美者 | 力量举重 | 杠铃 | 硬拉 | 训练 | 运动
🏋🏿	person lifting weights: dark skin tone	举重: 较深肤色	person lifting weights dark skin tone | 举重 较深肤色 | barbell | bodybuilder | dark skin tone | deadlift | lifter | lifting | person | powerlifting | weight | weightlifter | weights | workout | 举重 | 举重的人 | 举重运动员 | 举铁 | 健美者 | 力量举重 | 杠铃 | 硬拉 | 训练 | 较深肤色 | 运动
🏋️‍♂️	man lifting weights	男生举重	man lifting weights | 男生举重 | barbell | bodybuilder | deadlift | lifter | lifting | man | powerlifting | weight | weightlifter | weights | workout | 举重 | 男
🏋🏻‍♂️	man lifting weights: light skin tone	男生举重: 较浅肤色	man lifting weights light skin tone | 男生举重 较浅肤色 | barbell | bodybuilder | deadlift | lifter | lifting | light skin tone | man | powerlifting | weight | weightlifter | weights | workout | 举重 | 男 | 男生举重 | 较浅肤色
🏋🏼‍♂️	man lifting weights: medium-light skin tone	男生举重: 中等-浅肤色	man lifting weights medium light skin tone | 男生举重 中等 浅肤色 | barbell | bodybuilder | deadlift | lifter | lifting | man | medium light skin tone | powerlifting | weight | weightlifter | weights | workout | 中等 浅肤色 | 举重 | 男 | 男生举重
🏋🏽‍♂️	man lifting weights: medium skin tone	男生举重: 中等肤色	man lifting weights medium skin tone | 男生举重 中等肤色 | barbell | bodybuilder | deadlift | lifter | lifting | man | medium skin tone | powerlifting | weight | weightlifter | weights | workout | 中等肤色 | 举重 | 男 | 男生举重
🏋🏾‍♂️	man lifting weights: medium-dark skin tone	男生举重: 中等-深肤色	man lifting weights medium dark skin tone | 男生举重 中等 深肤色 | barbell | bodybuilder | deadlift | lifter | lifting | man | medium dark skin tone | powerlifting | weight | weightlifter | weights | workout | 中等 深肤色 | 举重 | 男 | 男生举重
🏋🏿‍♂️	man lifting weights: dark skin tone	男生举重: 较深肤色	man lifting weights dark skin tone | 男生举重 较深肤色 | barbell | bodybuilder | dark skin tone | deadlift | lifter | lifting | man | powerlifting | weight | weightlifter | weights | workout | 举重 | 男 | 男生举重 | 较深肤色
🏋️‍♀️	woman lifting weights	女生举重	woman lifting weights | 女生举重 | barbell | bodybuilder | deadlift | lifter | lifting | powerlifting | weight | weightlifter | weights | woman | workout | 举重 | 女 | 训练
🏋🏻‍♀️	woman lifting weights: light skin tone	女生举重: 较浅肤色	woman lifting weights light skin tone | 女生举重 较浅肤色 | barbell | bodybuilder | deadlift | lifter | lifting | light skin tone | powerlifting | weight | weightlifter | weights | woman | workout | 举重 | 女 | 女生举重 | 训练 | 较浅肤色
🏋🏼‍♀️	woman lifting weights: medium-light skin tone	女生举重: 中等-浅肤色	woman lifting weights medium light skin tone | 女生举重 中等 浅肤色 | barbell | bodybuilder | deadlift | lifter | lifting | medium light skin tone | powerlifting | weight | weightlifter | weights | woman | workout | 中等 浅肤色 | 举重 | 女 | 女生举重 | 训练
🏋🏽‍♀️	woman lifting weights: medium skin tone	女生举重: 中等肤色	woman lifting weights medium skin tone | 女生举重 中等肤色 | barbell | bodybuilder | deadlift | lifter | lifting | medium skin tone | powerlifting | weight | weightlifter | weights | woman | workout | 中等肤色 | 举重 | 女 | 女生举重 | 训练
🏋🏾‍♀️	woman lifting weights: medium-dark skin tone	女生举重: 中等-深肤色	woman lifting weights medium dark skin tone | 女生举重 中等 深肤色 | barbell | bodybuilder | deadlift | lifter | lifting | medium dark skin tone | powerlifting | weight | weightlifter | weights | woman | workout | 中等 深肤色 | 举重 | 女 | 女生举重 | 训练
🏋🏿‍♀️	woman lifting weights: dark skin tone	女生举重: 较深肤色	woman lifting weights dark skin tone | 女生举重 较深肤色 | barbell | bodybuilder | dark skin tone | deadlift | lifter | lifting | powerlifting | weight | weightlifter | weights | woman | workout | 举重 | 女 | 女生举重 | 训练 | 较深肤色
🚴	person biking	骑自行车	person biking | 骑自行车 | bicycle | bicyclist | bike | biking | cycle | cyclist | person | riding | sport | 单车 | 脚踏车 | 自行车 | 自行车赛 | 自行车骑士 | 运动 | 骑单车 | 骑脚踏车者 | 骑自行车的人 | 骑自行车者
🚴🏻	person biking: light skin tone	骑自行车: 较浅肤色	person biking light skin tone | 骑自行车 较浅肤色 | bicycle | bicyclist | bike | biking | cycle | cyclist | light skin tone | person | riding | sport | 单车 | 脚踏车 | 自行车 | 自行车赛 | 自行车骑士 | 较浅肤色 | 运动 | 骑单车 | 骑脚踏车者 | 骑自行车 | 骑自行车的人 | 骑自行车者
🚴🏼	person biking: medium-light skin tone	骑自行车: 中等-浅肤色	person biking medium light skin tone | 骑自行车 中等 浅肤色 | bicycle | bicyclist | bike | biking | cycle | cyclist | medium light skin tone | person | riding | sport | 中等 浅肤色 | 单车 | 脚踏车 | 自行车 | 自行车赛 | 自行车骑士 | 运动 | 骑单车 | 骑脚踏车者 | 骑自行车 | 骑自行车的人 | 骑自行车者
🚴🏽	person biking: medium skin tone	骑自行车: 中等肤色	person biking medium skin tone | 骑自行车 中等肤色 | bicycle | bicyclist | bike | biking | cycle | cyclist | medium skin tone | person | riding | sport | 中等肤色 | 单车 | 脚踏车 | 自行车 | 自行车赛 | 自行车骑士 | 运动 | 骑单车 | 骑脚踏车者 | 骑自行车 | 骑自行车的人 | 骑自行车者
🚴🏾	person biking: medium-dark skin tone	骑自行车: 中等-深肤色	person biking medium dark skin tone | 骑自行车 中等 深肤色 | bicycle | bicyclist | bike | biking | cycle | cyclist | medium dark skin tone | person | riding | sport | 中等 深肤色 | 单车 | 脚踏车 | 自行车 | 自行车赛 | 自行车骑士 | 运动 | 骑单车 | 骑脚踏车者 | 骑自行车 | 骑自行车的人 | 骑自行车者
🚴🏿	person biking: dark skin tone	骑自行车: 较深肤色	person biking dark skin tone | 骑自行车 较深肤色 | bicycle | bicyclist | bike | biking | cycle | cyclist | dark skin tone | person | riding | sport | 单车 | 脚踏车 | 自行车 | 自行车赛 | 自行车骑士 | 较深肤色 | 运动 | 骑单车 | 骑脚踏车者 | 骑自行车 | 骑自行车的人 | 骑自行车者
🚴‍♂️	man biking	男生骑自行车	man biking | 男生骑自行车 | bicycle | bicyclist | bike | biking | cycle | cyclist | man | riding | sport | 单车 | 男 | 自行车 | 骑车
🚴🏻‍♂️	man biking: light skin tone	男生骑自行车: 较浅肤色	man biking light skin tone | 男生骑自行车 较浅肤色 | bicycle | bicyclist | bike | biking | cycle | cyclist | light skin tone | man | riding | sport | 单车 | 男 | 男生骑自行车 | 自行车 | 较浅肤色 | 骑车
🚴🏼‍♂️	man biking: medium-light skin tone	男生骑自行车: 中等-浅肤色	man biking medium light skin tone | 男生骑自行车 中等 浅肤色 | bicycle | bicyclist | bike | biking | cycle | cyclist | man | medium light skin tone | riding | sport | 中等 浅肤色 | 单车 | 男 | 男生骑自行车 | 自行车 | 骑车
🚴🏽‍♂️	man biking: medium skin tone	男生骑自行车: 中等肤色	man biking medium skin tone | 男生骑自行车 中等肤色 | bicycle | bicyclist | bike | biking | cycle | cyclist | man | medium skin tone | riding | sport | 中等肤色 | 单车 | 男 | 男生骑自行车 | 自行车 | 骑车
🚴🏾‍♂️	man biking: medium-dark skin tone	男生骑自行车: 中等-深肤色	man biking medium dark skin tone | 男生骑自行车 中等 深肤色 | bicycle | bicyclist | bike | biking | cycle | cyclist | man | medium dark skin tone | riding | sport | 中等 深肤色 | 单车 | 男 | 男生骑自行车 | 自行车 | 骑车
🚴🏿‍♂️	man biking: dark skin tone	男生骑自行车: 较深肤色	man biking dark skin tone | 男生骑自行车 较深肤色 | bicycle | bicyclist | bike | biking | cycle | cyclist | dark skin tone | man | riding | sport | 单车 | 男 | 男生骑自行车 | 自行车 | 较深肤色 | 骑车
🚴‍♀️	woman biking	女生骑自行车	woman biking | 女生骑自行车 | bicycle | bicyclist | bike | biking | cycle | cyclist | riding | sport | woman | 单车 | 女 | 女生骑车 | 自行车 | 骑车
🚴🏻‍♀️	woman biking: light skin tone	女生骑自行车: 较浅肤色	woman biking light skin tone | 女生骑自行车 较浅肤色 | bicycle | bicyclist | bike | biking | cycle | cyclist | light skin tone | riding | sport | woman | 单车 | 女 | 女生骑自行车 | 女生骑车 | 自行车 | 较浅肤色 | 骑车
🚴🏼‍♀️	woman biking: medium-light skin tone	女生骑自行车: 中等-浅肤色	woman biking medium light skin tone | 女生骑自行车 中等 浅肤色 | bicycle | bicyclist | bike | biking | cycle | cyclist | medium light skin tone | riding | sport | woman | 中等 浅肤色 | 单车 | 女 | 女生骑自行车 | 女生骑车 | 自行车 | 骑车
🚴🏽‍♀️	woman biking: medium skin tone	女生骑自行车: 中等肤色	woman biking medium skin tone | 女生骑自行车 中等肤色 | bicycle | bicyclist | bike | biking | cycle | cyclist | medium skin tone | riding | sport | woman | 中等肤色 | 单车 | 女 | 女生骑自行车 | 女生骑车 | 自行车 | 骑车
🚴🏾‍♀️	woman biking: medium-dark skin tone	女生骑自行车: 中等-深肤色	woman biking medium dark skin tone | 女生骑自行车 中等 深肤色 | bicycle | bicyclist | bike | biking | cycle | cyclist | medium dark skin tone | riding | sport | woman | 中等 深肤色 | 单车 | 女 | 女生骑自行车 | 女生骑车 | 自行车 | 骑车
🚴🏿‍♀️	woman biking: dark skin tone	女生骑自行车: 较深肤色	woman biking dark skin tone | 女生骑自行车 较深肤色 | bicycle | bicyclist | bike | biking | cycle | cyclist | dark skin tone | riding | sport | woman | 单车 | 女 | 女生骑自行车 | 女生骑车 | 自行车 | 较深肤色 | 骑车
🚵	person mountain biking	骑山地车	person mountain biking | 骑山地车 | bicycle | bicyclist | bike | biking | cycle | cyclist | mountain | person | riding | sport | 体育竞技 | 单车 | 山 | 山地自行车 | 山地车 | 山地骑行的人 | 自行车 | 运动 | 骑山地车的人 | 骑自行车 | 骑自行车者
🚵🏻	person mountain biking: light skin tone	骑山地车: 较浅肤色	person mountain biking light skin tone | 骑山地车 较浅肤色 | bicycle | bicyclist | bike | biking | cycle | cyclist | light skin tone | mountain | person | riding | sport | 体育竞技 | 单车 | 山 | 山地自行车 | 山地车 | 山地骑行的人 | 自行车 | 较浅肤色 | 运动 | 骑山地车 | 骑山地车的人 | 骑自行车 | 骑自行车者
🚵🏼	person mountain biking: medium-light skin tone	骑山地车: 中等-浅肤色	person mountain biking medium light skin tone | 骑山地车 中等 浅肤色 | bicycle | bicyclist | bike | biking | cycle | cyclist | medium light skin tone | mountain | person | riding | sport | 中等 浅肤色 | 体育竞技 | 单车 | 山 | 山地自行车 | 山地车 | 山地骑行的人 | 自行车 | 运动 | 骑山地车 | 骑山地车的人 | 骑自行车 | 骑自行车者
🚵🏽	person mountain biking: medium skin tone	骑山地车: 中等肤色	person mountain biking medium skin tone | 骑山地车 中等肤色 | bicycle | bicyclist | bike | biking | cycle | cyclist | medium skin tone | mountain | person | riding | sport | 中等肤色 | 体育竞技 | 单车 | 山 | 山地自行车 | 山地车 | 山地骑行的人 | 自行车 | 运动 | 骑山地车 | 骑山地车的人 | 骑自行车 | 骑自行车者
🚵🏾	person mountain biking: medium-dark skin tone	骑山地车: 中等-深肤色	person mountain biking medium dark skin tone | 骑山地车 中等 深肤色 | bicycle | bicyclist | bike | biking | cycle | cyclist | medium dark skin tone | mountain | person | riding | sport | 中等 深肤色 | 体育竞技 | 单车 | 山 | 山地自行车 | 山地车 | 山地骑行的人 | 自行车 | 运动 | 骑山地车 | 骑山地车的人 | 骑自行车 | 骑自行车者
🚵🏿	person mountain biking: dark skin tone	骑山地车: 较深肤色	person mountain biking dark skin tone | 骑山地车 较深肤色 | bicycle | bicyclist | bike | biking | cycle | cyclist | dark skin tone | mountain | person | riding | sport | 体育竞技 | 单车 | 山 | 山地自行车 | 山地车 | 山地骑行的人 | 自行车 | 较深肤色 | 运动 | 骑山地车 | 骑山地车的人 | 骑自行车 | 骑自行车者
🚵‍♂️	man mountain biking	男生骑山地车	man mountain biking | 男生骑山地车 | bicycle | bicyclist | bike | biking | cycle | cyclist | man | mountain | riding | sport | 单车 | 山地车 | 男 | 自行车 | 骑山地车的人
🚵🏻‍♂️	man mountain biking: light skin tone	男生骑山地车: 较浅肤色	man mountain biking light skin tone | 男生骑山地车 较浅肤色 | bicycle | bicyclist | bike | biking | cycle | cyclist | light skin tone | man | mountain | riding | sport | 单车 | 山地车 | 男 | 男生骑山地车 | 自行车 | 较浅肤色 | 骑山地车的人
🚵🏼‍♂️	man mountain biking: medium-light skin tone	男生骑山地车: 中等-浅肤色	man mountain biking medium light skin tone | 男生骑山地车 中等 浅肤色 | bicycle | bicyclist | bike | biking | cycle | cyclist | man | medium light skin tone | mountain | riding | sport | 中等 浅肤色 | 单车 | 山地车 | 男 | 男生骑山地车 | 自行车 | 骑山地车的人
🚵🏽‍♂️	man mountain biking: medium skin tone	男生骑山地车: 中等肤色	man mountain biking medium skin tone | 男生骑山地车 中等肤色 | bicycle | bicyclist | bike | biking | cycle | cyclist | man | medium skin tone | mountain | riding | sport | 中等肤色 | 单车 | 山地车 | 男 | 男生骑山地车 | 自行车 | 骑山地车的人
🚵🏾‍♂️	man mountain biking: medium-dark skin tone	男生骑山地车: 中等-深肤色	man mountain biking medium dark skin tone | 男生骑山地车 中等 深肤色 | bicycle | bicyclist | bike | biking | cycle | cyclist | man | medium dark skin tone | mountain | riding | sport | 中等 深肤色 | 单车 | 山地车 | 男 | 男生骑山地车 | 自行车 | 骑山地车的人
🚵🏿‍♂️	man mountain biking: dark skin tone	男生骑山地车: 较深肤色	man mountain biking dark skin tone | 男生骑山地车 较深肤色 | bicycle | bicyclist | bike | biking | cycle | cyclist | dark skin tone | man | mountain | riding | sport | 单车 | 山地车 | 男 | 男生骑山地车 | 自行车 | 较深肤色 | 骑山地车的人
🚵‍♀️	woman mountain biking	女生骑山地车	woman mountain biking | 女生骑山地车 | bicycle | bicyclist | bike | biking | cycle | cyclist | mountain | riding | sport | woman | 单车 | 女 | 山地车 | 自行车 | 骑车
🚵🏻‍♀️	woman mountain biking: light skin tone	女生骑山地车: 较浅肤色	woman mountain biking light skin tone | 女生骑山地车 较浅肤色 | bicycle | bicyclist | bike | biking | cycle | cyclist | light skin tone | mountain | riding | sport | woman | 单车 | 女 | 女生骑山地车 | 山地车 | 自行车 | 较浅肤色 | 骑车
🚵🏼‍♀️	woman mountain biking: medium-light skin tone	女生骑山地车: 中等-浅肤色	woman mountain biking medium light skin tone | 女生骑山地车 中等 浅肤色 | bicycle | bicyclist | bike | biking | cycle | cyclist | medium light skin tone | mountain | riding | sport | woman | 中等 浅肤色 | 单车 | 女 | 女生骑山地车 | 山地车 | 自行车 | 骑车
🚵🏽‍♀️	woman mountain biking: medium skin tone	女生骑山地车: 中等肤色	woman mountain biking medium skin tone | 女生骑山地车 中等肤色 | bicycle | bicyclist | bike | biking | cycle | cyclist | medium skin tone | mountain | riding | sport | woman | 中等肤色 | 单车 | 女 | 女生骑山地车 | 山地车 | 自行车 | 骑车
🚵🏾‍♀️	woman mountain biking: medium-dark skin tone	女生骑山地车: 中等-深肤色	woman mountain biking medium dark skin tone | 女生骑山地车 中等 深肤色 | bicycle | bicyclist | bike | biking | cycle | cyclist | medium dark skin tone | mountain | riding | sport | woman | 中等 深肤色 | 单车 | 女 | 女生骑山地车 | 山地车 | 自行车 | 骑车
🚵🏿‍♀️	woman mountain biking: dark skin tone	女生骑山地车: 较深肤色	woman mountain biking dark skin tone | 女生骑山地车 较深肤色 | bicycle | bicyclist | bike | biking | cycle | cyclist | dark skin tone | mountain | riding | sport | woman | 单车 | 女 | 女生骑山地车 | 山地车 | 自行车 | 较深肤色 | 骑车
🤸	person cartwheeling	侧手翻	person cartwheeling | 侧手翻 | active | cartwheel | cartwheeling | excited | flip | gymnastics | happy | person | somersault | 人 | 体操 | 体育 | 兴奋 | 快乐 | 杂技 | 活泼 | 翻筋斗
🤸🏻	person cartwheeling: light skin tone	侧手翻: 较浅肤色	person cartwheeling light skin tone | 侧手翻 较浅肤色 | active | cartwheel | cartwheeling | excited | flip | gymnastics | happy | light skin tone | person | somersault | 人 | 体操 | 体育 | 侧手翻 | 兴奋 | 快乐 | 杂技 | 活泼 | 翻筋斗 | 较浅肤色
🤸🏼	person cartwheeling: medium-light skin tone	侧手翻: 中等-浅肤色	person cartwheeling medium light skin tone | 侧手翻 中等 浅肤色 | active | cartwheel | cartwheeling | excited | flip | gymnastics | happy | medium light skin tone | person | somersault | 中等 浅肤色 | 人 | 体操 | 体育 | 侧手翻 | 兴奋 | 快乐 | 杂技 | 活泼 | 翻筋斗
🤸🏽	person cartwheeling: medium skin tone	侧手翻: 中等肤色	person cartwheeling medium skin tone | 侧手翻 中等肤色 | active | cartwheel | cartwheeling | excited | flip | gymnastics | happy | medium skin tone | person | somersault | 中等肤色 | 人 | 体操 | 体育 | 侧手翻 | 兴奋 | 快乐 | 杂技 | 活泼 | 翻筋斗
🤸🏾	person cartwheeling: medium-dark skin tone	侧手翻: 中等-深肤色	person cartwheeling medium dark skin tone | 侧手翻 中等 深肤色 | active | cartwheel | cartwheeling | excited | flip | gymnastics | happy | medium dark skin tone | person | somersault | 中等 深肤色 | 人 | 体操 | 体育 | 侧手翻 | 兴奋 | 快乐 | 杂技 | 活泼 | 翻筋斗
🤸🏿	person cartwheeling: dark skin tone	侧手翻: 较深肤色	person cartwheeling dark skin tone | 侧手翻 较深肤色 | active | cartwheel | cartwheeling | dark skin tone | excited | flip | gymnastics | happy | person | somersault | 人 | 体操 | 体育 | 侧手翻 | 兴奋 | 快乐 | 杂技 | 活泼 | 翻筋斗 | 较深肤色
🤸‍♂️	man cartwheeling	男生侧手翻	man cartwheeling | 男生侧手翻 | active | cartwheel | cartwheeling | excited | flip | gymnastics | happy | man | somersault | 体操 | 侧手翻 | 兴奋 | 快乐 | 杂技 | 活泼 | 男 | 男子侧手翻 | 翻筋斗
🤸🏻‍♂️	man cartwheeling: light skin tone	男生侧手翻: 较浅肤色	man cartwheeling light skin tone | 男生侧手翻 较浅肤色 | active | cartwheel | cartwheeling | excited | flip | gymnastics | happy | light skin tone | man | somersault | 体操 | 侧手翻 | 兴奋 | 快乐 | 杂技 | 活泼 | 男 | 男子侧手翻 | 男生侧手翻 | 翻筋斗 | 较浅肤色
🤸🏼‍♂️	man cartwheeling: medium-light skin tone	男生侧手翻: 中等-浅肤色	man cartwheeling medium light skin tone | 男生侧手翻 中等 浅肤色 | active | cartwheel | cartwheeling | excited | flip | gymnastics | happy | man | medium light skin tone | somersault | 中等 浅肤色 | 体操 | 侧手翻 | 兴奋 | 快乐 | 杂技 | 活泼 | 男 | 男子侧手翻 | 男生侧手翻 | 翻筋斗
🤸🏽‍♂️	man cartwheeling: medium skin tone	男生侧手翻: 中等肤色	man cartwheeling medium skin tone | 男生侧手翻 中等肤色 | active | cartwheel | cartwheeling | excited | flip | gymnastics | happy | man | medium skin tone | somersault | 中等肤色 | 体操 | 侧手翻 | 兴奋 | 快乐 | 杂技 | 活泼 | 男 | 男子侧手翻 | 男生侧手翻 | 翻筋斗
🤸🏾‍♂️	man cartwheeling: medium-dark skin tone	男生侧手翻: 中等-深肤色	man cartwheeling medium dark skin tone | 男生侧手翻 中等 深肤色 | active | cartwheel | cartwheeling | excited | flip | gymnastics | happy | man | medium dark skin tone | somersault | 中等 深肤色 | 体操 | 侧手翻 | 兴奋 | 快乐 | 杂技 | 活泼 | 男 | 男子侧手翻 | 男生侧手翻 | 翻筋斗
🤸🏿‍♂️	man cartwheeling: dark skin tone	男生侧手翻: 较深肤色	man cartwheeling dark skin tone | 男生侧手翻 较深肤色 | active | cartwheel | cartwheeling | dark skin tone | excited | flip | gymnastics | happy | man | somersault | 体操 | 侧手翻 | 兴奋 | 快乐 | 杂技 | 活泼 | 男 | 男子侧手翻 | 男生侧手翻 | 翻筋斗 | 较深肤色
🤸‍♀️	woman cartwheeling	女生侧手翻	woman cartwheeling | 女生侧手翻 | active | cartwheel | cartwheeling | excited | flip | gymnastics | happy | somersault | woman | 体操 | 侧手翻 | 兴奋 | 女 | 女子侧手翻 | 快乐 | 杂技 | 活泼 | 翻筋斗
🤸🏻‍♀️	woman cartwheeling: light skin tone	女生侧手翻: 较浅肤色	woman cartwheeling light skin tone | 女生侧手翻 较浅肤色 | active | cartwheel | cartwheeling | excited | flip | gymnastics | happy | light skin tone | somersault | woman | 体操 | 侧手翻 | 兴奋 | 女 | 女子侧手翻 | 女生侧手翻 | 快乐 | 杂技 | 活泼 | 翻筋斗 | 较浅肤色
🤸🏼‍♀️	woman cartwheeling: medium-light skin tone	女生侧手翻: 中等-浅肤色	woman cartwheeling medium light skin tone | 女生侧手翻 中等 浅肤色 | active | cartwheel | cartwheeling | excited | flip | gymnastics | happy | medium light skin tone | somersault | woman | 中等 浅肤色 | 体操 | 侧手翻 | 兴奋 | 女 | 女子侧手翻 | 女生侧手翻 | 快乐 | 杂技 | 活泼 | 翻筋斗
🤸🏽‍♀️	woman cartwheeling: medium skin tone	女生侧手翻: 中等肤色	woman cartwheeling medium skin tone | 女生侧手翻 中等肤色 | active | cartwheel | cartwheeling | excited | flip | gymnastics | happy | medium skin tone | somersault | woman | 中等肤色 | 体操 | 侧手翻 | 兴奋 | 女 | 女子侧手翻 | 女生侧手翻 | 快乐 | 杂技 | 活泼 | 翻筋斗
🤸🏾‍♀️	woman cartwheeling: medium-dark skin tone	女生侧手翻: 中等-深肤色	woman cartwheeling medium dark skin tone | 女生侧手翻 中等 深肤色 | active | cartwheel | cartwheeling | excited | flip | gymnastics | happy | medium dark skin tone | somersault | woman | 中等 深肤色 | 体操 | 侧手翻 | 兴奋 | 女 | 女子侧手翻 | 女生侧手翻 | 快乐 | 杂技 | 活泼 | 翻筋斗
🤸🏿‍♀️	woman cartwheeling: dark skin tone	女生侧手翻: 较深肤色	woman cartwheeling dark skin tone | 女生侧手翻 较深肤色 | active | cartwheel | cartwheeling | dark skin tone | excited | flip | gymnastics | happy | somersault | woman | 体操 | 侧手翻 | 兴奋 | 女 | 女子侧手翻 | 女生侧手翻 | 快乐 | 杂技 | 活泼 | 翻筋斗 | 较深肤色
🤼	people wrestling	摔跤选手	people wrestling | 摔跤选手 | combat | duel | grapple | people | ring | tournament | wrestle | wrestling | 人 | 体育 | 对决 | 打架 | 搏斗 | 摔跤 | 摔跤比赛 | 擂台争霸 | 运动
🤼‍♂️	men wrestling	男生摔跤	men wrestling | 男生摔跤 | combat | duel | grapple | men | ring | tournament | wrestle | wrestling | 对决 | 打架 | 搏斗 | 摔跤 | 摔跤比赛 | 擂台争霸 | 男 | 男子摔跤 | 运动
🤼‍♀️	women wrestling	女生摔跤	women wrestling | 女生摔跤 | combat | duel | grapple | ring | tournament | women | wrestle | wrestling | 女 | 女子摔跤 | 对决 | 打架 | 搏斗 | 摔跤 | 摔跤比赛 | 擂台争霸 | 运动
🤽	person playing water polo	水球	person playing water polo | 水球 | person | playing | polo | sport | swimming | water | waterpolo | 人 | 体育 | 水上足球 | 水上运动 | 游泳 | 马可波罗游戏
🤽🏻	person playing water polo: light skin tone	水球: 较浅肤色	person playing water polo light skin tone | 水球 较浅肤色 | light skin tone | person | playing | polo | sport | swimming | water | waterpolo | 人 | 体育 | 水上足球 | 水上运动 | 水球 | 游泳 | 较浅肤色 | 马可波罗游戏
🤽🏼	person playing water polo: medium-light skin tone	水球: 中等-浅肤色	person playing water polo medium light skin tone | 水球 中等 浅肤色 | medium light skin tone | person | playing | polo | sport | swimming | water | waterpolo | 中等 浅肤色 | 人 | 体育 | 水上足球 | 水上运动 | 水球 | 游泳 | 马可波罗游戏
🤽🏽	person playing water polo: medium skin tone	水球: 中等肤色	person playing water polo medium skin tone | 水球 中等肤色 | medium skin tone | person | playing | polo | sport | swimming | water | waterpolo | 中等肤色 | 人 | 体育 | 水上足球 | 水上运动 | 水球 | 游泳 | 马可波罗游戏
🤽🏾	person playing water polo: medium-dark skin tone	水球: 中等-深肤色	person playing water polo medium dark skin tone | 水球 中等 深肤色 | medium dark skin tone | person | playing | polo | sport | swimming | water | waterpolo | 中等 深肤色 | 人 | 体育 | 水上足球 | 水上运动 | 水球 | 游泳 | 马可波罗游戏
🤽🏿	person playing water polo: dark skin tone	水球: 较深肤色	person playing water polo dark skin tone | 水球 较深肤色 | dark skin tone | person | playing | polo | sport | swimming | water | waterpolo | 人 | 体育 | 水上足球 | 水上运动 | 水球 | 游泳 | 较深肤色 | 马可波罗游戏
🤽‍♂️	man playing water polo	男生玩水球	man playing water polo | 男生玩水球 | man | playing | polo | sport | swimming | water | waterpolo | 水上足球 | 水上运动 | 水球 | 游泳 | 男 | 男子玩水球 | 马可波罗游戏
🤽🏻‍♂️	man playing water polo: light skin tone	男生玩水球: 较浅肤色	man playing water polo light skin tone | 男生玩水球 较浅肤色 | light skin tone | man | playing | polo | sport | swimming | water | waterpolo | 水上足球 | 水上运动 | 水球 | 游泳 | 男 | 男子玩水球 | 男生玩水球 | 较浅肤色 | 马可波罗游戏
🤽🏼‍♂️	man playing water polo: medium-light skin tone	男生玩水球: 中等-浅肤色	man playing water polo medium light skin tone | 男生玩水球 中等 浅肤色 | man | medium light skin tone | playing | polo | sport | swimming | water | waterpolo | 中等 浅肤色 | 水上足球 | 水上运动 | 水球 | 游泳 | 男 | 男子玩水球 | 男生玩水球 | 马可波罗游戏
🤽🏽‍♂️	man playing water polo: medium skin tone	男生玩水球: 中等肤色	man playing water polo medium skin tone | 男生玩水球 中等肤色 | man | medium skin tone | playing | polo | sport | swimming | water | waterpolo | 中等肤色 | 水上足球 | 水上运动 | 水球 | 游泳 | 男 | 男子玩水球 | 男生玩水球 | 马可波罗游戏
🤽🏾‍♂️	man playing water polo: medium-dark skin tone	男生玩水球: 中等-深肤色	man playing water polo medium dark skin tone | 男生玩水球 中等 深肤色 | man | medium dark skin tone | playing | polo | sport | swimming | water | waterpolo | 中等 深肤色 | 水上足球 | 水上运动 | 水球 | 游泳 | 男 | 男子玩水球 | 男生玩水球 | 马可波罗游戏
🤽🏿‍♂️	man playing water polo: dark skin tone	男生玩水球: 较深肤色	man playing water polo dark skin tone | 男生玩水球 较深肤色 | dark skin tone | man | playing | polo | sport | swimming | water | waterpolo | 水上足球 | 水上运动 | 水球 | 游泳 | 男 | 男子玩水球 | 男生玩水球 | 较深肤色 | 马可波罗游戏
🤽‍♀️	woman playing water polo	女生玩水球	woman playing water polo | 女生玩水球 | playing | polo | sport | swimming | water | waterpolo | woman | 女 | 女子玩水球 | 水上足球 | 水上运动 | 水球 | 游泳 | 马可波罗游戏
🤽🏻‍♀️	woman playing water polo: light skin tone	女生玩水球: 较浅肤色	woman playing water polo light skin tone | 女生玩水球 较浅肤色 | light skin tone | playing | polo | sport | swimming | water | waterpolo | woman | 女 | 女子玩水球 | 女生玩水球 | 水上足球 | 水上运动 | 水球 | 游泳 | 较浅肤色 | 马可波罗游戏
🤽🏼‍♀️	woman playing water polo: medium-light skin tone	女生玩水球: 中等-浅肤色	woman playing water polo medium light skin tone | 女生玩水球 中等 浅肤色 | medium light skin tone | playing | polo | sport | swimming | water | waterpolo | woman | 中等 浅肤色 | 女 | 女子玩水球 | 女生玩水球 | 水上足球 | 水上运动 | 水球 | 游泳 | 马可波罗游戏
🤽🏽‍♀️	woman playing water polo: medium skin tone	女生玩水球: 中等肤色	woman playing water polo medium skin tone | 女生玩水球 中等肤色 | medium skin tone | playing | polo | sport | swimming | water | waterpolo | woman | 中等肤色 | 女 | 女子玩水球 | 女生玩水球 | 水上足球 | 水上运动 | 水球 | 游泳 | 马可波罗游戏
🤽🏾‍♀️	woman playing water polo: medium-dark skin tone	女生玩水球: 中等-深肤色	woman playing water polo medium dark skin tone | 女生玩水球 中等 深肤色 | medium dark skin tone | playing | polo | sport | swimming | water | waterpolo | woman | 中等 深肤色 | 女 | 女子玩水球 | 女生玩水球 | 水上足球 | 水上运动 | 水球 | 游泳 | 马可波罗游戏
🤽🏿‍♀️	woman playing water polo: dark skin tone	女生玩水球: 较深肤色	woman playing water polo dark skin tone | 女生玩水球 较深肤色 | dark skin tone | playing | polo | sport | swimming | water | waterpolo | woman | 女 | 女子玩水球 | 女生玩水球 | 水上足球 | 水上运动 | 水球 | 游泳 | 较深肤色 | 马可波罗游戏
🤾	person playing handball	手球	person playing handball | 手球 | athletics | ball | catch | chuck | handball | hurl | lob | person | pitch | playing | sport | throw | toss | 人 | 体育 | 投 | 投球 | 抛 | 接球 | 犯规投球 | 球 | 运动 | 高球
🤾🏻	person playing handball: light skin tone	手球: 较浅肤色	person playing handball light skin tone | 手球 较浅肤色 | athletics | ball | catch | chuck | handball | hurl | light skin tone | lob | person | pitch | playing | sport | throw | toss | 人 | 体育 | 手球 | 投 | 投球 | 抛 | 接球 | 犯规投球 | 球 | 较浅肤色 | 运动 | 高球
🤾🏼	person playing handball: medium-light skin tone	手球: 中等-浅肤色	person playing handball medium light skin tone | 手球 中等 浅肤色 | athletics | ball | catch | chuck | handball | hurl | lob | medium light skin tone | person | pitch | playing | sport | throw | toss | 中等 浅肤色 | 人 | 体育 | 手球 | 投 | 投球 | 抛 | 接球 | 犯规投球 | 球 | 运动 | 高球
🤾🏽	person playing handball: medium skin tone	手球: 中等肤色	person playing handball medium skin tone | 手球 中等肤色 | athletics | ball | catch | chuck | handball | hurl | lob | medium skin tone | person | pitch | playing | sport | throw | toss | 中等肤色 | 人 | 体育 | 手球 | 投 | 投球 | 抛 | 接球 | 犯规投球 | 球 | 运动 | 高球
🤾🏾	person playing handball: medium-dark skin tone	手球: 中等-深肤色	person playing handball medium dark skin tone | 手球 中等 深肤色 | athletics | ball | catch | chuck | handball | hurl | lob | medium dark skin tone | person | pitch | playing | sport | throw | toss | 中等 深肤色 | 人 | 体育 | 手球 | 投 | 投球 | 抛 | 接球 | 犯规投球 | 球 | 运动 | 高球
🤾🏿	person playing handball: dark skin tone	手球: 较深肤色	person playing handball dark skin tone | 手球 较深肤色 | athletics | ball | catch | chuck | dark skin tone | handball | hurl | lob | person | pitch | playing | sport | throw | toss | 人 | 体育 | 手球 | 投 | 投球 | 抛 | 接球 | 犯规投球 | 球 | 较深肤色 | 运动 | 高球
🤾‍♂️	man playing handball	男生玩手球	man playing handball | 男生玩手球 | athletics | ball | catch | chuck | handball | hurl | lob | man | pitch | playing | sport | throw | toss | 墙手球 | 手球 | 男
🤾🏻‍♂️	man playing handball: light skin tone	男生玩手球: 较浅肤色	man playing handball light skin tone | 男生玩手球 较浅肤色 | athletics | ball | catch | chuck | handball | hurl | light skin tone | lob | man | pitch | playing | sport | throw | toss | 墙手球 | 手球 | 男 | 男生玩手球 | 较浅肤色
🤾🏼‍♂️	man playing handball: medium-light skin tone	男生玩手球: 中等-浅肤色	man playing handball medium light skin tone | 男生玩手球 中等 浅肤色 | athletics | ball | catch | chuck | handball | hurl | lob | man | medium light skin tone | pitch | playing | sport | throw | toss | 中等 浅肤色 | 墙手球 | 手球 | 男 | 男生玩手球
🤾🏽‍♂️	man playing handball: medium skin tone	男生玩手球: 中等肤色	man playing handball medium skin tone | 男生玩手球 中等肤色 | athletics | ball | catch | chuck | handball | hurl | lob | man | medium skin tone | pitch | playing | sport | throw | toss | 中等肤色 | 墙手球 | 手球 | 男 | 男生玩手球
🤾🏾‍♂️	man playing handball: medium-dark skin tone	男生玩手球: 中等-深肤色	man playing handball medium dark skin tone | 男生玩手球 中等 深肤色 | athletics | ball | catch | chuck | handball | hurl | lob | man | medium dark skin tone | pitch | playing | sport | throw | toss | 中等 深肤色 | 墙手球 | 手球 | 男 | 男生玩手球
🤾🏿‍♂️	man playing handball: dark skin tone	男生玩手球: 较深肤色	man playing handball dark skin tone | 男生玩手球 较深肤色 | athletics | ball | catch | chuck | dark skin tone | handball | hurl | lob | man | pitch | playing | sport | throw | toss | 墙手球 | 手球 | 男 | 男生玩手球 | 较深肤色
🤾‍♀️	woman playing handball	女生玩手球	woman playing handball | 女生玩手球 | athletics | ball | catch | chuck | handball | hurl | lob | pitch | playing | sport | throw | toss | woman | 女 | 女子玩手球 | 手球 | 扔 | 投球 | 抛 | 接球 | 犯规投球 | 球 | 运动 | 高球
🤾🏻‍♀️	woman playing handball: light skin tone	女生玩手球: 较浅肤色	woman playing handball light skin tone | 女生玩手球 较浅肤色 | athletics | ball | catch | chuck | handball | hurl | light skin tone | lob | pitch | playing | sport | throw | toss | woman | 女 | 女子玩手球 | 女生玩手球 | 手球 | 扔 | 投球 | 抛 | 接球 | 犯规投球 | 球 | 较浅肤色 | 运动 | 高球
🤾🏼‍♀️	woman playing handball: medium-light skin tone	女生玩手球: 中等-浅肤色	woman playing handball medium light skin tone | 女生玩手球 中等 浅肤色 | athletics | ball | catch | chuck | handball | hurl | lob | medium light skin tone | pitch | playing | sport | throw | toss | woman | 中等 浅肤色 | 女 | 女子玩手球 | 女生玩手球 | 手球 | 扔 | 投球 | 抛 | 接球 | 犯规投球 | 球 | 运动 | 高球
🤾🏽‍♀️	woman playing handball: medium skin tone	女生玩手球: 中等肤色	woman playing handball medium skin tone | 女生玩手球 中等肤色 | athletics | ball | catch | chuck | handball | hurl | lob | medium skin tone | pitch | playing | sport | throw | toss | woman | 中等肤色 | 女 | 女子玩手球 | 女生玩手球 | 手球 | 扔 | 投球 | 抛 | 接球 | 犯规投球 | 球 | 运动 | 高球
🤾🏾‍♀️	woman playing handball: medium-dark skin tone	女生玩手球: 中等-深肤色	woman playing handball medium dark skin tone | 女生玩手球 中等 深肤色 | athletics | ball | catch | chuck | handball | hurl | lob | medium dark skin tone | pitch | playing | sport | throw | toss | woman | 中等 深肤色 | 女 | 女子玩手球 | 女生玩手球 | 手球 | 扔 | 投球 | 抛 | 接球 | 犯规投球 | 球 | 运动 | 高球
🤾🏿‍♀️	woman playing handball: dark skin tone	女生玩手球: 较深肤色	woman playing handball dark skin tone | 女生玩手球 较深肤色 | athletics | ball | catch | chuck | dark skin tone | handball | hurl | lob | pitch | playing | sport | throw | toss | woman | 女 | 女子玩手球 | 女生玩手球 | 手球 | 扔 | 投球 | 抛 | 接球 | 犯规投球 | 球 | 较深肤色 | 运动 | 高球
🤹	person juggling	抛接杂耍	person juggling | 抛接杂耍 | act | balance | balancing | handle | juggle | juggling | manage | multitask | person | skill | 一心多用 | 人 | 平衡 | 平衡艺术 | 抛接 | 抛接球 | 操纵 | 杂技 | 杂耍 | 表演
🤹🏻	person juggling: light skin tone	抛接杂耍: 较浅肤色	person juggling light skin tone | 抛接杂耍 较浅肤色 | act | balance | balancing | handle | juggle | juggling | light skin tone | manage | multitask | person | skill | 一心多用 | 人 | 平衡 | 平衡艺术 | 抛接 | 抛接杂耍 | 抛接球 | 操纵 | 杂技 | 杂耍 | 表演 | 较浅肤色
🤹🏼	person juggling: medium-light skin tone	抛接杂耍: 中等-浅肤色	person juggling medium light skin tone | 抛接杂耍 中等 浅肤色 | act | balance | balancing | handle | juggle | juggling | manage | medium light skin tone | multitask | person | skill | 一心多用 | 中等 浅肤色 | 人 | 平衡 | 平衡艺术 | 抛接 | 抛接杂耍 | 抛接球 | 操纵 | 杂技 | 杂耍 | 表演
🤹🏽	person juggling: medium skin tone	抛接杂耍: 中等肤色	person juggling medium skin tone | 抛接杂耍 中等肤色 | act | balance | balancing | handle | juggle | juggling | manage | medium skin tone | multitask | person | skill | 一心多用 | 中等肤色 | 人 | 平衡 | 平衡艺术 | 抛接 | 抛接杂耍 | 抛接球 | 操纵 | 杂技 | 杂耍 | 表演
🤹🏾	person juggling: medium-dark skin tone	抛接杂耍: 中等-深肤色	person juggling medium dark skin tone | 抛接杂耍 中等 深肤色 | act | balance | balancing | handle | juggle | juggling | manage | medium dark skin tone | multitask | person | skill | 一心多用 | 中等 深肤色 | 人 | 平衡 | 平衡艺术 | 抛接 | 抛接杂耍 | 抛接球 | 操纵 | 杂技 | 杂耍 | 表演
🤹🏿	person juggling: dark skin tone	抛接杂耍: 较深肤色	person juggling dark skin tone | 抛接杂耍 较深肤色 | act | balance | balancing | dark skin tone | handle | juggle | juggling | manage | multitask | person | skill | 一心多用 | 人 | 平衡 | 平衡艺术 | 抛接 | 抛接杂耍 | 抛接球 | 操纵 | 杂技 | 杂耍 | 表演 | 较深肤色
🤹‍♂️	man juggling	男生抛接杂耍	man juggling | 男生抛接杂耍 | act | balance | balancing | handle | juggle | juggling | man | manage | multitask | skill | 一心多用 | 平衡艺术 | 抛接球 | 操纵 | 杂技 | 杂耍 | 男 | 男子 | 颠球
🤹🏻‍♂️	man juggling: light skin tone	男生抛接杂耍: 较浅肤色	man juggling light skin tone | 男生抛接杂耍 较浅肤色 | act | balance | balancing | handle | juggle | juggling | light skin tone | man | manage | multitask | skill | 一心多用 | 平衡艺术 | 抛接球 | 操纵 | 杂技 | 杂耍 | 男 | 男子 | 男生抛接杂耍 | 较浅肤色 | 颠球
🤹🏼‍♂️	man juggling: medium-light skin tone	男生抛接杂耍: 中等-浅肤色	man juggling medium light skin tone | 男生抛接杂耍 中等 浅肤色 | act | balance | balancing | handle | juggle | juggling | man | manage | medium light skin tone | multitask | skill | 一心多用 | 中等 浅肤色 | 平衡艺术 | 抛接球 | 操纵 | 杂技 | 杂耍 | 男 | 男子 | 男生抛接杂耍 | 颠球
🤹🏽‍♂️	man juggling: medium skin tone	男生抛接杂耍: 中等肤色	man juggling medium skin tone | 男生抛接杂耍 中等肤色 | act | balance | balancing | handle | juggle | juggling | man | manage | medium skin tone | multitask | skill | 一心多用 | 中等肤色 | 平衡艺术 | 抛接球 | 操纵 | 杂技 | 杂耍 | 男 | 男子 | 男生抛接杂耍 | 颠球
🤹🏾‍♂️	man juggling: medium-dark skin tone	男生抛接杂耍: 中等-深肤色	man juggling medium dark skin tone | 男生抛接杂耍 中等 深肤色 | act | balance | balancing | handle | juggle | juggling | man | manage | medium dark skin tone | multitask | skill | 一心多用 | 中等 深肤色 | 平衡艺术 | 抛接球 | 操纵 | 杂技 | 杂耍 | 男 | 男子 | 男生抛接杂耍 | 颠球
🤹🏿‍♂️	man juggling: dark skin tone	男生抛接杂耍: 较深肤色	man juggling dark skin tone | 男生抛接杂耍 较深肤色 | act | balance | balancing | dark skin tone | handle | juggle | juggling | man | manage | multitask | skill | 一心多用 | 平衡艺术 | 抛接球 | 操纵 | 杂技 | 杂耍 | 男 | 男子 | 男生抛接杂耍 | 较深肤色 | 颠球
🤹‍♀️	woman juggling	女生抛接杂耍	woman juggling | 女生抛接杂耍 | act | balance | balancing | handle | juggle | juggling | manage | multitask | skill | woman | 女 | 杂技 | 杂耍 | 颠球
🤹🏻‍♀️	woman juggling: light skin tone	女生抛接杂耍: 较浅肤色	woman juggling light skin tone | 女生抛接杂耍 较浅肤色 | act | balance | balancing | handle | juggle | juggling | light skin tone | manage | multitask | skill | woman | 女 | 女生抛接杂耍 | 杂技 | 杂耍 | 较浅肤色 | 颠球
🤹🏼‍♀️	woman juggling: medium-light skin tone	女生抛接杂耍: 中等-浅肤色	woman juggling medium light skin tone | 女生抛接杂耍 中等 浅肤色 | act | balance | balancing | handle | juggle | juggling | manage | medium light skin tone | multitask | skill | woman | 中等 浅肤色 | 女 | 女生抛接杂耍 | 杂技 | 杂耍 | 颠球
🤹🏽‍♀️	woman juggling: medium skin tone	女生抛接杂耍: 中等肤色	woman juggling medium skin tone | 女生抛接杂耍 中等肤色 | act | balance | balancing | handle | juggle | juggling | manage | medium skin tone | multitask | skill | woman | 中等肤色 | 女 | 女生抛接杂耍 | 杂技 | 杂耍 | 颠球
🤹🏾‍♀️	woman juggling: medium-dark skin tone	女生抛接杂耍: 中等-深肤色	woman juggling medium dark skin tone | 女生抛接杂耍 中等 深肤色 | act | balance | balancing | handle | juggle | juggling | manage | medium dark skin tone | multitask | skill | woman | 中等 深肤色 | 女 | 女生抛接杂耍 | 杂技 | 杂耍 | 颠球
🤹🏿‍♀️	woman juggling: dark skin tone	女生抛接杂耍: 较深肤色	woman juggling dark skin tone | 女生抛接杂耍 较深肤色 | act | balance | balancing | dark skin tone | handle | juggle | juggling | manage | multitask | skill | woman | 女 | 女生抛接杂耍 | 杂技 | 杂耍 | 较深肤色 | 颠球
🧘	person in lotus position	盘腿的人	person in lotus position | 盘腿的人 | cross | legged | legs | lotus | meditation | peace | person | position | relax | serenity | yoga | yogi | zen | 冥想 | 放松 | 沉思 | 瑜伽 | 盘腿而坐 | 禅 | 莲花坐的人
🧘🏻	person in lotus position: light skin tone	盘腿的人: 较浅肤色	person in lotus position light skin tone | 盘腿的人 较浅肤色 | cross | legged | legs | light skin tone | lotus | meditation | peace | person | position | relax | serenity | yoga | yogi | zen | 冥想 | 放松 | 沉思 | 瑜伽 | 盘腿的人 | 盘腿而坐 | 禅 | 莲花坐的人 | 较浅肤色
🧘🏼	person in lotus position: medium-light skin tone	盘腿的人: 中等-浅肤色	person in lotus position medium light skin tone | 盘腿的人 中等 浅肤色 | cross | legged | legs | lotus | meditation | medium light skin tone | peace | person | position | relax | serenity | yoga | yogi | zen | 中等 浅肤色 | 冥想 | 放松 | 沉思 | 瑜伽 | 盘腿的人 | 盘腿而坐 | 禅 | 莲花坐的人
🧘🏽	person in lotus position: medium skin tone	盘腿的人: 中等肤色	person in lotus position medium skin tone | 盘腿的人 中等肤色 | cross | legged | legs | lotus | meditation | medium skin tone | peace | person | position | relax | serenity | yoga | yogi | zen | 中等肤色 | 冥想 | 放松 | 沉思 | 瑜伽 | 盘腿的人 | 盘腿而坐 | 禅 | 莲花坐的人
🧘🏾	person in lotus position: medium-dark skin tone	盘腿的人: 中等-深肤色	person in lotus position medium dark skin tone | 盘腿的人 中等 深肤色 | cross | legged | legs | lotus | meditation | medium dark skin tone | peace | person | position | relax | serenity | yoga | yogi | zen | 中等 深肤色 | 冥想 | 放松 | 沉思 | 瑜伽 | 盘腿的人 | 盘腿而坐 | 禅 | 莲花坐的人
🧘🏿	person in lotus position: dark skin tone	盘腿的人: 较深肤色	person in lotus position dark skin tone | 盘腿的人 较深肤色 | cross | dark skin tone | legged | legs | lotus | meditation | peace | person | position | relax | serenity | yoga | yogi | zen | 冥想 | 放松 | 沉思 | 瑜伽 | 盘腿的人 | 盘腿而坐 | 禅 | 莲花坐的人 | 较深肤色
🧘‍♂️	man in lotus position	盘腿的男人	man in lotus position | 盘腿的男人 | cross | legged | legs | lotus | man | meditation | peace | position | relax | serenity | yoga | yogi | zen | 和尚 | 瑜伽男
🧘🏻‍♂️	man in lotus position: light skin tone	盘腿的男人: 较浅肤色	man in lotus position light skin tone | 盘腿的男人 较浅肤色 | cross | legged | legs | light skin tone | lotus | man | meditation | peace | position | relax | serenity | yoga | yogi | zen | 和尚 | 瑜伽男 | 盘腿的男人 | 较浅肤色
🧘🏼‍♂️	man in lotus position: medium-light skin tone	盘腿的男人: 中等-浅肤色	man in lotus position medium light skin tone | 盘腿的男人 中等 浅肤色 | cross | legged | legs | lotus | man | meditation | medium light skin tone | peace | position | relax | serenity | yoga | yogi | zen | 中等 浅肤色 | 和尚 | 瑜伽男 | 盘腿的男人
🧘🏽‍♂️	man in lotus position: medium skin tone	盘腿的男人: 中等肤色	man in lotus position medium skin tone | 盘腿的男人 中等肤色 | cross | legged | legs | lotus | man | meditation | medium skin tone | peace | position | relax | serenity | yoga | yogi | zen | 中等肤色 | 和尚 | 瑜伽男 | 盘腿的男人
🧘🏾‍♂️	man in lotus position: medium-dark skin tone	盘腿的男人: 中等-深肤色	man in lotus position medium dark skin tone | 盘腿的男人 中等 深肤色 | cross | legged | legs | lotus | man | meditation | medium dark skin tone | peace | position | relax | serenity | yoga | yogi | zen | 中等 深肤色 | 和尚 | 瑜伽男 | 盘腿的男人
🧘🏿‍♂️	man in lotus position: dark skin tone	盘腿的男人: 较深肤色	man in lotus position dark skin tone | 盘腿的男人 较深肤色 | cross | dark skin tone | legged | legs | lotus | man | meditation | peace | position | relax | serenity | yoga | yogi | zen | 和尚 | 瑜伽男 | 盘腿的男人 | 较深肤色
🧘‍♀️	woman in lotus position	盘腿的女人	woman in lotus position | 盘腿的女人 | cross | legged | legs | lotus | meditation | peace | position | relax | serenity | woman | yoga | yogi | zen | 尼姑 | 比丘尼 | 瑜伽女
🧘🏻‍♀️	woman in lotus position: light skin tone	盘腿的女人: 较浅肤色	woman in lotus position light skin tone | 盘腿的女人 较浅肤色 | cross | legged | legs | light skin tone | lotus | meditation | peace | position | relax | serenity | woman | yoga | yogi | zen | 尼姑 | 比丘尼 | 瑜伽女 | 盘腿的女人 | 较浅肤色
🧘🏼‍♀️	woman in lotus position: medium-light skin tone	盘腿的女人: 中等-浅肤色	woman in lotus position medium light skin tone | 盘腿的女人 中等 浅肤色 | cross | legged | legs | lotus | meditation | medium light skin tone | peace | position | relax | serenity | woman | yoga | yogi | zen | 中等 浅肤色 | 尼姑 | 比丘尼 | 瑜伽女 | 盘腿的女人
🧘🏽‍♀️	woman in lotus position: medium skin tone	盘腿的女人: 中等肤色	woman in lotus position medium skin tone | 盘腿的女人 中等肤色 | cross | legged | legs | lotus | meditation | medium skin tone | peace | position | relax | serenity | woman | yoga | yogi | zen | 中等肤色 | 尼姑 | 比丘尼 | 瑜伽女 | 盘腿的女人
🧘🏾‍♀️	woman in lotus position: medium-dark skin tone	盘腿的女人: 中等-深肤色	woman in lotus position medium dark skin tone | 盘腿的女人 中等 深肤色 | cross | legged | legs | lotus | meditation | medium dark skin tone | peace | position | relax | serenity | woman | yoga | yogi | zen | 中等 深肤色 | 尼姑 | 比丘尼 | 瑜伽女 | 盘腿的女人
🧘🏿‍♀️	woman in lotus position: dark skin tone	盘腿的女人: 较深肤色	woman in lotus position dark skin tone | 盘腿的女人 较深肤色 | cross | dark skin tone | legged | legs | lotus | meditation | peace | position | relax | serenity | woman | yoga | yogi | zen | 尼姑 | 比丘尼 | 瑜伽女 | 盘腿的女人 | 较深肤色
🛀	person taking bath	洗澡的人	person taking bath | 洗澡的人 | bath | bathtub | person | taking | tub | 洗澡 | 浴盆 | 浴缸 | 澡盆 | 盆浴
🛀🏻	person taking bath: light skin tone	洗澡的人: 较浅肤色	person taking bath light skin tone | 洗澡的人 较浅肤色 | bath | bathtub | light skin tone | person | taking | tub | 洗澡 | 洗澡的人 | 浴盆 | 浴缸 | 澡盆 | 盆浴 | 较浅肤色
🛀🏼	person taking bath: medium-light skin tone	洗澡的人: 中等-浅肤色	person taking bath medium light skin tone | 洗澡的人 中等 浅肤色 | bath | bathtub | medium light skin tone | person | taking | tub | 中等 浅肤色 | 洗澡 | 洗澡的人 | 浴盆 | 浴缸 | 澡盆 | 盆浴
🛀🏽	person taking bath: medium skin tone	洗澡的人: 中等肤色	person taking bath medium skin tone | 洗澡的人 中等肤色 | bath | bathtub | medium skin tone | person | taking | tub | 中等肤色 | 洗澡 | 洗澡的人 | 浴盆 | 浴缸 | 澡盆 | 盆浴
🛀🏾	person taking bath: medium-dark skin tone	洗澡的人: 中等-深肤色	person taking bath medium dark skin tone | 洗澡的人 中等 深肤色 | bath | bathtub | medium dark skin tone | person | taking | tub | 中等 深肤色 | 洗澡 | 洗澡的人 | 浴盆 | 浴缸 | 澡盆 | 盆浴
🛀🏿	person taking bath: dark skin tone	洗澡的人: 较深肤色	person taking bath dark skin tone | 洗澡的人 较深肤色 | bath | bathtub | dark skin tone | person | taking | tub | 洗澡 | 洗澡的人 | 浴盆 | 浴缸 | 澡盆 | 盆浴 | 较深肤色
🛌	person in bed	躺在床上的人	person in bed | 躺在床上的人 | bed | bedtime | good | goodnight | hotel | nap | night | person | sleep | tired | zzz | 入睡 | 夜里 | 宾馆 | 晚安 | 酒店
🛌🏻	person in bed: light skin tone	躺在床上的人: 较浅肤色	person in bed light skin tone | 躺在床上的人 较浅肤色 | bed | bedtime | good | goodnight | hotel | light skin tone | nap | night | person | sleep | tired | zzz | 入睡 | 夜里 | 宾馆 | 晚安 | 躺在床上的人 | 较浅肤色 | 酒店
🛌🏼	person in bed: medium-light skin tone	躺在床上的人: 中等-浅肤色	person in bed medium light skin tone | 躺在床上的人 中等 浅肤色 | bed | bedtime | good | goodnight | hotel | medium light skin tone | nap | night | person | sleep | tired | zzz | 中等 浅肤色 | 入睡 | 夜里 | 宾馆 | 晚安 | 躺在床上的人 | 酒店
🛌🏽	person in bed: medium skin tone	躺在床上的人: 中等肤色	person in bed medium skin tone | 躺在床上的人 中等肤色 | bed | bedtime | good | goodnight | hotel | medium skin tone | nap | night | person | sleep | tired | zzz | 中等肤色 | 入睡 | 夜里 | 宾馆 | 晚安 | 躺在床上的人 | 酒店
🛌🏾	person in bed: medium-dark skin tone	躺在床上的人: 中等-深肤色	person in bed medium dark skin tone | 躺在床上的人 中等 深肤色 | bed | bedtime | good | goodnight | hotel | medium dark skin tone | nap | night | person | sleep | tired | zzz | 中等 深肤色 | 入睡 | 夜里 | 宾馆 | 晚安 | 躺在床上的人 | 酒店
🛌🏿	person in bed: dark skin tone	躺在床上的人: 较深肤色	person in bed dark skin tone | 躺在床上的人 较深肤色 | bed | bedtime | dark skin tone | good | goodnight | hotel | nap | night | person | sleep | tired | zzz | 入睡 | 夜里 | 宾馆 | 晚安 | 躺在床上的人 | 较深肤色 | 酒店
🧑‍🤝‍🧑	people holding hands	手拉手的两个人	people holding hands | 手拉手的两个人 | bae | bestie | bff | couple | dating | flirt | friends | hand | hold | people | twins | 两个人手牵手 | 人 | 情侣 | 手 | 手牵手的人 | 拉手 | 握手 | 牵手
🧑🏻‍🤝‍🧑🏻	people holding hands: light skin tone	手拉手的两个人: 较浅肤色	people holding hands light skin tone | 手拉手的两个人 较浅肤色 | bae | bestie | bff | couple | dating | flirt | friends | hand | hold | light skin tone | people | twins | 两个人手牵手 | 人 | 情侣 | 手 | 手拉手的两个人 | 手牵手的人 | 拉手 | 握手 | 牵手 | 较浅肤色
🧑🏻‍🤝‍🧑🏼	people holding hands: light skin tone, medium-light skin tone	手拉手的两个人: 较浅肤色中等-浅肤色	people holding hands light skin tone, medium light skin tone | 手拉手的两个人 较浅肤色中等 浅肤色 | bae | bestie | bff | couple | dating | flirt | friends | hand | hold | light skin tone | medium light skin tone | people | twins | 两个人手牵手 | 中等 浅肤色 | 人 | 情侣 | 手 | 手拉手的两个人 | 手牵手的人 | 拉手 | 握手 | 牵手 | 较浅肤色
🧑🏻‍🤝‍🧑🏽	people holding hands: light skin tone, medium skin tone	手拉手的两个人: 较浅肤色中等肤色	people holding hands light skin tone, medium skin tone | 手拉手的两个人 较浅肤色中等肤色 | bae | bestie | bff | couple | dating | flirt | friends | hand | hold | light skin tone | medium skin tone | people | twins | 两个人手牵手 | 中等肤色 | 人 | 情侣 | 手 | 手拉手的两个人 | 手牵手的人 | 拉手 | 握手 | 牵手 | 较浅肤色
🧑🏻‍🤝‍🧑🏾	people holding hands: light skin tone, medium-dark skin tone	手拉手的两个人: 较浅肤色中等-深肤色	people holding hands light skin tone, medium dark skin tone | 手拉手的两个人 较浅肤色中等 深肤色 | bae | bestie | bff | couple | dating | flirt | friends | hand | hold | light skin tone | medium dark skin tone | people | twins | 两个人手牵手 | 中等 深肤色 | 人 | 情侣 | 手 | 手拉手的两个人 | 手牵手的人 | 拉手 | 握手 | 牵手 | 较浅肤色
🧑🏻‍🤝‍🧑🏿	people holding hands: light skin tone, dark skin tone	手拉手的两个人: 较浅肤色较深肤色	people holding hands light skin tone, dark skin tone | 手拉手的两个人 较浅肤色较深肤色 | bae | bestie | bff | couple | dark skin tone | dating | flirt | friends | hand | hold | light skin tone | people | twins | 两个人手牵手 | 人 | 情侣 | 手 | 手拉手的两个人 | 手牵手的人 | 拉手 | 握手 | 牵手 | 较浅肤色 | 较深肤色
🧑🏼‍🤝‍🧑🏻	people holding hands: medium-light skin tone, light skin tone	手拉手的两个人: 中等-浅肤色较浅肤色	people holding hands medium light skin tone, light skin tone | 手拉手的两个人 中等 浅肤色较浅肤色 | bae | bestie | bff | couple | dating | flirt | friends | hand | hold | light skin tone | medium light skin tone | people | twins | 两个人手牵手 | 中等 浅肤色 | 人 | 情侣 | 手 | 手拉手的两个人 | 手牵手的人 | 拉手 | 握手 | 牵手 | 较浅肤色
🧑🏼‍🤝‍🧑🏼	people holding hands: medium-light skin tone	手拉手的两个人: 中等-浅肤色	people holding hands medium light skin tone | 手拉手的两个人 中等 浅肤色 | bae | bestie | bff | couple | dating | flirt | friends | hand | hold | medium light skin tone | people | twins | 两个人手牵手 | 中等 浅肤色 | 人 | 情侣 | 手 | 手拉手的两个人 | 手牵手的人 | 拉手 | 握手 | 牵手
🧑🏼‍🤝‍🧑🏽	people holding hands: medium-light skin tone, medium skin tone	手拉手的两个人: 中等-浅肤色中等肤色	people holding hands medium light skin tone, medium skin tone | 手拉手的两个人 中等 浅肤色中等肤色 | bae | bestie | bff | couple | dating | flirt | friends | hand | hold | medium skin tone | medium light skin tone | people | twins | 两个人手牵手 | 中等 浅肤色 | 中等肤色 | 人 | 情侣 | 手 | 手拉手的两个人 | 手牵手的人 | 拉手 | 握手 | 牵手
🧑🏼‍🤝‍🧑🏾	people holding hands: medium-light skin tone, medium-dark skin tone	手拉手的两个人: 中等-浅肤色中等-深肤色	people holding hands medium light skin tone, medium dark skin tone | 手拉手的两个人 中等 浅肤色中等 深肤色 | bae | bestie | bff | couple | dating | flirt | friends | hand | hold | medium dark skin tone | medium light skin tone | people | twins | 两个人手牵手 | 中等 浅肤色 | 中等 深肤色 | 人 | 情侣 | 手 | 手拉手的两个人 | 手牵手的人 | 拉手 | 握手 | 牵手
🧑🏼‍🤝‍🧑🏿	people holding hands: medium-light skin tone, dark skin tone	手拉手的两个人: 中等-浅肤色较深肤色	people holding hands medium light skin tone, dark skin tone | 手拉手的两个人 中等 浅肤色较深肤色 | bae | bestie | bff | couple | dark skin tone | dating | flirt | friends | hand | hold | medium light skin tone | people | twins | 两个人手牵手 | 中等 浅肤色 | 人 | 情侣 | 手 | 手拉手的两个人 | 手牵手的人 | 拉手 | 握手 | 牵手 | 较深肤色
🧑🏽‍🤝‍🧑🏻	people holding hands: medium skin tone, light skin tone	手拉手的两个人: 中等肤色较浅肤色	people holding hands medium skin tone, light skin tone | 手拉手的两个人 中等肤色较浅肤色 | bae | bestie | bff | couple | dating | flirt | friends | hand | hold | light skin tone | medium skin tone | people | twins | 两个人手牵手 | 中等肤色 | 人 | 情侣 | 手 | 手拉手的两个人 | 手牵手的人 | 拉手 | 握手 | 牵手 | 较浅肤色
🧑🏽‍🤝‍🧑🏼	people holding hands: medium skin tone, medium-light skin tone	手拉手的两个人: 中等肤色中等-浅肤色	people holding hands medium skin tone, medium light skin tone | 手拉手的两个人 中等肤色中等 浅肤色 | bae | bestie | bff | couple | dating | flirt | friends | hand | hold | medium skin tone | medium light skin tone | people | twins | 两个人手牵手 | 中等 浅肤色 | 中等肤色 | 人 | 情侣 | 手 | 手拉手的两个人 | 手牵手的人 | 拉手 | 握手 | 牵手
🧑🏽‍🤝‍🧑🏽	people holding hands: medium skin tone	手拉手的两个人: 中等肤色	people holding hands medium skin tone | 手拉手的两个人 中等肤色 | bae | bestie | bff | couple | dating | flirt | friends | hand | hold | medium skin tone | people | twins | 两个人手牵手 | 中等肤色 | 人 | 情侣 | 手 | 手拉手的两个人 | 手牵手的人 | 拉手 | 握手 | 牵手
🧑🏽‍🤝‍🧑🏾	people holding hands: medium skin tone, medium-dark skin tone	手拉手的两个人: 中等肤色中等-深肤色	people holding hands medium skin tone, medium dark skin tone | 手拉手的两个人 中等肤色中等 深肤色 | bae | bestie | bff | couple | dating | flirt | friends | hand | hold | medium skin tone | medium dark skin tone | people | twins | 两个人手牵手 | 中等 深肤色 | 中等肤色 | 人 | 情侣 | 手 | 手拉手的两个人 | 手牵手的人 | 拉手 | 握手 | 牵手
🧑🏽‍🤝‍🧑🏿	people holding hands: medium skin tone, dark skin tone	手拉手的两个人: 中等肤色较深肤色	people holding hands medium skin tone, dark skin tone | 手拉手的两个人 中等肤色较深肤色 | bae | bestie | bff | couple | dark skin tone | dating | flirt | friends | hand | hold | medium skin tone | people | twins | 两个人手牵手 | 中等肤色 | 人 | 情侣 | 手 | 手拉手的两个人 | 手牵手的人 | 拉手 | 握手 | 牵手 | 较深肤色
🧑🏾‍🤝‍🧑🏻	people holding hands: medium-dark skin tone, light skin tone	手拉手的两个人: 中等-深肤色较浅肤色	people holding hands medium dark skin tone, light skin tone | 手拉手的两个人 中等 深肤色较浅肤色 | bae | bestie | bff | couple | dating | flirt | friends | hand | hold | light skin tone | medium dark skin tone | people | twins | 两个人手牵手 | 中等 深肤色 | 人 | 情侣 | 手 | 手拉手的两个人 | 手牵手的人 | 拉手 | 握手 | 牵手 | 较浅肤色
🧑🏾‍🤝‍🧑🏼	people holding hands: medium-dark skin tone, medium-light skin tone	手拉手的两个人: 中等-深肤色中等-浅肤色	people holding hands medium dark skin tone, medium light skin tone | 手拉手的两个人 中等 深肤色中等 浅肤色 | bae | bestie | bff | couple | dating | flirt | friends | hand | hold | medium dark skin tone | medium light skin tone | people | twins | 两个人手牵手 | 中等 浅肤色 | 中等 深肤色 | 人 | 情侣 | 手 | 手拉手的两个人 | 手牵手的人 | 拉手 | 握手 | 牵手
🧑🏾‍🤝‍🧑🏽	people holding hands: medium-dark skin tone, medium skin tone	手拉手的两个人: 中等-深肤色中等肤色	people holding hands medium dark skin tone, medium skin tone | 手拉手的两个人 中等 深肤色中等肤色 | bae | bestie | bff | couple | dating | flirt | friends | hand | hold | medium skin tone | medium dark skin tone | people | twins | 两个人手牵手 | 中等 深肤色 | 中等肤色 | 人 | 情侣 | 手 | 手拉手的两个人 | 手牵手的人 | 拉手 | 握手 | 牵手
🧑🏾‍🤝‍🧑🏾	people holding hands: medium-dark skin tone	手拉手的两个人: 中等-深肤色	people holding hands medium dark skin tone | 手拉手的两个人 中等 深肤色 | bae | bestie | bff | couple | dating | flirt | friends | hand | hold | medium dark skin tone | people | twins | 两个人手牵手 | 中等 深肤色 | 人 | 情侣 | 手 | 手拉手的两个人 | 手牵手的人 | 拉手 | 握手 | 牵手
🧑🏾‍🤝‍🧑🏿	people holding hands: medium-dark skin tone, dark skin tone	手拉手的两个人: 中等-深肤色较深肤色	people holding hands medium dark skin tone, dark skin tone | 手拉手的两个人 中等 深肤色较深肤色 | bae | bestie | bff | couple | dark skin tone | dating | flirt | friends | hand | hold | medium dark skin tone | people | twins | 两个人手牵手 | 中等 深肤色 | 人 | 情侣 | 手 | 手拉手的两个人 | 手牵手的人 | 拉手 | 握手 | 牵手 | 较深肤色
🧑🏿‍🤝‍🧑🏻	people holding hands: dark skin tone, light skin tone	手拉手的两个人: 较深肤色较浅肤色	people holding hands dark skin tone, light skin tone | 手拉手的两个人 较深肤色较浅肤色 | bae | bestie | bff | couple | dark skin tone | dating | flirt | friends | hand | hold | light skin tone | people | twins | 两个人手牵手 | 人 | 情侣 | 手 | 手拉手的两个人 | 手牵手的人 | 拉手 | 握手 | 牵手 | 较浅肤色 | 较深肤色
🧑🏿‍🤝‍🧑🏼	people holding hands: dark skin tone, medium-light skin tone	手拉手的两个人: 较深肤色中等-浅肤色	people holding hands dark skin tone, medium light skin tone | 手拉手的两个人 较深肤色中等 浅肤色 | bae | bestie | bff | couple | dark skin tone | dating | flirt | friends | hand | hold | medium light skin tone | people | twins | 两个人手牵手 | 中等 浅肤色 | 人 | 情侣 | 手 | 手拉手的两个人 | 手牵手的人 | 拉手 | 握手 | 牵手 | 较深肤色
🧑🏿‍🤝‍🧑🏽	people holding hands: dark skin tone, medium skin tone	手拉手的两个人: 较深肤色中等肤色	people holding hands dark skin tone, medium skin tone | 手拉手的两个人 较深肤色中等肤色 | bae | bestie | bff | couple | dark skin tone | dating | flirt | friends | hand | hold | medium skin tone | people | twins | 两个人手牵手 | 中等肤色 | 人 | 情侣 | 手 | 手拉手的两个人 | 手牵手的人 | 拉手 | 握手 | 牵手 | 较深肤色
🧑🏿‍🤝‍🧑🏾	people holding hands: dark skin tone, medium-dark skin tone	手拉手的两个人: 较深肤色中等-深肤色	people holding hands dark skin tone, medium dark skin tone | 手拉手的两个人 较深肤色中等 深肤色 | bae | bestie | bff | couple | dark skin tone | dating | flirt | friends | hand | hold | medium dark skin tone | people | twins | 两个人手牵手 | 中等 深肤色 | 人 | 情侣 | 手 | 手拉手的两个人 | 手牵手的人 | 拉手 | 握手 | 牵手 | 较深肤色
🧑🏿‍🤝‍🧑🏿	people holding hands: dark skin tone	手拉手的两个人: 较深肤色	people holding hands dark skin tone | 手拉手的两个人 较深肤色 | bae | bestie | bff | couple | dark skin tone | dating | flirt | friends | hand | hold | people | twins | 两个人手牵手 | 人 | 情侣 | 手 | 手拉手的两个人 | 手牵手的人 | 拉手 | 握手 | 牵手 | 较深肤色
👭	women holding hands	手拉手的两个女人	women holding hands | 手拉手的两个女人 | bae | bestie | bff | couple | dating | flirt | friends | girls | hand | hold | sisters | twins | women | 两个女人 | 好朋友 | 情侣 | 手拉手 | 朋友
👭🏻	women holding hands: light skin tone	手拉手的两个女人: 较浅肤色	women holding hands light skin tone | 手拉手的两个女人 较浅肤色 | bae | bestie | bff | couple | dating | flirt | friends | girls | hand | hold | light skin tone | sisters | twins | women | 两个女人 | 好朋友 | 情侣 | 手拉手 | 手拉手的两个女人 | 朋友 | 较浅肤色
👩🏻‍🤝‍👩🏼	women holding hands: light skin tone, medium-light skin tone	手拉手的两个女人: 较浅肤色中等-浅肤色	women holding hands light skin tone, medium light skin tone | 手拉手的两个女人 较浅肤色中等 浅肤色 | bae | bestie | bff | couple | dating | flirt | friends | girls | hand | hold | light skin tone | medium light skin tone | sisters | twins | women | 两个女人 | 中等 浅肤色 | 好朋友 | 情侣 | 手拉手 | 手拉手的两个女人 | 朋友 | 较浅肤色
👩🏻‍🤝‍👩🏽	women holding hands: light skin tone, medium skin tone	手拉手的两个女人: 较浅肤色中等肤色	women holding hands light skin tone, medium skin tone | 手拉手的两个女人 较浅肤色中等肤色 | bae | bestie | bff | couple | dating | flirt | friends | girls | hand | hold | light skin tone | medium skin tone | sisters | twins | women | 两个女人 | 中等肤色 | 好朋友 | 情侣 | 手拉手 | 手拉手的两个女人 | 朋友 | 较浅肤色
👩🏻‍🤝‍👩🏾	women holding hands: light skin tone, medium-dark skin tone	手拉手的两个女人: 较浅肤色中等-深肤色	women holding hands light skin tone, medium dark skin tone | 手拉手的两个女人 较浅肤色中等 深肤色 | bae | bestie | bff | couple | dating | flirt | friends | girls | hand | hold | light skin tone | medium dark skin tone | sisters | twins | women | 两个女人 | 中等 深肤色 | 好朋友 | 情侣 | 手拉手 | 手拉手的两个女人 | 朋友 | 较浅肤色
👩🏻‍🤝‍👩🏿	women holding hands: light skin tone, dark skin tone	手拉手的两个女人: 较浅肤色较深肤色	women holding hands light skin tone, dark skin tone | 手拉手的两个女人 较浅肤色较深肤色 | bae | bestie | bff | couple | dark skin tone | dating | flirt | friends | girls | hand | hold | light skin tone | sisters | twins | women | 两个女人 | 好朋友 | 情侣 | 手拉手 | 手拉手的两个女人 | 朋友 | 较浅肤色 | 较深肤色
👩🏼‍🤝‍👩🏻	women holding hands: medium-light skin tone, light skin tone	手拉手的两个女人: 中等-浅肤色较浅肤色	women holding hands medium light skin tone, light skin tone | 手拉手的两个女人 中等 浅肤色较浅肤色 | bae | bestie | bff | couple | dating | flirt | friends | girls | hand | hold | light skin tone | medium light skin tone | sisters | twins | women | 两个女人 | 中等 浅肤色 | 好朋友 | 情侣 | 手拉手 | 手拉手的两个女人 | 朋友 | 较浅肤色
👭🏼	women holding hands: medium-light skin tone	手拉手的两个女人: 中等-浅肤色	women holding hands medium light skin tone | 手拉手的两个女人 中等 浅肤色 | bae | bestie | bff | couple | dating | flirt | friends | girls | hand | hold | medium light skin tone | sisters | twins | women | 两个女人 | 中等 浅肤色 | 好朋友 | 情侣 | 手拉手 | 手拉手的两个女人 | 朋友
👩🏼‍🤝‍👩🏽	women holding hands: medium-light skin tone, medium skin tone	手拉手的两个女人: 中等-浅肤色中等肤色	women holding hands medium light skin tone, medium skin tone | 手拉手的两个女人 中等 浅肤色中等肤色 | bae | bestie | bff | couple | dating | flirt | friends | girls | hand | hold | medium skin tone | medium light skin tone | sisters | twins | women | 两个女人 | 中等 浅肤色 | 中等肤色 | 好朋友 | 情侣 | 手拉手 | 手拉手的两个女人 | 朋友
👩🏼‍🤝‍👩🏾	women holding hands: medium-light skin tone, medium-dark skin tone	手拉手的两个女人: 中等-浅肤色中等-深肤色	women holding hands medium light skin tone, medium dark skin tone | 手拉手的两个女人 中等 浅肤色中等 深肤色 | bae | bestie | bff | couple | dating | flirt | friends | girls | hand | hold | medium dark skin tone | medium light skin tone | sisters | twins | women | 两个女人 | 中等 浅肤色 | 中等 深肤色 | 好朋友 | 情侣 | 手拉手 | 手拉手的两个女人 | 朋友
👩🏼‍🤝‍👩🏿	women holding hands: medium-light skin tone, dark skin tone	手拉手的两个女人: 中等-浅肤色较深肤色	women holding hands medium light skin tone, dark skin tone | 手拉手的两个女人 中等 浅肤色较深肤色 | bae | bestie | bff | couple | dark skin tone | dating | flirt | friends | girls | hand | hold | medium light skin tone | sisters | twins | women | 两个女人 | 中等 浅肤色 | 好朋友 | 情侣 | 手拉手 | 手拉手的两个女人 | 朋友 | 较深肤色
👩🏽‍🤝‍👩🏻	women holding hands: medium skin tone, light skin tone	手拉手的两个女人: 中等肤色较浅肤色	women holding hands medium skin tone, light skin tone | 手拉手的两个女人 中等肤色较浅肤色 | bae | bestie | bff | couple | dating | flirt | friends | girls | hand | hold | light skin tone | medium skin tone | sisters | twins | women | 两个女人 | 中等肤色 | 好朋友 | 情侣 | 手拉手 | 手拉手的两个女人 | 朋友 | 较浅肤色
👩🏽‍🤝‍👩🏼	women holding hands: medium skin tone, medium-light skin tone	手拉手的两个女人: 中等肤色中等-浅肤色	women holding hands medium skin tone, medium light skin tone | 手拉手的两个女人 中等肤色中等 浅肤色 | bae | bestie | bff | couple | dating | flirt | friends | girls | hand | hold | medium skin tone | medium light skin tone | sisters | twins | women | 两个女人 | 中等 浅肤色 | 中等肤色 | 好朋友 | 情侣 | 手拉手 | 手拉手的两个女人 | 朋友
👭🏽	women holding hands: medium skin tone	手拉手的两个女人: 中等肤色	women holding hands medium skin tone | 手拉手的两个女人 中等肤色 | bae | bestie | bff | couple | dating | flirt | friends | girls | hand | hold | medium skin tone | sisters | twins | women | 两个女人 | 中等肤色 | 好朋友 | 情侣 | 手拉手 | 手拉手的两个女人 | 朋友
👩🏽‍🤝‍👩🏾	women holding hands: medium skin tone, medium-dark skin tone	手拉手的两个女人: 中等肤色中等-深肤色	women holding hands medium skin tone, medium dark skin tone | 手拉手的两个女人 中等肤色中等 深肤色 | bae | bestie | bff | couple | dating | flirt | friends | girls | hand | hold | medium skin tone | medium dark skin tone | sisters | twins | women | 两个女人 | 中等 深肤色 | 中等肤色 | 好朋友 | 情侣 | 手拉手 | 手拉手的两个女人 | 朋友
👩🏽‍🤝‍👩🏿	women holding hands: medium skin tone, dark skin tone	手拉手的两个女人: 中等肤色较深肤色	women holding hands medium skin tone, dark skin tone | 手拉手的两个女人 中等肤色较深肤色 | bae | bestie | bff | couple | dark skin tone | dating | flirt | friends | girls | hand | hold | medium skin tone | sisters | twins | women | 两个女人 | 中等肤色 | 好朋友 | 情侣 | 手拉手 | 手拉手的两个女人 | 朋友 | 较深肤色
👩🏾‍🤝‍👩🏻	women holding hands: medium-dark skin tone, light skin tone	手拉手的两个女人: 中等-深肤色较浅肤色	women holding hands medium dark skin tone, light skin tone | 手拉手的两个女人 中等 深肤色较浅肤色 | bae | bestie | bff | couple | dating | flirt | friends | girls | hand | hold | light skin tone | medium dark skin tone | sisters | twins | women | 两个女人 | 中等 深肤色 | 好朋友 | 情侣 | 手拉手 | 手拉手的两个女人 | 朋友 | 较浅肤色
👩🏾‍🤝‍👩🏼	women holding hands: medium-dark skin tone, medium-light skin tone	手拉手的两个女人: 中等-深肤色中等-浅肤色	women holding hands medium dark skin tone, medium light skin tone | 手拉手的两个女人 中等 深肤色中等 浅肤色 | bae | bestie | bff | couple | dating | flirt | friends | girls | hand | hold | medium dark skin tone | medium light skin tone | sisters | twins | women | 两个女人 | 中等 浅肤色 | 中等 深肤色 | 好朋友 | 情侣 | 手拉手 | 手拉手的两个女人 | 朋友
👩🏾‍🤝‍👩🏽	women holding hands: medium-dark skin tone, medium skin tone	手拉手的两个女人: 中等-深肤色中等肤色	women holding hands medium dark skin tone, medium skin tone | 手拉手的两个女人 中等 深肤色中等肤色 | bae | bestie | bff | couple | dating | flirt | friends | girls | hand | hold | medium skin tone | medium dark skin tone | sisters | twins | women | 两个女人 | 中等 深肤色 | 中等肤色 | 好朋友 | 情侣 | 手拉手 | 手拉手的两个女人 | 朋友
👭🏾	women holding hands: medium-dark skin tone	手拉手的两个女人: 中等-深肤色	women holding hands medium dark skin tone | 手拉手的两个女人 中等 深肤色 | bae | bestie | bff | couple | dating | flirt | friends | girls | hand | hold | medium dark skin tone | sisters | twins | women | 两个女人 | 中等 深肤色 | 好朋友 | 情侣 | 手拉手 | 手拉手的两个女人 | 朋友
👩🏾‍🤝‍👩🏿	women holding hands: medium-dark skin tone, dark skin tone	手拉手的两个女人: 中等-深肤色较深肤色	women holding hands medium dark skin tone, dark skin tone | 手拉手的两个女人 中等 深肤色较深肤色 | bae | bestie | bff | couple | dark skin tone | dating | flirt | friends | girls | hand | hold | medium dark skin tone | sisters | twins | women | 两个女人 | 中等 深肤色 | 好朋友 | 情侣 | 手拉手 | 手拉手的两个女人 | 朋友 | 较深肤色
👩🏿‍🤝‍👩🏻	women holding hands: dark skin tone, light skin tone	手拉手的两个女人: 较深肤色较浅肤色	women holding hands dark skin tone, light skin tone | 手拉手的两个女人 较深肤色较浅肤色 | bae | bestie | bff | couple | dark skin tone | dating | flirt | friends | girls | hand | hold | light skin tone | sisters | twins | women | 两个女人 | 好朋友 | 情侣 | 手拉手 | 手拉手的两个女人 | 朋友 | 较浅肤色 | 较深肤色
👩🏿‍🤝‍👩🏼	women holding hands: dark skin tone, medium-light skin tone	手拉手的两个女人: 较深肤色中等-浅肤色	women holding hands dark skin tone, medium light skin tone | 手拉手的两个女人 较深肤色中等 浅肤色 | bae | bestie | bff | couple | dark skin tone | dating | flirt | friends | girls | hand | hold | medium light skin tone | sisters | twins | women | 两个女人 | 中等 浅肤色 | 好朋友 | 情侣 | 手拉手 | 手拉手的两个女人 | 朋友 | 较深肤色
👩🏿‍🤝‍👩🏽	women holding hands: dark skin tone, medium skin tone	手拉手的两个女人: 较深肤色中等肤色	women holding hands dark skin tone, medium skin tone | 手拉手的两个女人 较深肤色中等肤色 | bae | bestie | bff | couple | dark skin tone | dating | flirt | friends | girls | hand | hold | medium skin tone | sisters | twins | women | 两个女人 | 中等肤色 | 好朋友 | 情侣 | 手拉手 | 手拉手的两个女人 | 朋友 | 较深肤色
👩🏿‍🤝‍👩🏾	women holding hands: dark skin tone, medium-dark skin tone	手拉手的两个女人: 较深肤色中等-深肤色	women holding hands dark skin tone, medium dark skin tone | 手拉手的两个女人 较深肤色中等 深肤色 | bae | bestie | bff | couple | dark skin tone | dating | flirt | friends | girls | hand | hold | medium dark skin tone | sisters | twins | women | 两个女人 | 中等 深肤色 | 好朋友 | 情侣 | 手拉手 | 手拉手的两个女人 | 朋友 | 较深肤色
👭🏿	women holding hands: dark skin tone	手拉手的两个女人: 较深肤色	women holding hands dark skin tone | 手拉手的两个女人 较深肤色 | bae | bestie | bff | couple | dark skin tone | dating | flirt | friends | girls | hand | hold | sisters | twins | women | 两个女人 | 好朋友 | 情侣 | 手拉手 | 手拉手的两个女人 | 朋友 | 较深肤色
👫	woman and man holding hands	手拉手的一男一女	woman and man holding hands | 手拉手的一男一女 | bae | bestie | bff | couple | dating | flirt | friends | hand | hold | man | twins | woman | 一男一女 | 情侣 | 手拉手 | 相恋
👫🏻	woman and man holding hands: light skin tone	手拉手的一男一女: 较浅肤色	woman and man holding hands light skin tone | 手拉手的一男一女 较浅肤色 | bae | bestie | bff | couple | dating | flirt | friends | hand | hold | light skin tone | man | twins | woman | 一男一女 | 情侣 | 手拉手 | 手拉手的一男一女 | 相恋 | 较浅肤色
👩🏻‍🤝‍👨🏼	woman and man holding hands: light skin tone, medium-light skin tone	手拉手的一男一女: 较浅肤色中等-浅肤色	woman and man holding hands light skin tone, medium light skin tone | 手拉手的一男一女 较浅肤色中等 浅肤色 | bae | bestie | bff | couple | dating | flirt | friends | hand | hold | light skin tone | man | medium light skin tone | twins | woman | 一男一女 | 中等 浅肤色 | 情侣 | 手拉手 | 手拉手的一男一女 | 相恋 | 较浅肤色
👩🏻‍🤝‍👨🏽	woman and man holding hands: light skin tone, medium skin tone	手拉手的一男一女: 较浅肤色中等肤色	woman and man holding hands light skin tone, medium skin tone | 手拉手的一男一女 较浅肤色中等肤色 | bae | bestie | bff | couple | dating | flirt | friends | hand | hold | light skin tone | man | medium skin tone | twins | woman | 一男一女 | 中等肤色 | 情侣 | 手拉手 | 手拉手的一男一女 | 相恋 | 较浅肤色
👩🏻‍🤝‍👨🏾	woman and man holding hands: light skin tone, medium-dark skin tone	手拉手的一男一女: 较浅肤色中等-深肤色	woman and man holding hands light skin tone, medium dark skin tone | 手拉手的一男一女 较浅肤色中等 深肤色 | bae | bestie | bff | couple | dating | flirt | friends | hand | hold | light skin tone | man | medium dark skin tone | twins | woman | 一男一女 | 中等 深肤色 | 情侣 | 手拉手 | 手拉手的一男一女 | 相恋 | 较浅肤色
👩🏻‍🤝‍👨🏿	woman and man holding hands: light skin tone, dark skin tone	手拉手的一男一女: 较浅肤色较深肤色	woman and man holding hands light skin tone, dark skin tone | 手拉手的一男一女 较浅肤色较深肤色 | bae | bestie | bff | couple | dark skin tone | dating | flirt | friends | hand | hold | light skin tone | man | twins | woman | 一男一女 | 情侣 | 手拉手 | 手拉手的一男一女 | 相恋 | 较浅肤色 | 较深肤色
👩🏼‍🤝‍👨🏻	woman and man holding hands: medium-light skin tone, light skin tone	手拉手的一男一女: 中等-浅肤色较浅肤色	woman and man holding hands medium light skin tone, light skin tone | 手拉手的一男一女 中等 浅肤色较浅肤色 | bae | bestie | bff | couple | dating | flirt | friends | hand | hold | light skin tone | man | medium light skin tone | twins | woman | 一男一女 | 中等 浅肤色 | 情侣 | 手拉手 | 手拉手的一男一女 | 相恋 | 较浅肤色
👫🏼	woman and man holding hands: medium-light skin tone	手拉手的一男一女: 中等-浅肤色	woman and man holding hands medium light skin tone | 手拉手的一男一女 中等 浅肤色 | bae | bestie | bff | couple | dating | flirt | friends | hand | hold | man | medium light skin tone | twins | woman | 一男一女 | 中等 浅肤色 | 情侣 | 手拉手 | 手拉手的一男一女 | 相恋
👩🏼‍🤝‍👨🏽	woman and man holding hands: medium-light skin tone, medium skin tone	手拉手的一男一女: 中等-浅肤色中等肤色	woman and man holding hands medium light skin tone, medium skin tone | 手拉手的一男一女 中等 浅肤色中等肤色 | bae | bestie | bff | couple | dating | flirt | friends | hand | hold | man | medium skin tone | medium light skin tone | twins | woman | 一男一女 | 中等 浅肤色 | 中等肤色 | 情侣 | 手拉手 | 手拉手的一男一女 | 相恋
👩🏼‍🤝‍👨🏾	woman and man holding hands: medium-light skin tone, medium-dark skin tone	手拉手的一男一女: 中等-浅肤色中等-深肤色	woman and man holding hands medium light skin tone, medium dark skin tone | 手拉手的一男一女 中等 浅肤色中等 深肤色 | bae | bestie | bff | couple | dating | flirt | friends | hand | hold | man | medium dark skin tone | medium light skin tone | twins | woman | 一男一女 | 中等 浅肤色 | 中等 深肤色 | 情侣 | 手拉手 | 手拉手的一男一女 | 相恋
👩🏼‍🤝‍👨🏿	woman and man holding hands: medium-light skin tone, dark skin tone	手拉手的一男一女: 中等-浅肤色较深肤色	woman and man holding hands medium light skin tone, dark skin tone | 手拉手的一男一女 中等 浅肤色较深肤色 | bae | bestie | bff | couple | dark skin tone | dating | flirt | friends | hand | hold | man | medium light skin tone | twins | woman | 一男一女 | 中等 浅肤色 | 情侣 | 手拉手 | 手拉手的一男一女 | 相恋 | 较深肤色
👩🏽‍🤝‍👨🏻	woman and man holding hands: medium skin tone, light skin tone	手拉手的一男一女: 中等肤色较浅肤色	woman and man holding hands medium skin tone, light skin tone | 手拉手的一男一女 中等肤色较浅肤色 | bae | bestie | bff | couple | dating | flirt | friends | hand | hold | light skin tone | man | medium skin tone | twins | woman | 一男一女 | 中等肤色 | 情侣 | 手拉手 | 手拉手的一男一女 | 相恋 | 较浅肤色
👩🏽‍🤝‍👨🏼	woman and man holding hands: medium skin tone, medium-light skin tone	手拉手的一男一女: 中等肤色中等-浅肤色	woman and man holding hands medium skin tone, medium light skin tone | 手拉手的一男一女 中等肤色中等 浅肤色 | bae | bestie | bff | couple | dating | flirt | friends | hand | hold | man | medium skin tone | medium light skin tone | twins | woman | 一男一女 | 中等 浅肤色 | 中等肤色 | 情侣 | 手拉手 | 手拉手的一男一女 | 相恋
👫🏽	woman and man holding hands: medium skin tone	手拉手的一男一女: 中等肤色	woman and man holding hands medium skin tone | 手拉手的一男一女 中等肤色 | bae | bestie | bff | couple | dating | flirt | friends | hand | hold | man | medium skin tone | twins | woman | 一男一女 | 中等肤色 | 情侣 | 手拉手 | 手拉手的一男一女 | 相恋
👩🏽‍🤝‍👨🏾	woman and man holding hands: medium skin tone, medium-dark skin tone	手拉手的一男一女: 中等肤色中等-深肤色	woman and man holding hands medium skin tone, medium dark skin tone | 手拉手的一男一女 中等肤色中等 深肤色 | bae | bestie | bff | couple | dating | flirt | friends | hand | hold | man | medium skin tone | medium dark skin tone | twins | woman | 一男一女 | 中等 深肤色 | 中等肤色 | 情侣 | 手拉手 | 手拉手的一男一女 | 相恋
👩🏽‍🤝‍👨🏿	woman and man holding hands: medium skin tone, dark skin tone	手拉手的一男一女: 中等肤色较深肤色	woman and man holding hands medium skin tone, dark skin tone | 手拉手的一男一女 中等肤色较深肤色 | bae | bestie | bff | couple | dark skin tone | dating | flirt | friends | hand | hold | man | medium skin tone | twins | woman | 一男一女 | 中等肤色 | 情侣 | 手拉手 | 手拉手的一男一女 | 相恋 | 较深肤色
👩🏾‍🤝‍👨🏻	woman and man holding hands: medium-dark skin tone, light skin tone	手拉手的一男一女: 中等-深肤色较浅肤色	woman and man holding hands medium dark skin tone, light skin tone | 手拉手的一男一女 中等 深肤色较浅肤色 | bae | bestie | bff | couple | dating | flirt | friends | hand | hold | light skin tone | man | medium dark skin tone | twins | woman | 一男一女 | 中等 深肤色 | 情侣 | 手拉手 | 手拉手的一男一女 | 相恋 | 较浅肤色
👩🏾‍🤝‍👨🏼	woman and man holding hands: medium-dark skin tone, medium-light skin tone	手拉手的一男一女: 中等-深肤色中等-浅肤色	woman and man holding hands medium dark skin tone, medium light skin tone | 手拉手的一男一女 中等 深肤色中等 浅肤色 | bae | bestie | bff | couple | dating | flirt | friends | hand | hold | man | medium dark skin tone | medium light skin tone | twins | woman | 一男一女 | 中等 浅肤色 | 中等 深肤色 | 情侣 | 手拉手 | 手拉手的一男一女 | 相恋
👩🏾‍🤝‍👨🏽	woman and man holding hands: medium-dark skin tone, medium skin tone	手拉手的一男一女: 中等-深肤色中等肤色	woman and man holding hands medium dark skin tone, medium skin tone | 手拉手的一男一女 中等 深肤色中等肤色 | bae | bestie | bff | couple | dating | flirt | friends | hand | hold | man | medium skin tone | medium dark skin tone | twins | woman | 一男一女 | 中等 深肤色 | 中等肤色 | 情侣 | 手拉手 | 手拉手的一男一女 | 相恋
👫🏾	woman and man holding hands: medium-dark skin tone	手拉手的一男一女: 中等-深肤色	woman and man holding hands medium dark skin tone | 手拉手的一男一女 中等 深肤色 | bae | bestie | bff | couple | dating | flirt | friends | hand | hold | man | medium dark skin tone | twins | woman | 一男一女 | 中等 深肤色 | 情侣 | 手拉手 | 手拉手的一男一女 | 相恋
👩🏾‍🤝‍👨🏿	woman and man holding hands: medium-dark skin tone, dark skin tone	手拉手的一男一女: 中等-深肤色较深肤色	woman and man holding hands medium dark skin tone, dark skin tone | 手拉手的一男一女 中等 深肤色较深肤色 | bae | bestie | bff | couple | dark skin tone | dating | flirt | friends | hand | hold | man | medium dark skin tone | twins | woman | 一男一女 | 中等 深肤色 | 情侣 | 手拉手 | 手拉手的一男一女 | 相恋 | 较深肤色
👩🏿‍🤝‍👨🏻	woman and man holding hands: dark skin tone, light skin tone	手拉手的一男一女: 较深肤色较浅肤色	woman and man holding hands dark skin tone, light skin tone | 手拉手的一男一女 较深肤色较浅肤色 | bae | bestie | bff | couple | dark skin tone | dating | flirt | friends | hand | hold | light skin tone | man | twins | woman | 一男一女 | 情侣 | 手拉手 | 手拉手的一男一女 | 相恋 | 较浅肤色 | 较深肤色
👩🏿‍🤝‍👨🏼	woman and man holding hands: dark skin tone, medium-light skin tone	手拉手的一男一女: 较深肤色中等-浅肤色	woman and man holding hands dark skin tone, medium light skin tone | 手拉手的一男一女 较深肤色中等 浅肤色 | bae | bestie | bff | couple | dark skin tone | dating | flirt | friends | hand | hold | man | medium light skin tone | twins | woman | 一男一女 | 中等 浅肤色 | 情侣 | 手拉手 | 手拉手的一男一女 | 相恋 | 较深肤色
👩🏿‍🤝‍👨🏽	woman and man holding hands: dark skin tone, medium skin tone	手拉手的一男一女: 较深肤色中等肤色	woman and man holding hands dark skin tone, medium skin tone | 手拉手的一男一女 较深肤色中等肤色 | bae | bestie | bff | couple | dark skin tone | dating | flirt | friends | hand | hold | man | medium skin tone | twins | woman | 一男一女 | 中等肤色 | 情侣 | 手拉手 | 手拉手的一男一女 | 相恋 | 较深肤色
👩🏿‍🤝‍👨🏾	woman and man holding hands: dark skin tone, medium-dark skin tone	手拉手的一男一女: 较深肤色中等-深肤色	woman and man holding hands dark skin tone, medium dark skin tone | 手拉手的一男一女 较深肤色中等 深肤色 | bae | bestie | bff | couple | dark skin tone | dating | flirt | friends | hand | hold | man | medium dark skin tone | twins | woman | 一男一女 | 中等 深肤色 | 情侣 | 手拉手 | 手拉手的一男一女 | 相恋 | 较深肤色
👫🏿	woman and man holding hands: dark skin tone	手拉手的一男一女: 较深肤色	woman and man holding hands dark skin tone | 手拉手的一男一女 较深肤色 | bae | bestie | bff | couple | dark skin tone | dating | flirt | friends | hand | hold | man | twins | woman | 一男一女 | 情侣 | 手拉手 | 手拉手的一男一女 | 相恋 | 较深肤色
👬	men holding hands	手拉手的两个男人	men holding hands | 手拉手的两个男人 | bae | bestie | bff | boys | brothers | couple | dating | flirt | friends | hand | hold | men | twins | 两个男人 | 双子座 | 情侣 | 手拉手 | 朋友 | 黄道十二宫
👬🏻	men holding hands: light skin tone	手拉手的两个男人: 较浅肤色	men holding hands light skin tone | 手拉手的两个男人 较浅肤色 | bae | bestie | bff | boys | brothers | couple | dating | flirt | friends | hand | hold | light skin tone | men | twins | 两个男人 | 双子座 | 情侣 | 手拉手 | 手拉手的两个男人 | 朋友 | 较浅肤色 | 黄道十二宫
👨🏻‍🤝‍👨🏼	men holding hands: light skin tone, medium-light skin tone	手拉手的两个男人: 较浅肤色中等-浅肤色	men holding hands light skin tone, medium light skin tone | 手拉手的两个男人 较浅肤色中等 浅肤色 | bae | bestie | bff | boys | brothers | couple | dating | flirt | friends | hand | hold | light skin tone | medium light skin tone | men | twins | 两个男人 | 中等 浅肤色 | 双子座 | 情侣 | 手拉手 | 手拉手的两个男人 | 朋友 | 较浅肤色 | 黄道十二宫
👨🏻‍🤝‍👨🏽	men holding hands: light skin tone, medium skin tone	手拉手的两个男人: 较浅肤色中等肤色	men holding hands light skin tone, medium skin tone | 手拉手的两个男人 较浅肤色中等肤色 | bae | bestie | bff | boys | brothers | couple | dating | flirt | friends | hand | hold | light skin tone | medium skin tone | men | twins | 两个男人 | 中等肤色 | 双子座 | 情侣 | 手拉手 | 手拉手的两个男人 | 朋友 | 较浅肤色 | 黄道十二宫
👨🏻‍🤝‍👨🏾	men holding hands: light skin tone, medium-dark skin tone	手拉手的两个男人: 较浅肤色中等-深肤色	men holding hands light skin tone, medium dark skin tone | 手拉手的两个男人 较浅肤色中等 深肤色 | bae | bestie | bff | boys | brothers | couple | dating | flirt | friends | hand | hold | light skin tone | medium dark skin tone | men | twins | 两个男人 | 中等 深肤色 | 双子座 | 情侣 | 手拉手 | 手拉手的两个男人 | 朋友 | 较浅肤色 | 黄道十二宫
👨🏻‍🤝‍👨🏿	men holding hands: light skin tone, dark skin tone	手拉手的两个男人: 较浅肤色较深肤色	men holding hands light skin tone, dark skin tone | 手拉手的两个男人 较浅肤色较深肤色 | bae | bestie | bff | boys | brothers | couple | dark skin tone | dating | flirt | friends | hand | hold | light skin tone | men | twins | 两个男人 | 双子座 | 情侣 | 手拉手 | 手拉手的两个男人 | 朋友 | 较浅肤色 | 较深肤色 | 黄道十二宫
👨🏼‍🤝‍👨🏻	men holding hands: medium-light skin tone, light skin tone	手拉手的两个男人: 中等-浅肤色较浅肤色	men holding hands medium light skin tone, light skin tone | 手拉手的两个男人 中等 浅肤色较浅肤色 | bae | bestie | bff | boys | brothers | couple | dating | flirt | friends | hand | hold | light skin tone | medium light skin tone | men | twins | 两个男人 | 中等 浅肤色 | 双子座 | 情侣 | 手拉手 | 手拉手的两个男人 | 朋友 | 较浅肤色 | 黄道十二宫
👬🏼	men holding hands: medium-light skin tone	手拉手的两个男人: 中等-浅肤色	men holding hands medium light skin tone | 手拉手的两个男人 中等 浅肤色 | bae | bestie | bff | boys | brothers | couple | dating | flirt | friends | hand | hold | medium light skin tone | men | twins | 两个男人 | 中等 浅肤色 | 双子座 | 情侣 | 手拉手 | 手拉手的两个男人 | 朋友 | 黄道十二宫
👨🏼‍🤝‍👨🏽	men holding hands: medium-light skin tone, medium skin tone	手拉手的两个男人: 中等-浅肤色中等肤色	men holding hands medium light skin tone, medium skin tone | 手拉手的两个男人 中等 浅肤色中等肤色 | bae | bestie | bff | boys | brothers | couple | dating | flirt | friends | hand | hold | medium skin tone | medium light skin tone | men | twins | 两个男人 | 中等 浅肤色 | 中等肤色 | 双子座 | 情侣 | 手拉手 | 手拉手的两个男人 | 朋友 | 黄道十二宫
👨🏼‍🤝‍👨🏾	men holding hands: medium-light skin tone, medium-dark skin tone	手拉手的两个男人: 中等-浅肤色中等-深肤色	men holding hands medium light skin tone, medium dark skin tone | 手拉手的两个男人 中等 浅肤色中等 深肤色 | bae | bestie | bff | boys | brothers | couple | dating | flirt | friends | hand | hold | medium dark skin tone | medium light skin tone | men | twins | 两个男人 | 中等 浅肤色 | 中等 深肤色 | 双子座 | 情侣 | 手拉手 | 手拉手的两个男人 | 朋友 | 黄道十二宫
👨🏼‍🤝‍👨🏿	men holding hands: medium-light skin tone, dark skin tone	手拉手的两个男人: 中等-浅肤色较深肤色	men holding hands medium light skin tone, dark skin tone | 手拉手的两个男人 中等 浅肤色较深肤色 | bae | bestie | bff | boys | brothers | couple | dark skin tone | dating | flirt | friends | hand | hold | medium light skin tone | men | twins | 两个男人 | 中等 浅肤色 | 双子座 | 情侣 | 手拉手 | 手拉手的两个男人 | 朋友 | 较深肤色 | 黄道十二宫
👨🏽‍🤝‍👨🏻	men holding hands: medium skin tone, light skin tone	手拉手的两个男人: 中等肤色较浅肤色	men holding hands medium skin tone, light skin tone | 手拉手的两个男人 中等肤色较浅肤色 | bae | bestie | bff | boys | brothers | couple | dating | flirt | friends | hand | hold | light skin tone | medium skin tone | men | twins | 两个男人 | 中等肤色 | 双子座 | 情侣 | 手拉手 | 手拉手的两个男人 | 朋友 | 较浅肤色 | 黄道十二宫
👨🏽‍🤝‍👨🏼	men holding hands: medium skin tone, medium-light skin tone	手拉手的两个男人: 中等肤色中等-浅肤色	men holding hands medium skin tone, medium light skin tone | 手拉手的两个男人 中等肤色中等 浅肤色 | bae | bestie | bff | boys | brothers | couple | dating | flirt | friends | hand | hold | medium skin tone | medium light skin tone | men | twins | 两个男人 | 中等 浅肤色 | 中等肤色 | 双子座 | 情侣 | 手拉手 | 手拉手的两个男人 | 朋友 | 黄道十二宫
👬🏽	men holding hands: medium skin tone	手拉手的两个男人: 中等肤色	men holding hands medium skin tone | 手拉手的两个男人 中等肤色 | bae | bestie | bff | boys | brothers | couple | dating | flirt | friends | hand | hold | medium skin tone | men | twins | 两个男人 | 中等肤色 | 双子座 | 情侣 | 手拉手 | 手拉手的两个男人 | 朋友 | 黄道十二宫
👨🏽‍🤝‍👨🏾	men holding hands: medium skin tone, medium-dark skin tone	手拉手的两个男人: 中等肤色中等-深肤色	men holding hands medium skin tone, medium dark skin tone | 手拉手的两个男人 中等肤色中等 深肤色 | bae | bestie | bff | boys | brothers | couple | dating | flirt | friends | hand | hold | medium skin tone | medium dark skin tone | men | twins | 两个男人 | 中等 深肤色 | 中等肤色 | 双子座 | 情侣 | 手拉手 | 手拉手的两个男人 | 朋友 | 黄道十二宫
👨🏽‍🤝‍👨🏿	men holding hands: medium skin tone, dark skin tone	手拉手的两个男人: 中等肤色较深肤色	men holding hands medium skin tone, dark skin tone | 手拉手的两个男人 中等肤色较深肤色 | bae | bestie | bff | boys | brothers | couple | dark skin tone | dating | flirt | friends | hand | hold | medium skin tone | men | twins | 两个男人 | 中等肤色 | 双子座 | 情侣 | 手拉手 | 手拉手的两个男人 | 朋友 | 较深肤色 | 黄道十二宫
👨🏾‍🤝‍👨🏻	men holding hands: medium-dark skin tone, light skin tone	手拉手的两个男人: 中等-深肤色较浅肤色	men holding hands medium dark skin tone, light skin tone | 手拉手的两个男人 中等 深肤色较浅肤色 | bae | bestie | bff | boys | brothers | couple | dating | flirt | friends | hand | hold | light skin tone | medium dark skin tone | men | twins | 两个男人 | 中等 深肤色 | 双子座 | 情侣 | 手拉手 | 手拉手的两个男人 | 朋友 | 较浅肤色 | 黄道十二宫
👨🏾‍🤝‍👨🏼	men holding hands: medium-dark skin tone, medium-light skin tone	手拉手的两个男人: 中等-深肤色中等-浅肤色	men holding hands medium dark skin tone, medium light skin tone | 手拉手的两个男人 中等 深肤色中等 浅肤色 | bae | bestie | bff | boys | brothers | couple | dating | flirt | friends | hand | hold | medium dark skin tone | medium light skin tone | men | twins | 两个男人 | 中等 浅肤色 | 中等 深肤色 | 双子座 | 情侣 | 手拉手 | 手拉手的两个男人 | 朋友 | 黄道十二宫
👨🏾‍🤝‍👨🏽	men holding hands: medium-dark skin tone, medium skin tone	手拉手的两个男人: 中等-深肤色中等肤色	men holding hands medium dark skin tone, medium skin tone | 手拉手的两个男人 中等 深肤色中等肤色 | bae | bestie | bff | boys | brothers | couple | dating | flirt | friends | hand | hold | medium skin tone | medium dark skin tone | men | twins | 两个男人 | 中等 深肤色 | 中等肤色 | 双子座 | 情侣 | 手拉手 | 手拉手的两个男人 | 朋友 | 黄道十二宫
👬🏾	men holding hands: medium-dark skin tone	手拉手的两个男人: 中等-深肤色	men holding hands medium dark skin tone | 手拉手的两个男人 中等 深肤色 | bae | bestie | bff | boys | brothers | couple | dating | flirt | friends | hand | hold | medium dark skin tone | men | twins | 两个男人 | 中等 深肤色 | 双子座 | 情侣 | 手拉手 | 手拉手的两个男人 | 朋友 | 黄道十二宫
👨🏾‍🤝‍👨🏿	men holding hands: medium-dark skin tone, dark skin tone	手拉手的两个男人: 中等-深肤色较深肤色	men holding hands medium dark skin tone, dark skin tone | 手拉手的两个男人 中等 深肤色较深肤色 | bae | bestie | bff | boys | brothers | couple | dark skin tone | dating | flirt | friends | hand | hold | medium dark skin tone | men | twins | 两个男人 | 中等 深肤色 | 双子座 | 情侣 | 手拉手 | 手拉手的两个男人 | 朋友 | 较深肤色 | 黄道十二宫
👨🏿‍🤝‍👨🏻	men holding hands: dark skin tone, light skin tone	手拉手的两个男人: 较深肤色较浅肤色	men holding hands dark skin tone, light skin tone | 手拉手的两个男人 较深肤色较浅肤色 | bae | bestie | bff | boys | brothers | couple | dark skin tone | dating | flirt | friends | hand | hold | light skin tone | men | twins | 两个男人 | 双子座 | 情侣 | 手拉手 | 手拉手的两个男人 | 朋友 | 较浅肤色 | 较深肤色 | 黄道十二宫
👨🏿‍🤝‍👨🏼	men holding hands: dark skin tone, medium-light skin tone	手拉手的两个男人: 较深肤色中等-浅肤色	men holding hands dark skin tone, medium light skin tone | 手拉手的两个男人 较深肤色中等 浅肤色 | bae | bestie | bff | boys | brothers | couple | dark skin tone | dating | flirt | friends | hand | hold | medium light skin tone | men | twins | 两个男人 | 中等 浅肤色 | 双子座 | 情侣 | 手拉手 | 手拉手的两个男人 | 朋友 | 较深肤色 | 黄道十二宫
👨🏿‍🤝‍👨🏽	men holding hands: dark skin tone, medium skin tone	手拉手的两个男人: 较深肤色中等肤色	men holding hands dark skin tone, medium skin tone | 手拉手的两个男人 较深肤色中等肤色 | bae | bestie | bff | boys | brothers | couple | dark skin tone | dating | flirt | friends | hand | hold | medium skin tone | men | twins | 两个男人 | 中等肤色 | 双子座 | 情侣 | 手拉手 | 手拉手的两个男人 | 朋友 | 较深肤色 | 黄道十二宫
👨🏿‍🤝‍👨🏾	men holding hands: dark skin tone, medium-dark skin tone	手拉手的两个男人: 较深肤色中等-深肤色	men holding hands dark skin tone, medium dark skin tone | 手拉手的两个男人 较深肤色中等 深肤色 | bae | bestie | bff | boys | brothers | couple | dark skin tone | dating | flirt | friends | hand | hold | medium dark skin tone | men | twins | 两个男人 | 中等 深肤色 | 双子座 | 情侣 | 手拉手 | 手拉手的两个男人 | 朋友 | 较深肤色 | 黄道十二宫
👬🏿	men holding hands: dark skin tone	手拉手的两个男人: 较深肤色	men holding hands dark skin tone | 手拉手的两个男人 较深肤色 | bae | bestie | bff | boys | brothers | couple | dark skin tone | dating | flirt | friends | hand | hold | men | twins | 两个男人 | 双子座 | 情侣 | 手拉手 | 手拉手的两个男人 | 朋友 | 较深肤色 | 黄道十二宫
💏	kiss	亲吻	kiss | 亲吻 | anniversary | babe | bae | couple | date | dating | heart | love | mwah | person | romance | together | xoxo | 宝贝 | 情侣 | 接吻 | 浪漫 | 约会
💏🏻	kiss: light skin tone	亲吻: 较浅肤色	kiss light skin tone | 亲吻 较浅肤色 | anniversary | babe | bae | couple | date | dating | heart | kiss | light skin tone | love | mwah | person | romance | together | xoxo | 亲吻 | 宝贝 | 情侣 | 接吻 | 浪漫 | 约会 | 较浅肤色
💏🏼	kiss: medium-light skin tone	亲吻: 中等-浅肤色	kiss medium light skin tone | 亲吻 中等 浅肤色 | anniversary | babe | bae | couple | date | dating | heart | kiss | love | medium light skin tone | mwah | person | romance | together | xoxo | 中等 浅肤色 | 亲吻 | 宝贝 | 情侣 | 接吻 | 浪漫 | 约会
💏🏽	kiss: medium skin tone	亲吻: 中等肤色	kiss medium skin tone | 亲吻 中等肤色 | anniversary | babe | bae | couple | date | dating | heart | kiss | love | medium skin tone | mwah | person | romance | together | xoxo | 中等肤色 | 亲吻 | 宝贝 | 情侣 | 接吻 | 浪漫 | 约会
💏🏾	kiss: medium-dark skin tone	亲吻: 中等-深肤色	kiss medium dark skin tone | 亲吻 中等 深肤色 | anniversary | babe | bae | couple | date | dating | heart | kiss | love | medium dark skin tone | mwah | person | romance | together | xoxo | 中等 深肤色 | 亲吻 | 宝贝 | 情侣 | 接吻 | 浪漫 | 约会
💏🏿	kiss: dark skin tone	亲吻: 较深肤色	kiss dark skin tone | 亲吻 较深肤色 | anniversary | babe | bae | couple | dark skin tone | date | dating | heart | kiss | love | mwah | person | romance | together | xoxo | 亲吻 | 宝贝 | 情侣 | 接吻 | 浪漫 | 约会 | 较深肤色
🧑🏻‍❤️‍💋‍🧑🏼	kiss: person, person, light skin tone, medium-light skin tone	亲吻: 成人成人较浅肤色中等-浅肤色	kiss person, person, light skin tone, medium light skin tone | 亲吻 成人成人较浅肤色中等 浅肤色 | anniversary | babe | bae | couple | date | dating | heart | kiss | light skin tone | love | medium light skin tone | mwah | person | romance | together | xoxo | 中等 浅肤色 | 亲吻 | 宝贝 | 情侣 | 成人 | 接吻 | 浪漫 | 约会 | 较浅肤色
🧑🏻‍❤️‍💋‍🧑🏽	kiss: person, person, light skin tone, medium skin tone	亲吻: 成人成人较浅肤色中等肤色	kiss person, person, light skin tone, medium skin tone | 亲吻 成人成人较浅肤色中等肤色 | anniversary | babe | bae | couple | date | dating | heart | kiss | light skin tone | love | medium skin tone | mwah | person | romance | together | xoxo | 中等肤色 | 亲吻 | 宝贝 | 情侣 | 成人 | 接吻 | 浪漫 | 约会 | 较浅肤色
🧑🏻‍❤️‍💋‍🧑🏾	kiss: person, person, light skin tone, medium-dark skin tone	亲吻: 成人成人较浅肤色中等-深肤色	kiss person, person, light skin tone, medium dark skin tone | 亲吻 成人成人较浅肤色中等 深肤色 | anniversary | babe | bae | couple | date | dating | heart | kiss | light skin tone | love | medium dark skin tone | mwah | person | romance | together | xoxo | 中等 深肤色 | 亲吻 | 宝贝 | 情侣 | 成人 | 接吻 | 浪漫 | 约会 | 较浅肤色
🧑🏻‍❤️‍💋‍🧑🏿	kiss: person, person, light skin tone, dark skin tone	亲吻: 成人成人较浅肤色较深肤色	kiss person, person, light skin tone, dark skin tone | 亲吻 成人成人较浅肤色较深肤色 | anniversary | babe | bae | couple | dark skin tone | date | dating | heart | kiss | light skin tone | love | mwah | person | romance | together | xoxo | 亲吻 | 宝贝 | 情侣 | 成人 | 接吻 | 浪漫 | 约会 | 较浅肤色 | 较深肤色
🧑🏼‍❤️‍💋‍🧑🏻	kiss: person, person, medium-light skin tone, light skin tone	亲吻: 成人成人中等-浅肤色较浅肤色	kiss person, person, medium light skin tone, light skin tone | 亲吻 成人成人中等 浅肤色较浅肤色 | anniversary | babe | bae | couple | date | dating | heart | kiss | light skin tone | love | medium light skin tone | mwah | person | romance | together | xoxo | 中等 浅肤色 | 亲吻 | 宝贝 | 情侣 | 成人 | 接吻 | 浪漫 | 约会 | 较浅肤色
🧑🏼‍❤️‍💋‍🧑🏽	kiss: person, person, medium-light skin tone, medium skin tone	亲吻: 成人成人中等-浅肤色中等肤色	kiss person, person, medium light skin tone, medium skin tone | 亲吻 成人成人中等 浅肤色中等肤色 | anniversary | babe | bae | couple | date | dating | heart | kiss | love | medium skin tone | medium light skin tone | mwah | person | romance | together | xoxo | 中等 浅肤色 | 中等肤色 | 亲吻 | 宝贝 | 情侣 | 成人 | 接吻 | 浪漫 | 约会
🧑🏼‍❤️‍💋‍🧑🏾	kiss: person, person, medium-light skin tone, medium-dark skin tone	亲吻: 成人成人中等-浅肤色中等-深肤色	kiss person, person, medium light skin tone, medium dark skin tone | 亲吻 成人成人中等 浅肤色中等 深肤色 | anniversary | babe | bae | couple | date | dating | heart | kiss | love | medium dark skin tone | medium light skin tone | mwah | person | romance | together | xoxo | 中等 浅肤色 | 中等 深肤色 | 亲吻 | 宝贝 | 情侣 | 成人 | 接吻 | 浪漫 | 约会
🧑🏼‍❤️‍💋‍🧑🏿	kiss: person, person, medium-light skin tone, dark skin tone	亲吻: 成人成人中等-浅肤色较深肤色	kiss person, person, medium light skin tone, dark skin tone | 亲吻 成人成人中等 浅肤色较深肤色 | anniversary | babe | bae | couple | dark skin tone | date | dating | heart | kiss | love | medium light skin tone | mwah | person | romance | together | xoxo | 中等 浅肤色 | 亲吻 | 宝贝 | 情侣 | 成人 | 接吻 | 浪漫 | 约会 | 较深肤色
🧑🏽‍❤️‍💋‍🧑🏻	kiss: person, person, medium skin tone, light skin tone	亲吻: 成人成人中等肤色较浅肤色	kiss person, person, medium skin tone, light skin tone | 亲吻 成人成人中等肤色较浅肤色 | anniversary | babe | bae | couple | date | dating | heart | kiss | light skin tone | love | medium skin tone | mwah | person | romance | together | xoxo | 中等肤色 | 亲吻 | 宝贝 | 情侣 | 成人 | 接吻 | 浪漫 | 约会 | 较浅肤色
🧑🏽‍❤️‍💋‍🧑🏼	kiss: person, person, medium skin tone, medium-light skin tone	亲吻: 成人成人中等肤色中等-浅肤色	kiss person, person, medium skin tone, medium light skin tone | 亲吻 成人成人中等肤色中等 浅肤色 | anniversary | babe | bae | couple | date | dating | heart | kiss | love | medium skin tone | medium light skin tone | mwah | person | romance | together | xoxo | 中等 浅肤色 | 中等肤色 | 亲吻 | 宝贝 | 情侣 | 成人 | 接吻 | 浪漫 | 约会
🧑🏽‍❤️‍💋‍🧑🏾	kiss: person, person, medium skin tone, medium-dark skin tone	亲吻: 成人成人中等肤色中等-深肤色	kiss person, person, medium skin tone, medium dark skin tone | 亲吻 成人成人中等肤色中等 深肤色 | anniversary | babe | bae | couple | date | dating | heart | kiss | love | medium skin tone | medium dark skin tone | mwah | person | romance | together | xoxo | 中等 深肤色 | 中等肤色 | 亲吻 | 宝贝 | 情侣 | 成人 | 接吻 | 浪漫 | 约会
🧑🏽‍❤️‍💋‍🧑🏿	kiss: person, person, medium skin tone, dark skin tone	亲吻: 成人成人中等肤色较深肤色	kiss person, person, medium skin tone, dark skin tone | 亲吻 成人成人中等肤色较深肤色 | anniversary | babe | bae | couple | dark skin tone | date | dating | heart | kiss | love | medium skin tone | mwah | person | romance | together | xoxo | 中等肤色 | 亲吻 | 宝贝 | 情侣 | 成人 | 接吻 | 浪漫 | 约会 | 较深肤色
🧑🏾‍❤️‍💋‍🧑🏻	kiss: person, person, medium-dark skin tone, light skin tone	亲吻: 成人成人中等-深肤色较浅肤色	kiss person, person, medium dark skin tone, light skin tone | 亲吻 成人成人中等 深肤色较浅肤色 | anniversary | babe | bae | couple | date | dating | heart | kiss | light skin tone | love | medium dark skin tone | mwah | person | romance | together | xoxo | 中等 深肤色 | 亲吻 | 宝贝 | 情侣 | 成人 | 接吻 | 浪漫 | 约会 | 较浅肤色
🧑🏾‍❤️‍💋‍🧑🏼	kiss: person, person, medium-dark skin tone, medium-light skin tone	亲吻: 成人成人中等-深肤色中等-浅肤色	kiss person, person, medium dark skin tone, medium light skin tone | 亲吻 成人成人中等 深肤色中等 浅肤色 | anniversary | babe | bae | couple | date | dating | heart | kiss | love | medium dark skin tone | medium light skin tone | mwah | person | romance | together | xoxo | 中等 浅肤色 | 中等 深肤色 | 亲吻 | 宝贝 | 情侣 | 成人 | 接吻 | 浪漫 | 约会
🧑🏾‍❤️‍💋‍🧑🏽	kiss: person, person, medium-dark skin tone, medium skin tone	亲吻: 成人成人中等-深肤色中等肤色	kiss person, person, medium dark skin tone, medium skin tone | 亲吻 成人成人中等 深肤色中等肤色 | anniversary | babe | bae | couple | date | dating | heart | kiss | love | medium skin tone | medium dark skin tone | mwah | person | romance | together | xoxo | 中等 深肤色 | 中等肤色 | 亲吻 | 宝贝 | 情侣 | 成人 | 接吻 | 浪漫 | 约会
🧑🏾‍❤️‍💋‍🧑🏿	kiss: person, person, medium-dark skin tone, dark skin tone	亲吻: 成人成人中等-深肤色较深肤色	kiss person, person, medium dark skin tone, dark skin tone | 亲吻 成人成人中等 深肤色较深肤色 | anniversary | babe | bae | couple | dark skin tone | date | dating | heart | kiss | love | medium dark skin tone | mwah | person | romance | together | xoxo | 中等 深肤色 | 亲吻 | 宝贝 | 情侣 | 成人 | 接吻 | 浪漫 | 约会 | 较深肤色
🧑🏿‍❤️‍💋‍🧑🏻	kiss: person, person, dark skin tone, light skin tone	亲吻: 成人成人较深肤色较浅肤色	kiss person, person, dark skin tone, light skin tone | 亲吻 成人成人较深肤色较浅肤色 | anniversary | babe | bae | couple | dark skin tone | date | dating | heart | kiss | light skin tone | love | mwah | person | romance | together | xoxo | 亲吻 | 宝贝 | 情侣 | 成人 | 接吻 | 浪漫 | 约会 | 较浅肤色 | 较深肤色
🧑🏿‍❤️‍💋‍🧑🏼	kiss: person, person, dark skin tone, medium-light skin tone	亲吻: 成人成人较深肤色中等-浅肤色	kiss person, person, dark skin tone, medium light skin tone | 亲吻 成人成人较深肤色中等 浅肤色 | anniversary | babe | bae | couple | dark skin tone | date | dating | heart | kiss | love | medium light skin tone | mwah | person | romance | together | xoxo | 中等 浅肤色 | 亲吻 | 宝贝 | 情侣 | 成人 | 接吻 | 浪漫 | 约会 | 较深肤色
🧑🏿‍❤️‍💋‍🧑🏽	kiss: person, person, dark skin tone, medium skin tone	亲吻: 成人成人较深肤色中等肤色	kiss person, person, dark skin tone, medium skin tone | 亲吻 成人成人较深肤色中等肤色 | anniversary | babe | bae | couple | dark skin tone | date | dating | heart | kiss | love | medium skin tone | mwah | person | romance | together | xoxo | 中等肤色 | 亲吻 | 宝贝 | 情侣 | 成人 | 接吻 | 浪漫 | 约会 | 较深肤色
🧑🏿‍❤️‍💋‍🧑🏾	kiss: person, person, dark skin tone, medium-dark skin tone	亲吻: 成人成人较深肤色中等-深肤色	kiss person, person, dark skin tone, medium dark skin tone | 亲吻 成人成人较深肤色中等 深肤色 | anniversary | babe | bae | couple | dark skin tone | date | dating | heart | kiss | love | medium dark skin tone | mwah | person | romance | together | xoxo | 中等 深肤色 | 亲吻 | 宝贝 | 情侣 | 成人 | 接吻 | 浪漫 | 约会 | 较深肤色
👩‍❤️‍💋‍👨	kiss: woman, man	亲吻: 女人男人	kiss woman, man | 亲吻 女人男人 | anniversary | babe | bae | couple | date | dating | heart | kiss | love | man | mwah | person | romance | together | woman | xoxo | 亲吻 | 女人 | 宝贝 | 情侣 | 接吻 | 浪漫 | 男人 | 约会
👩🏻‍❤️‍💋‍👨🏻	kiss: woman, man, light skin tone	亲吻: 女人男人较浅肤色	kiss woman, man, light skin tone | 亲吻 女人男人较浅肤色 | anniversary | babe | bae | couple | date | dating | heart | kiss | light skin tone | love | man | mwah | person | romance | together | woman | xoxo | 亲吻 | 女人 | 宝贝 | 情侣 | 接吻 | 浪漫 | 男人 | 约会 | 较浅肤色
👩🏻‍❤️‍💋‍👨🏼	kiss: woman, man, light skin tone, medium-light skin tone	亲吻: 女人男人较浅肤色中等-浅肤色	kiss woman, man, light skin tone, medium light skin tone | 亲吻 女人男人较浅肤色中等 浅肤色 | anniversary | babe | bae | couple | date | dating | heart | kiss | light skin tone | love | man | medium light skin tone | mwah | person | romance | together | woman | xoxo | 中等 浅肤色 | 亲吻 | 女人 | 宝贝 | 情侣 | 接吻 | 浪漫 | 男人 | 约会 | 较浅肤色
👩🏻‍❤️‍💋‍👨🏽	kiss: woman, man, light skin tone, medium skin tone	亲吻: 女人男人较浅肤色中等肤色	kiss woman, man, light skin tone, medium skin tone | 亲吻 女人男人较浅肤色中等肤色 | anniversary | babe | bae | couple | date | dating | heart | kiss | light skin tone | love | man | medium skin tone | mwah | person | romance | together | woman | xoxo | 中等肤色 | 亲吻 | 女人 | 宝贝 | 情侣 | 接吻 | 浪漫 | 男人 | 约会 | 较浅肤色
👩🏻‍❤️‍💋‍👨🏾	kiss: woman, man, light skin tone, medium-dark skin tone	亲吻: 女人男人较浅肤色中等-深肤色	kiss woman, man, light skin tone, medium dark skin tone | 亲吻 女人男人较浅肤色中等 深肤色 | anniversary | babe | bae | couple | date | dating | heart | kiss | light skin tone | love | man | medium dark skin tone | mwah | person | romance | together | woman | xoxo | 中等 深肤色 | 亲吻 | 女人 | 宝贝 | 情侣 | 接吻 | 浪漫 | 男人 | 约会 | 较浅肤色
👩🏻‍❤️‍💋‍👨🏿	kiss: woman, man, light skin tone, dark skin tone	亲吻: 女人男人较浅肤色较深肤色	kiss woman, man, light skin tone, dark skin tone | 亲吻 女人男人较浅肤色较深肤色 | anniversary | babe | bae | couple | dark skin tone | date | dating | heart | kiss | light skin tone | love | man | mwah | person | romance | together | woman | xoxo | 亲吻 | 女人 | 宝贝 | 情侣 | 接吻 | 浪漫 | 男人 | 约会 | 较浅肤色 | 较深肤色
👩🏼‍❤️‍💋‍👨🏻	kiss: woman, man, medium-light skin tone, light skin tone	亲吻: 女人男人中等-浅肤色较浅肤色	kiss woman, man, medium light skin tone, light skin tone | 亲吻 女人男人中等 浅肤色较浅肤色 | anniversary | babe | bae | couple | date | dating | heart | kiss | light skin tone | love | man | medium light skin tone | mwah | person | romance | together | woman | xoxo | 中等 浅肤色 | 亲吻 | 女人 | 宝贝 | 情侣 | 接吻 | 浪漫 | 男人 | 约会 | 较浅肤色
👩🏼‍❤️‍💋‍👨🏼	kiss: woman, man, medium-light skin tone	亲吻: 女人男人中等-浅肤色	kiss woman, man, medium light skin tone | 亲吻 女人男人中等 浅肤色 | anniversary | babe | bae | couple | date | dating | heart | kiss | love | man | medium light skin tone | mwah | person | romance | together | woman | xoxo | 中等 浅肤色 | 亲吻 | 女人 | 宝贝 | 情侣 | 接吻 | 浪漫 | 男人 | 约会
👩🏼‍❤️‍💋‍👨🏽	kiss: woman, man, medium-light skin tone, medium skin tone	亲吻: 女人男人中等-浅肤色中等肤色	kiss woman, man, medium light skin tone, medium skin tone | 亲吻 女人男人中等 浅肤色中等肤色 | anniversary | babe | bae | couple | date | dating | heart | kiss | love | man | medium skin tone | medium light skin tone | mwah | person | romance | together | woman | xoxo | 中等 浅肤色 | 中等肤色 | 亲吻 | 女人 | 宝贝 | 情侣 | 接吻 | 浪漫 | 男人 | 约会
👩🏼‍❤️‍💋‍👨🏾	kiss: woman, man, medium-light skin tone, medium-dark skin tone	亲吻: 女人男人中等-浅肤色中等-深肤色	kiss woman, man, medium light skin tone, medium dark skin tone | 亲吻 女人男人中等 浅肤色中等 深肤色 | anniversary | babe | bae | couple | date | dating | heart | kiss | love | man | medium dark skin tone | medium light skin tone | mwah | person | romance | together | woman | xoxo | 中等 浅肤色 | 中等 深肤色 | 亲吻 | 女人 | 宝贝 | 情侣 | 接吻 | 浪漫 | 男人 | 约会
👩🏼‍❤️‍💋‍👨🏿	kiss: woman, man, medium-light skin tone, dark skin tone	亲吻: 女人男人中等-浅肤色较深肤色	kiss woman, man, medium light skin tone, dark skin tone | 亲吻 女人男人中等 浅肤色较深肤色 | anniversary | babe | bae | couple | dark skin tone | date | dating | heart | kiss | love | man | medium light skin tone | mwah | person | romance | together | woman | xoxo | 中等 浅肤色 | 亲吻 | 女人 | 宝贝 | 情侣 | 接吻 | 浪漫 | 男人 | 约会 | 较深肤色
👩🏽‍❤️‍💋‍👨🏻	kiss: woman, man, medium skin tone, light skin tone	亲吻: 女人男人中等肤色较浅肤色	kiss woman, man, medium skin tone, light skin tone | 亲吻 女人男人中等肤色较浅肤色 | anniversary | babe | bae | couple | date | dating | heart | kiss | light skin tone | love | man | medium skin tone | mwah | person | romance | together | woman | xoxo | 中等肤色 | 亲吻 | 女人 | 宝贝 | 情侣 | 接吻 | 浪漫 | 男人 | 约会 | 较浅肤色
👩🏽‍❤️‍💋‍👨🏼	kiss: woman, man, medium skin tone, medium-light skin tone	亲吻: 女人男人中等肤色中等-浅肤色	kiss woman, man, medium skin tone, medium light skin tone | 亲吻 女人男人中等肤色中等 浅肤色 | anniversary | babe | bae | couple | date | dating | heart | kiss | love | man | medium skin tone | medium light skin tone | mwah | person | romance | together | woman | xoxo | 中等 浅肤色 | 中等肤色 | 亲吻 | 女人 | 宝贝 | 情侣 | 接吻 | 浪漫 | 男人 | 约会
👩🏽‍❤️‍💋‍👨🏽	kiss: woman, man, medium skin tone	亲吻: 女人男人中等肤色	kiss woman, man, medium skin tone | 亲吻 女人男人中等肤色 | anniversary | babe | bae | couple | date | dating | heart | kiss | love | man | medium skin tone | mwah | person | romance | together | woman | xoxo | 中等肤色 | 亲吻 | 女人 | 宝贝 | 情侣 | 接吻 | 浪漫 | 男人 | 约会
👩🏽‍❤️‍💋‍👨🏾	kiss: woman, man, medium skin tone, medium-dark skin tone	亲吻: 女人男人中等肤色中等-深肤色	kiss woman, man, medium skin tone, medium dark skin tone | 亲吻 女人男人中等肤色中等 深肤色 | anniversary | babe | bae | couple | date | dating | heart | kiss | love | man | medium skin tone | medium dark skin tone | mwah | person | romance | together | woman | xoxo | 中等 深肤色 | 中等肤色 | 亲吻 | 女人 | 宝贝 | 情侣 | 接吻 | 浪漫 | 男人 | 约会
👩🏽‍❤️‍💋‍👨🏿	kiss: woman, man, medium skin tone, dark skin tone	亲吻: 女人男人中等肤色较深肤色	kiss woman, man, medium skin tone, dark skin tone | 亲吻 女人男人中等肤色较深肤色 | anniversary | babe | bae | couple | dark skin tone | date | dating | heart | kiss | love | man | medium skin tone | mwah | person | romance | together | woman | xoxo | 中等肤色 | 亲吻 | 女人 | 宝贝 | 情侣 | 接吻 | 浪漫 | 男人 | 约会 | 较深肤色
👩🏾‍❤️‍💋‍👨🏻	kiss: woman, man, medium-dark skin tone, light skin tone	亲吻: 女人男人中等-深肤色较浅肤色	kiss woman, man, medium dark skin tone, light skin tone | 亲吻 女人男人中等 深肤色较浅肤色 | anniversary | babe | bae | couple | date | dating | heart | kiss | light skin tone | love | man | medium dark skin tone | mwah | person | romance | together | woman | xoxo | 中等 深肤色 | 亲吻 | 女人 | 宝贝 | 情侣 | 接吻 | 浪漫 | 男人 | 约会 | 较浅肤色
👩🏾‍❤️‍💋‍👨🏼	kiss: woman, man, medium-dark skin tone, medium-light skin tone	亲吻: 女人男人中等-深肤色中等-浅肤色	kiss woman, man, medium dark skin tone, medium light skin tone | 亲吻 女人男人中等 深肤色中等 浅肤色 | anniversary | babe | bae | couple | date | dating | heart | kiss | love | man | medium dark skin tone | medium light skin tone | mwah | person | romance | together | woman | xoxo | 中等 浅肤色 | 中等 深肤色 | 亲吻 | 女人 | 宝贝 | 情侣 | 接吻 | 浪漫 | 男人 | 约会
👩🏾‍❤️‍💋‍👨🏽	kiss: woman, man, medium-dark skin tone, medium skin tone	亲吻: 女人男人中等-深肤色中等肤色	kiss woman, man, medium dark skin tone, medium skin tone | 亲吻 女人男人中等 深肤色中等肤色 | anniversary | babe | bae | couple | date | dating | heart | kiss | love | man | medium skin tone | medium dark skin tone | mwah | person | romance | together | woman | xoxo | 中等 深肤色 | 中等肤色 | 亲吻 | 女人 | 宝贝 | 情侣 | 接吻 | 浪漫 | 男人 | 约会
👩🏾‍❤️‍💋‍👨🏾	kiss: woman, man, medium-dark skin tone	亲吻: 女人男人中等-深肤色	kiss woman, man, medium dark skin tone | 亲吻 女人男人中等 深肤色 | anniversary | babe | bae | couple | date | dating | heart | kiss | love | man | medium dark skin tone | mwah | person | romance | together | woman | xoxo | 中等 深肤色 | 亲吻 | 女人 | 宝贝 | 情侣 | 接吻 | 浪漫 | 男人 | 约会
👩🏾‍❤️‍💋‍👨🏿	kiss: woman, man, medium-dark skin tone, dark skin tone	亲吻: 女人男人中等-深肤色较深肤色	kiss woman, man, medium dark skin tone, dark skin tone | 亲吻 女人男人中等 深肤色较深肤色 | anniversary | babe | bae | couple | dark skin tone | date | dating | heart | kiss | love | man | medium dark skin tone | mwah | person | romance | together | woman | xoxo | 中等 深肤色 | 亲吻 | 女人 | 宝贝 | 情侣 | 接吻 | 浪漫 | 男人 | 约会 | 较深肤色
👩🏿‍❤️‍💋‍👨🏻	kiss: woman, man, dark skin tone, light skin tone	亲吻: 女人男人较深肤色较浅肤色	kiss woman, man, dark skin tone, light skin tone | 亲吻 女人男人较深肤色较浅肤色 | anniversary | babe | bae | couple | dark skin tone | date | dating | heart | kiss | light skin tone | love | man | mwah | person | romance | together | woman | xoxo | 亲吻 | 女人 | 宝贝 | 情侣 | 接吻 | 浪漫 | 男人 | 约会 | 较浅肤色 | 较深肤色
👩🏿‍❤️‍💋‍👨🏼	kiss: woman, man, dark skin tone, medium-light skin tone	亲吻: 女人男人较深肤色中等-浅肤色	kiss woman, man, dark skin tone, medium light skin tone | 亲吻 女人男人较深肤色中等 浅肤色 | anniversary | babe | bae | couple | dark skin tone | date | dating | heart | kiss | love | man | medium light skin tone | mwah | person | romance | together | woman | xoxo | 中等 浅肤色 | 亲吻 | 女人 | 宝贝 | 情侣 | 接吻 | 浪漫 | 男人 | 约会 | 较深肤色
👩🏿‍❤️‍💋‍👨🏽	kiss: woman, man, dark skin tone, medium skin tone	亲吻: 女人男人较深肤色中等肤色	kiss woman, man, dark skin tone, medium skin tone | 亲吻 女人男人较深肤色中等肤色 | anniversary | babe | bae | couple | dark skin tone | date | dating | heart | kiss | love | man | medium skin tone | mwah | person | romance | together | woman | xoxo | 中等肤色 | 亲吻 | 女人 | 宝贝 | 情侣 | 接吻 | 浪漫 | 男人 | 约会 | 较深肤色
👩🏿‍❤️‍💋‍👨🏾	kiss: woman, man, dark skin tone, medium-dark skin tone	亲吻: 女人男人较深肤色中等-深肤色	kiss woman, man, dark skin tone, medium dark skin tone | 亲吻 女人男人较深肤色中等 深肤色 | anniversary | babe | bae | couple | dark skin tone | date | dating | heart | kiss | love | man | medium dark skin tone | mwah | person | romance | together | woman | xoxo | 中等 深肤色 | 亲吻 | 女人 | 宝贝 | 情侣 | 接吻 | 浪漫 | 男人 | 约会 | 较深肤色
👩🏿‍❤️‍💋‍👨🏿	kiss: woman, man, dark skin tone	亲吻: 女人男人较深肤色	kiss woman, man, dark skin tone | 亲吻 女人男人较深肤色 | anniversary | babe | bae | couple | dark skin tone | date | dating | heart | kiss | love | man | mwah | person | romance | together | woman | xoxo | 亲吻 | 女人 | 宝贝 | 情侣 | 接吻 | 浪漫 | 男人 | 约会 | 较深肤色
👨‍❤️‍💋‍👨	kiss: man, man	亲吻: 男人男人	kiss man, man | 亲吻 男人男人 | anniversary | babe | bae | couple | date | dating | heart | kiss | love | man | mwah | person | romance | together | xoxo | 亲吻 | 宝贝 | 情侣 | 接吻 | 浪漫 | 男人 | 约会
👨🏻‍❤️‍💋‍👨🏻	kiss: man, man, light skin tone	亲吻: 男人男人较浅肤色	kiss man, man, light skin tone | 亲吻 男人男人较浅肤色 | anniversary | babe | bae | couple | date | dating | heart | kiss | light skin tone | love | man | mwah | person | romance | together | xoxo | 亲吻 | 宝贝 | 情侣 | 接吻 | 浪漫 | 男人 | 约会 | 较浅肤色
👨🏻‍❤️‍💋‍👨🏼	kiss: man, man, light skin tone, medium-light skin tone	亲吻: 男人男人较浅肤色中等-浅肤色	kiss man, man, light skin tone, medium light skin tone | 亲吻 男人男人较浅肤色中等 浅肤色 | anniversary | babe | bae | couple | date | dating | heart | kiss | light skin tone | love | man | medium light skin tone | mwah | person | romance | together | xoxo | 中等 浅肤色 | 亲吻 | 宝贝 | 情侣 | 接吻 | 浪漫 | 男人 | 约会 | 较浅肤色
👨🏻‍❤️‍💋‍👨🏽	kiss: man, man, light skin tone, medium skin tone	亲吻: 男人男人较浅肤色中等肤色	kiss man, man, light skin tone, medium skin tone | 亲吻 男人男人较浅肤色中等肤色 | anniversary | babe | bae | couple | date | dating | heart | kiss | light skin tone | love | man | medium skin tone | mwah | person | romance | together | xoxo | 中等肤色 | 亲吻 | 宝贝 | 情侣 | 接吻 | 浪漫 | 男人 | 约会 | 较浅肤色
👨🏻‍❤️‍💋‍👨🏾	kiss: man, man, light skin tone, medium-dark skin tone	亲吻: 男人男人较浅肤色中等-深肤色	kiss man, man, light skin tone, medium dark skin tone | 亲吻 男人男人较浅肤色中等 深肤色 | anniversary | babe | bae | couple | date | dating | heart | kiss | light skin tone | love | man | medium dark skin tone | mwah | person | romance | together | xoxo | 中等 深肤色 | 亲吻 | 宝贝 | 情侣 | 接吻 | 浪漫 | 男人 | 约会 | 较浅肤色
👨🏻‍❤️‍💋‍👨🏿	kiss: man, man, light skin tone, dark skin tone	亲吻: 男人男人较浅肤色较深肤色	kiss man, man, light skin tone, dark skin tone | 亲吻 男人男人较浅肤色较深肤色 | anniversary | babe | bae | couple | dark skin tone | date | dating | heart | kiss | light skin tone | love | man | mwah | person | romance | together | xoxo | 亲吻 | 宝贝 | 情侣 | 接吻 | 浪漫 | 男人 | 约会 | 较浅肤色 | 较深肤色
👨🏼‍❤️‍💋‍👨🏻	kiss: man, man, medium-light skin tone, light skin tone	亲吻: 男人男人中等-浅肤色较浅肤色	kiss man, man, medium light skin tone, light skin tone | 亲吻 男人男人中等 浅肤色较浅肤色 | anniversary | babe | bae | couple | date | dating | heart | kiss | light skin tone | love | man | medium light skin tone | mwah | person | romance | together | xoxo | 中等 浅肤色 | 亲吻 | 宝贝 | 情侣 | 接吻 | 浪漫 | 男人 | 约会 | 较浅肤色
👨🏼‍❤️‍💋‍👨🏼	kiss: man, man, medium-light skin tone	亲吻: 男人男人中等-浅肤色	kiss man, man, medium light skin tone | 亲吻 男人男人中等 浅肤色 | anniversary | babe | bae | couple | date | dating | heart | kiss | love | man | medium light skin tone | mwah | person | romance | together | xoxo | 中等 浅肤色 | 亲吻 | 宝贝 | 情侣 | 接吻 | 浪漫 | 男人 | 约会
👨🏼‍❤️‍💋‍👨🏽	kiss: man, man, medium-light skin tone, medium skin tone	亲吻: 男人男人中等-浅肤色中等肤色	kiss man, man, medium light skin tone, medium skin tone | 亲吻 男人男人中等 浅肤色中等肤色 | anniversary | babe | bae | couple | date | dating | heart | kiss | love | man | medium skin tone | medium light skin tone | mwah | person | romance | together | xoxo | 中等 浅肤色 | 中等肤色 | 亲吻 | 宝贝 | 情侣 | 接吻 | 浪漫 | 男人 | 约会
👨🏼‍❤️‍💋‍👨🏾	kiss: man, man, medium-light skin tone, medium-dark skin tone	亲吻: 男人男人中等-浅肤色中等-深肤色	kiss man, man, medium light skin tone, medium dark skin tone | 亲吻 男人男人中等 浅肤色中等 深肤色 | anniversary | babe | bae | couple | date | dating | heart | kiss | love | man | medium dark skin tone | medium light skin tone | mwah | person | romance | together | xoxo | 中等 浅肤色 | 中等 深肤色 | 亲吻 | 宝贝 | 情侣 | 接吻 | 浪漫 | 男人 | 约会
👨🏼‍❤️‍💋‍👨🏿	kiss: man, man, medium-light skin tone, dark skin tone	亲吻: 男人男人中等-浅肤色较深肤色	kiss man, man, medium light skin tone, dark skin tone | 亲吻 男人男人中等 浅肤色较深肤色 | anniversary | babe | bae | couple | dark skin tone | date | dating | heart | kiss | love | man | medium light skin tone | mwah | person | romance | together | xoxo | 中等 浅肤色 | 亲吻 | 宝贝 | 情侣 | 接吻 | 浪漫 | 男人 | 约会 | 较深肤色
👨🏽‍❤️‍💋‍👨🏻	kiss: man, man, medium skin tone, light skin tone	亲吻: 男人男人中等肤色较浅肤色	kiss man, man, medium skin tone, light skin tone | 亲吻 男人男人中等肤色较浅肤色 | anniversary | babe | bae | couple | date | dating | heart | kiss | light skin tone | love | man | medium skin tone | mwah | person | romance | together | xoxo | 中等肤色 | 亲吻 | 宝贝 | 情侣 | 接吻 | 浪漫 | 男人 | 约会 | 较浅肤色
👨🏽‍❤️‍💋‍👨🏼	kiss: man, man, medium skin tone, medium-light skin tone	亲吻: 男人男人中等肤色中等-浅肤色	kiss man, man, medium skin tone, medium light skin tone | 亲吻 男人男人中等肤色中等 浅肤色 | anniversary | babe | bae | couple | date | dating | heart | kiss | love | man | medium skin tone | medium light skin tone | mwah | person | romance | together | xoxo | 中等 浅肤色 | 中等肤色 | 亲吻 | 宝贝 | 情侣 | 接吻 | 浪漫 | 男人 | 约会
👨🏽‍❤️‍💋‍👨🏽	kiss: man, man, medium skin tone	亲吻: 男人男人中等肤色	kiss man, man, medium skin tone | 亲吻 男人男人中等肤色 | anniversary | babe | bae | couple | date | dating | heart | kiss | love | man | medium skin tone | mwah | person | romance | together | xoxo | 中等肤色 | 亲吻 | 宝贝 | 情侣 | 接吻 | 浪漫 | 男人 | 约会
👨🏽‍❤️‍💋‍👨🏾	kiss: man, man, medium skin tone, medium-dark skin tone	亲吻: 男人男人中等肤色中等-深肤色	kiss man, man, medium skin tone, medium dark skin tone | 亲吻 男人男人中等肤色中等 深肤色 | anniversary | babe | bae | couple | date | dating | heart | kiss | love | man | medium skin tone | medium dark skin tone | mwah | person | romance | together | xoxo | 中等 深肤色 | 中等肤色 | 亲吻 | 宝贝 | 情侣 | 接吻 | 浪漫 | 男人 | 约会
👨🏽‍❤️‍💋‍👨🏿	kiss: man, man, medium skin tone, dark skin tone	亲吻: 男人男人中等肤色较深肤色	kiss man, man, medium skin tone, dark skin tone | 亲吻 男人男人中等肤色较深肤色 | anniversary | babe | bae | couple | dark skin tone | date | dating | heart | kiss | love | man | medium skin tone | mwah | person | romance | together | xoxo | 中等肤色 | 亲吻 | 宝贝 | 情侣 | 接吻 | 浪漫 | 男人 | 约会 | 较深肤色
👨🏾‍❤️‍💋‍👨🏻	kiss: man, man, medium-dark skin tone, light skin tone	亲吻: 男人男人中等-深肤色较浅肤色	kiss man, man, medium dark skin tone, light skin tone | 亲吻 男人男人中等 深肤色较浅肤色 | anniversary | babe | bae | couple | date | dating | heart | kiss | light skin tone | love | man | medium dark skin tone | mwah | person | romance | together | xoxo | 中等 深肤色 | 亲吻 | 宝贝 | 情侣 | 接吻 | 浪漫 | 男人 | 约会 | 较浅肤色
👨🏾‍❤️‍💋‍👨🏼	kiss: man, man, medium-dark skin tone, medium-light skin tone	亲吻: 男人男人中等-深肤色中等-浅肤色	kiss man, man, medium dark skin tone, medium light skin tone | 亲吻 男人男人中等 深肤色中等 浅肤色 | anniversary | babe | bae | couple | date | dating | heart | kiss | love | man | medium dark skin tone | medium light skin tone | mwah | person | romance | together | xoxo | 中等 浅肤色 | 中等 深肤色 | 亲吻 | 宝贝 | 情侣 | 接吻 | 浪漫 | 男人 | 约会
👨🏾‍❤️‍💋‍👨🏽	kiss: man, man, medium-dark skin tone, medium skin tone	亲吻: 男人男人中等-深肤色中等肤色	kiss man, man, medium dark skin tone, medium skin tone | 亲吻 男人男人中等 深肤色中等肤色 | anniversary | babe | bae | couple | date | dating | heart | kiss | love | man | medium skin tone | medium dark skin tone | mwah | person | romance | together | xoxo | 中等 深肤色 | 中等肤色 | 亲吻 | 宝贝 | 情侣 | 接吻 | 浪漫 | 男人 | 约会
👨🏾‍❤️‍💋‍👨🏾	kiss: man, man, medium-dark skin tone	亲吻: 男人男人中等-深肤色	kiss man, man, medium dark skin tone | 亲吻 男人男人中等 深肤色 | anniversary | babe | bae | couple | date | dating | heart | kiss | love | man | medium dark skin tone | mwah | person | romance | together | xoxo | 中等 深肤色 | 亲吻 | 宝贝 | 情侣 | 接吻 | 浪漫 | 男人 | 约会
👨🏾‍❤️‍💋‍👨🏿	kiss: man, man, medium-dark skin tone, dark skin tone	亲吻: 男人男人中等-深肤色较深肤色	kiss man, man, medium dark skin tone, dark skin tone | 亲吻 男人男人中等 深肤色较深肤色 | anniversary | babe | bae | couple | dark skin tone | date | dating | heart | kiss | love | man | medium dark skin tone | mwah | person | romance | together | xoxo | 中等 深肤色 | 亲吻 | 宝贝 | 情侣 | 接吻 | 浪漫 | 男人 | 约会 | 较深肤色
👨🏿‍❤️‍💋‍👨🏻	kiss: man, man, dark skin tone, light skin tone	亲吻: 男人男人较深肤色较浅肤色	kiss man, man, dark skin tone, light skin tone | 亲吻 男人男人较深肤色较浅肤色 | anniversary | babe | bae | couple | dark skin tone | date | dating | heart | kiss | light skin tone | love | man | mwah | person | romance | together | xoxo | 亲吻 | 宝贝 | 情侣 | 接吻 | 浪漫 | 男人 | 约会 | 较浅肤色 | 较深肤色
👨🏿‍❤️‍💋‍👨🏼	kiss: man, man, dark skin tone, medium-light skin tone	亲吻: 男人男人较深肤色中等-浅肤色	kiss man, man, dark skin tone, medium light skin tone | 亲吻 男人男人较深肤色中等 浅肤色 | anniversary | babe | bae | couple | dark skin tone | date | dating | heart | kiss | love | man | medium light skin tone | mwah | person | romance | together | xoxo | 中等 浅肤色 | 亲吻 | 宝贝 | 情侣 | 接吻 | 浪漫 | 男人 | 约会 | 较深肤色
👨🏿‍❤️‍💋‍👨🏽	kiss: man, man, dark skin tone, medium skin tone	亲吻: 男人男人较深肤色中等肤色	kiss man, man, dark skin tone, medium skin tone | 亲吻 男人男人较深肤色中等肤色 | anniversary | babe | bae | couple | dark skin tone | date | dating | heart | kiss | love | man | medium skin tone | mwah | person | romance | together | xoxo | 中等肤色 | 亲吻 | 宝贝 | 情侣 | 接吻 | 浪漫 | 男人 | 约会 | 较深肤色
👨🏿‍❤️‍💋‍👨🏾	kiss: man, man, dark skin tone, medium-dark skin tone	亲吻: 男人男人较深肤色中等-深肤色	kiss man, man, dark skin tone, medium dark skin tone | 亲吻 男人男人较深肤色中等 深肤色 | anniversary | babe | bae | couple | dark skin tone | date | dating | heart | kiss | love | man | medium dark skin tone | mwah | person | romance | together | xoxo | 中等 深肤色 | 亲吻 | 宝贝 | 情侣 | 接吻 | 浪漫 | 男人 | 约会 | 较深肤色
👨🏿‍❤️‍💋‍👨🏿	kiss: man, man, dark skin tone	亲吻: 男人男人较深肤色	kiss man, man, dark skin tone | 亲吻 男人男人较深肤色 | anniversary | babe | bae | couple | dark skin tone | date | dating | heart | kiss | love | man | mwah | person | romance | together | xoxo | 亲吻 | 宝贝 | 情侣 | 接吻 | 浪漫 | 男人 | 约会 | 较深肤色
👩‍❤️‍💋‍👩	kiss: woman, woman	亲吻: 女人女人	kiss woman, woman | 亲吻 女人女人 | anniversary | babe | bae | couple | date | dating | heart | kiss | love | mwah | person | romance | together | woman | xoxo | 亲吻 | 女人 | 宝贝 | 情侣 | 接吻 | 浪漫 | 约会
👩🏻‍❤️‍💋‍👩🏻	kiss: woman, woman, light skin tone	亲吻: 女人女人较浅肤色	kiss woman, woman, light skin tone | 亲吻 女人女人较浅肤色 | anniversary | babe | bae | couple | date | dating | heart | kiss | light skin tone | love | mwah | person | romance | together | woman | xoxo | 亲吻 | 女人 | 宝贝 | 情侣 | 接吻 | 浪漫 | 约会 | 较浅肤色
👩🏻‍❤️‍💋‍👩🏼	kiss: woman, woman, light skin tone, medium-light skin tone	亲吻: 女人女人较浅肤色中等-浅肤色	kiss woman, woman, light skin tone, medium light skin tone | 亲吻 女人女人较浅肤色中等 浅肤色 | anniversary | babe | bae | couple | date | dating | heart | kiss | light skin tone | love | medium light skin tone | mwah | person | romance | together | woman | xoxo | 中等 浅肤色 | 亲吻 | 女人 | 宝贝 | 情侣 | 接吻 | 浪漫 | 约会 | 较浅肤色
👩🏻‍❤️‍💋‍👩🏽	kiss: woman, woman, light skin tone, medium skin tone	亲吻: 女人女人较浅肤色中等肤色	kiss woman, woman, light skin tone, medium skin tone | 亲吻 女人女人较浅肤色中等肤色 | anniversary | babe | bae | couple | date | dating | heart | kiss | light skin tone | love | medium skin tone | mwah | person | romance | together | woman | xoxo | 中等肤色 | 亲吻 | 女人 | 宝贝 | 情侣 | 接吻 | 浪漫 | 约会 | 较浅肤色
👩🏻‍❤️‍💋‍👩🏾	kiss: woman, woman, light skin tone, medium-dark skin tone	亲吻: 女人女人较浅肤色中等-深肤色	kiss woman, woman, light skin tone, medium dark skin tone | 亲吻 女人女人较浅肤色中等 深肤色 | anniversary | babe | bae | couple | date | dating | heart | kiss | light skin tone | love | medium dark skin tone | mwah | person | romance | together | woman | xoxo | 中等 深肤色 | 亲吻 | 女人 | 宝贝 | 情侣 | 接吻 | 浪漫 | 约会 | 较浅肤色
👩🏻‍❤️‍💋‍👩🏿	kiss: woman, woman, light skin tone, dark skin tone	亲吻: 女人女人较浅肤色较深肤色	kiss woman, woman, light skin tone, dark skin tone | 亲吻 女人女人较浅肤色较深肤色 | anniversary | babe | bae | couple | dark skin tone | date | dating | heart | kiss | light skin tone | love | mwah | person | romance | together | woman | xoxo | 亲吻 | 女人 | 宝贝 | 情侣 | 接吻 | 浪漫 | 约会 | 较浅肤色 | 较深肤色
👩🏼‍❤️‍💋‍👩🏻	kiss: woman, woman, medium-light skin tone, light skin tone	亲吻: 女人女人中等-浅肤色较浅肤色	kiss woman, woman, medium light skin tone, light skin tone | 亲吻 女人女人中等 浅肤色较浅肤色 | anniversary | babe | bae | couple | date | dating | heart | kiss | light skin tone | love | medium light skin tone | mwah | person | romance | together | woman | xoxo | 中等 浅肤色 | 亲吻 | 女人 | 宝贝 | 情侣 | 接吻 | 浪漫 | 约会 | 较浅肤色
👩🏼‍❤️‍💋‍👩🏼	kiss: woman, woman, medium-light skin tone	亲吻: 女人女人中等-浅肤色	kiss woman, woman, medium light skin tone | 亲吻 女人女人中等 浅肤色 | anniversary | babe | bae | couple | date | dating | heart | kiss | love | medium light skin tone | mwah | person | romance | together | woman | xoxo | 中等 浅肤色 | 亲吻 | 女人 | 宝贝 | 情侣 | 接吻 | 浪漫 | 约会
👩🏼‍❤️‍💋‍👩🏽	kiss: woman, woman, medium-light skin tone, medium skin tone	亲吻: 女人女人中等-浅肤色中等肤色	kiss woman, woman, medium light skin tone, medium skin tone | 亲吻 女人女人中等 浅肤色中等肤色 | anniversary | babe | bae | couple | date | dating | heart | kiss | love | medium skin tone | medium light skin tone | mwah | person | romance | together | woman | xoxo | 中等 浅肤色 | 中等肤色 | 亲吻 | 女人 | 宝贝 | 情侣 | 接吻 | 浪漫 | 约会
👩🏼‍❤️‍💋‍👩🏾	kiss: woman, woman, medium-light skin tone, medium-dark skin tone	亲吻: 女人女人中等-浅肤色中等-深肤色	kiss woman, woman, medium light skin tone, medium dark skin tone | 亲吻 女人女人中等 浅肤色中等 深肤色 | anniversary | babe | bae | couple | date | dating | heart | kiss | love | medium dark skin tone | medium light skin tone | mwah | person | romance | together | woman | xoxo | 中等 浅肤色 | 中等 深肤色 | 亲吻 | 女人 | 宝贝 | 情侣 | 接吻 | 浪漫 | 约会
👩🏼‍❤️‍💋‍👩🏿	kiss: woman, woman, medium-light skin tone, dark skin tone	亲吻: 女人女人中等-浅肤色较深肤色	kiss woman, woman, medium light skin tone, dark skin tone | 亲吻 女人女人中等 浅肤色较深肤色 | anniversary | babe | bae | couple | dark skin tone | date | dating | heart | kiss | love | medium light skin tone | mwah | person | romance | together | woman | xoxo | 中等 浅肤色 | 亲吻 | 女人 | 宝贝 | 情侣 | 接吻 | 浪漫 | 约会 | 较深肤色
👩🏽‍❤️‍💋‍👩🏻	kiss: woman, woman, medium skin tone, light skin tone	亲吻: 女人女人中等肤色较浅肤色	kiss woman, woman, medium skin tone, light skin tone | 亲吻 女人女人中等肤色较浅肤色 | anniversary | babe | bae | couple | date | dating | heart | kiss | light skin tone | love | medium skin tone | mwah | person | romance | together | woman | xoxo | 中等肤色 | 亲吻 | 女人 | 宝贝 | 情侣 | 接吻 | 浪漫 | 约会 | 较浅肤色
👩🏽‍❤️‍💋‍👩🏼	kiss: woman, woman, medium skin tone, medium-light skin tone	亲吻: 女人女人中等肤色中等-浅肤色	kiss woman, woman, medium skin tone, medium light skin tone | 亲吻 女人女人中等肤色中等 浅肤色 | anniversary | babe | bae | couple | date | dating | heart | kiss | love | medium skin tone | medium light skin tone | mwah | person | romance | together | woman | xoxo | 中等 浅肤色 | 中等肤色 | 亲吻 | 女人 | 宝贝 | 情侣 | 接吻 | 浪漫 | 约会
👩🏽‍❤️‍💋‍👩🏽	kiss: woman, woman, medium skin tone	亲吻: 女人女人中等肤色	kiss woman, woman, medium skin tone | 亲吻 女人女人中等肤色 | anniversary | babe | bae | couple | date | dating | heart | kiss | love | medium skin tone | mwah | person | romance | together | woman | xoxo | 中等肤色 | 亲吻 | 女人 | 宝贝 | 情侣 | 接吻 | 浪漫 | 约会
👩🏽‍❤️‍💋‍👩🏾	kiss: woman, woman, medium skin tone, medium-dark skin tone	亲吻: 女人女人中等肤色中等-深肤色	kiss woman, woman, medium skin tone, medium dark skin tone | 亲吻 女人女人中等肤色中等 深肤色 | anniversary | babe | bae | couple | date | dating | heart | kiss | love | medium skin tone | medium dark skin tone | mwah | person | romance | together | woman | xoxo | 中等 深肤色 | 中等肤色 | 亲吻 | 女人 | 宝贝 | 情侣 | 接吻 | 浪漫 | 约会
👩🏽‍❤️‍💋‍👩🏿	kiss: woman, woman, medium skin tone, dark skin tone	亲吻: 女人女人中等肤色较深肤色	kiss woman, woman, medium skin tone, dark skin tone | 亲吻 女人女人中等肤色较深肤色 | anniversary | babe | bae | couple | dark skin tone | date | dating | heart | kiss | love | medium skin tone | mwah | person | romance | together | woman | xoxo | 中等肤色 | 亲吻 | 女人 | 宝贝 | 情侣 | 接吻 | 浪漫 | 约会 | 较深肤色
👩🏾‍❤️‍💋‍👩🏻	kiss: woman, woman, medium-dark skin tone, light skin tone	亲吻: 女人女人中等-深肤色较浅肤色	kiss woman, woman, medium dark skin tone, light skin tone | 亲吻 女人女人中等 深肤色较浅肤色 | anniversary | babe | bae | couple | date | dating | heart | kiss | light skin tone | love | medium dark skin tone | mwah | person | romance | together | woman | xoxo | 中等 深肤色 | 亲吻 | 女人 | 宝贝 | 情侣 | 接吻 | 浪漫 | 约会 | 较浅肤色
👩🏾‍❤️‍💋‍👩🏼	kiss: woman, woman, medium-dark skin tone, medium-light skin tone	亲吻: 女人女人中等-深肤色中等-浅肤色	kiss woman, woman, medium dark skin tone, medium light skin tone | 亲吻 女人女人中等 深肤色中等 浅肤色 | anniversary | babe | bae | couple | date | dating | heart | kiss | love | medium dark skin tone | medium light skin tone | mwah | person | romance | together | woman | xoxo | 中等 浅肤色 | 中等 深肤色 | 亲吻 | 女人 | 宝贝 | 情侣 | 接吻 | 浪漫 | 约会
👩🏾‍❤️‍💋‍👩🏽	kiss: woman, woman, medium-dark skin tone, medium skin tone	亲吻: 女人女人中等-深肤色中等肤色	kiss woman, woman, medium dark skin tone, medium skin tone | 亲吻 女人女人中等 深肤色中等肤色 | anniversary | babe | bae | couple | date | dating | heart | kiss | love | medium skin tone | medium dark skin tone | mwah | person | romance | together | woman | xoxo | 中等 深肤色 | 中等肤色 | 亲吻 | 女人 | 宝贝 | 情侣 | 接吻 | 浪漫 | 约会
👩🏾‍❤️‍💋‍👩🏾	kiss: woman, woman, medium-dark skin tone	亲吻: 女人女人中等-深肤色	kiss woman, woman, medium dark skin tone | 亲吻 女人女人中等 深肤色 | anniversary | babe | bae | couple | date | dating | heart | kiss | love | medium dark skin tone | mwah | person | romance | together | woman | xoxo | 中等 深肤色 | 亲吻 | 女人 | 宝贝 | 情侣 | 接吻 | 浪漫 | 约会
👩🏾‍❤️‍💋‍👩🏿	kiss: woman, woman, medium-dark skin tone, dark skin tone	亲吻: 女人女人中等-深肤色较深肤色	kiss woman, woman, medium dark skin tone, dark skin tone | 亲吻 女人女人中等 深肤色较深肤色 | anniversary | babe | bae | couple | dark skin tone | date | dating | heart | kiss | love | medium dark skin tone | mwah | person | romance | together | woman | xoxo | 中等 深肤色 | 亲吻 | 女人 | 宝贝 | 情侣 | 接吻 | 浪漫 | 约会 | 较深肤色
👩🏿‍❤️‍💋‍👩🏻	kiss: woman, woman, dark skin tone, light skin tone	亲吻: 女人女人较深肤色较浅肤色	kiss woman, woman, dark skin tone, light skin tone | 亲吻 女人女人较深肤色较浅肤色 | anniversary | babe | bae | couple | dark skin tone | date | dating | heart | kiss | light skin tone | love | mwah | person | romance | together | woman | xoxo | 亲吻 | 女人 | 宝贝 | 情侣 | 接吻 | 浪漫 | 约会 | 较浅肤色 | 较深肤色
👩🏿‍❤️‍💋‍👩🏼	kiss: woman, woman, dark skin tone, medium-light skin tone	亲吻: 女人女人较深肤色中等-浅肤色	kiss woman, woman, dark skin tone, medium light skin tone | 亲吻 女人女人较深肤色中等 浅肤色 | anniversary | babe | bae | couple | dark skin tone | date | dating | heart | kiss | love | medium light skin tone | mwah | person | romance | together | woman | xoxo | 中等 浅肤色 | 亲吻 | 女人 | 宝贝 | 情侣 | 接吻 | 浪漫 | 约会 | 较深肤色
👩🏿‍❤️‍💋‍👩🏽	kiss: woman, woman, dark skin tone, medium skin tone	亲吻: 女人女人较深肤色中等肤色	kiss woman, woman, dark skin tone, medium skin tone | 亲吻 女人女人较深肤色中等肤色 | anniversary | babe | bae | couple | dark skin tone | date | dating | heart | kiss | love | medium skin tone | mwah | person | romance | together | woman | xoxo | 中等肤色 | 亲吻 | 女人 | 宝贝 | 情侣 | 接吻 | 浪漫 | 约会 | 较深肤色
👩🏿‍❤️‍💋‍👩🏾	kiss: woman, woman, dark skin tone, medium-dark skin tone	亲吻: 女人女人较深肤色中等-深肤色	kiss woman, woman, dark skin tone, medium dark skin tone | 亲吻 女人女人较深肤色中等 深肤色 | anniversary | babe | bae | couple | dark skin tone | date | dating | heart | kiss | love | medium dark skin tone | mwah | person | romance | together | woman | xoxo | 中等 深肤色 | 亲吻 | 女人 | 宝贝 | 情侣 | 接吻 | 浪漫 | 约会 | 较深肤色
👩🏿‍❤️‍💋‍👩🏿	kiss: woman, woman, dark skin tone	亲吻: 女人女人较深肤色	kiss woman, woman, dark skin tone | 亲吻 女人女人较深肤色 | anniversary | babe | bae | couple | dark skin tone | date | dating | heart | kiss | love | mwah | person | romance | together | woman | xoxo | 亲吻 | 女人 | 宝贝 | 情侣 | 接吻 | 浪漫 | 约会 | 较深肤色
💑	couple with heart	情侣	couple with heart | 情侣 | anniversary | babe | bae | couple | dating | heart | kiss | love | person | relationship | romance | together | you | 恋爱 | 浪漫 | 红心 | 约会
💑🏻	couple with heart: light skin tone	情侣: 较浅肤色	couple with heart light skin tone | 情侣 较浅肤色 | anniversary | babe | bae | couple | dating | heart | kiss | light skin tone | love | person | relationship | romance | together | you | 恋爱 | 情侣 | 浪漫 | 红心 | 约会 | 较浅肤色
💑🏼	couple with heart: medium-light skin tone	情侣: 中等-浅肤色	couple with heart medium light skin tone | 情侣 中等 浅肤色 | anniversary | babe | bae | couple | dating | heart | kiss | love | medium light skin tone | person | relationship | romance | together | you | 中等 浅肤色 | 恋爱 | 情侣 | 浪漫 | 红心 | 约会
💑🏽	couple with heart: medium skin tone	情侣: 中等肤色	couple with heart medium skin tone | 情侣 中等肤色 | anniversary | babe | bae | couple | dating | heart | kiss | love | medium skin tone | person | relationship | romance | together | you | 中等肤色 | 恋爱 | 情侣 | 浪漫 | 红心 | 约会
💑🏾	couple with heart: medium-dark skin tone	情侣: 中等-深肤色	couple with heart medium dark skin tone | 情侣 中等 深肤色 | anniversary | babe | bae | couple | dating | heart | kiss | love | medium dark skin tone | person | relationship | romance | together | you | 中等 深肤色 | 恋爱 | 情侣 | 浪漫 | 红心 | 约会
💑🏿	couple with heart: dark skin tone	情侣: 较深肤色	couple with heart dark skin tone | 情侣 较深肤色 | anniversary | babe | bae | couple | dark skin tone | dating | heart | kiss | love | person | relationship | romance | together | you | 恋爱 | 情侣 | 浪漫 | 红心 | 约会 | 较深肤色
🧑🏻‍❤️‍🧑🏼	couple with heart: person, person, light skin tone, medium-light skin tone	情侣: 成人成人较浅肤色中等-浅肤色	couple with heart person, person, light skin tone, medium light skin tone | 情侣 成人成人较浅肤色中等 浅肤色 | anniversary | babe | bae | couple | dating | heart | kiss | light skin tone | love | medium light skin tone | person | relationship | romance | together | you | 中等 浅肤色 | 恋爱 | 情侣 | 成人 | 浪漫 | 红心 | 约会 | 较浅肤色
🧑🏻‍❤️‍🧑🏽	couple with heart: person, person, light skin tone, medium skin tone	情侣: 成人成人较浅肤色中等肤色	couple with heart person, person, light skin tone, medium skin tone | 情侣 成人成人较浅肤色中等肤色 | anniversary | babe | bae | couple | dating | heart | kiss | light skin tone | love | medium skin tone | person | relationship | romance | together | you | 中等肤色 | 恋爱 | 情侣 | 成人 | 浪漫 | 红心 | 约会 | 较浅肤色
🧑🏻‍❤️‍🧑🏾	couple with heart: person, person, light skin tone, medium-dark skin tone	情侣: 成人成人较浅肤色中等-深肤色	couple with heart person, person, light skin tone, medium dark skin tone | 情侣 成人成人较浅肤色中等 深肤色 | anniversary | babe | bae | couple | dating | heart | kiss | light skin tone | love | medium dark skin tone | person | relationship | romance | together | you | 中等 深肤色 | 恋爱 | 情侣 | 成人 | 浪漫 | 红心 | 约会 | 较浅肤色
🧑🏻‍❤️‍🧑🏿	couple with heart: person, person, light skin tone, dark skin tone	情侣: 成人成人较浅肤色较深肤色	couple with heart person, person, light skin tone, dark skin tone | 情侣 成人成人较浅肤色较深肤色 | anniversary | babe | bae | couple | dark skin tone | dating | heart | kiss | light skin tone | love | person | relationship | romance | together | you | 恋爱 | 情侣 | 成人 | 浪漫 | 红心 | 约会 | 较浅肤色 | 较深肤色
🧑🏼‍❤️‍🧑🏻	couple with heart: person, person, medium-light skin tone, light skin tone	情侣: 成人成人中等-浅肤色较浅肤色	couple with heart person, person, medium light skin tone, light skin tone | 情侣 成人成人中等 浅肤色较浅肤色 | anniversary | babe | bae | couple | dating | heart | kiss | light skin tone | love | medium light skin tone | person | relationship | romance | together | you | 中等 浅肤色 | 恋爱 | 情侣 | 成人 | 浪漫 | 红心 | 约会 | 较浅肤色
🧑🏼‍❤️‍🧑🏽	couple with heart: person, person, medium-light skin tone, medium skin tone	情侣: 成人成人中等-浅肤色中等肤色	couple with heart person, person, medium light skin tone, medium skin tone | 情侣 成人成人中等 浅肤色中等肤色 | anniversary | babe | bae | couple | dating | heart | kiss | love | medium skin tone | medium light skin tone | person | relationship | romance | together | you | 中等 浅肤色 | 中等肤色 | 恋爱 | 情侣 | 成人 | 浪漫 | 红心 | 约会
🧑🏼‍❤️‍🧑🏾	couple with heart: person, person, medium-light skin tone, medium-dark skin tone	情侣: 成人成人中等-浅肤色中等-深肤色	couple with heart person, person, medium light skin tone, medium dark skin tone | 情侣 成人成人中等 浅肤色中等 深肤色 | anniversary | babe | bae | couple | dating | heart | kiss | love | medium dark skin tone | medium light skin tone | person | relationship | romance | together | you | 中等 浅肤色 | 中等 深肤色 | 恋爱 | 情侣 | 成人 | 浪漫 | 红心 | 约会
🧑🏼‍❤️‍🧑🏿	couple with heart: person, person, medium-light skin tone, dark skin tone	情侣: 成人成人中等-浅肤色较深肤色	couple with heart person, person, medium light skin tone, dark skin tone | 情侣 成人成人中等 浅肤色较深肤色 | anniversary | babe | bae | couple | dark skin tone | dating | heart | kiss | love | medium light skin tone | person | relationship | romance | together | you | 中等 浅肤色 | 恋爱 | 情侣 | 成人 | 浪漫 | 红心 | 约会 | 较深肤色
🧑🏽‍❤️‍🧑🏻	couple with heart: person, person, medium skin tone, light skin tone	情侣: 成人成人中等肤色较浅肤色	couple with heart person, person, medium skin tone, light skin tone | 情侣 成人成人中等肤色较浅肤色 | anniversary | babe | bae | couple | dating | heart | kiss | light skin tone | love | medium skin tone | person | relationship | romance | together | you | 中等肤色 | 恋爱 | 情侣 | 成人 | 浪漫 | 红心 | 约会 | 较浅肤色
🧑🏽‍❤️‍🧑🏼	couple with heart: person, person, medium skin tone, medium-light skin tone	情侣: 成人成人中等肤色中等-浅肤色	couple with heart person, person, medium skin tone, medium light skin tone | 情侣 成人成人中等肤色中等 浅肤色 | anniversary | babe | bae | couple | dating | heart | kiss | love | medium skin tone | medium light skin tone | person | relationship | romance | together | you | 中等 浅肤色 | 中等肤色 | 恋爱 | 情侣 | 成人 | 浪漫 | 红心 | 约会
🧑🏽‍❤️‍🧑🏾	couple with heart: person, person, medium skin tone, medium-dark skin tone	情侣: 成人成人中等肤色中等-深肤色	couple with heart person, person, medium skin tone, medium dark skin tone | 情侣 成人成人中等肤色中等 深肤色 | anniversary | babe | bae | couple | dating | heart | kiss | love | medium skin tone | medium dark skin tone | person | relationship | romance | together | you | 中等 深肤色 | 中等肤色 | 恋爱 | 情侣 | 成人 | 浪漫 | 红心 | 约会
🧑🏽‍❤️‍🧑🏿	couple with heart: person, person, medium skin tone, dark skin tone	情侣: 成人成人中等肤色较深肤色	couple with heart person, person, medium skin tone, dark skin tone | 情侣 成人成人中等肤色较深肤色 | anniversary | babe | bae | couple | dark skin tone | dating | heart | kiss | love | medium skin tone | person | relationship | romance | together | you | 中等肤色 | 恋爱 | 情侣 | 成人 | 浪漫 | 红心 | 约会 | 较深肤色
🧑🏾‍❤️‍🧑🏻	couple with heart: person, person, medium-dark skin tone, light skin tone	情侣: 成人成人中等-深肤色较浅肤色	couple with heart person, person, medium dark skin tone, light skin tone | 情侣 成人成人中等 深肤色较浅肤色 | anniversary | babe | bae | couple | dating | heart | kiss | light skin tone | love | medium dark skin tone | person | relationship | romance | together | you | 中等 深肤色 | 恋爱 | 情侣 | 成人 | 浪漫 | 红心 | 约会 | 较浅肤色
🧑🏾‍❤️‍🧑🏼	couple with heart: person, person, medium-dark skin tone, medium-light skin tone	情侣: 成人成人中等-深肤色中等-浅肤色	couple with heart person, person, medium dark skin tone, medium light skin tone | 情侣 成人成人中等 深肤色中等 浅肤色 | anniversary | babe | bae | couple | dating | heart | kiss | love | medium dark skin tone | medium light skin tone | person | relationship | romance | together | you | 中等 浅肤色 | 中等 深肤色 | 恋爱 | 情侣 | 成人 | 浪漫 | 红心 | 约会
🧑🏾‍❤️‍🧑🏽	couple with heart: person, person, medium-dark skin tone, medium skin tone	情侣: 成人成人中等-深肤色中等肤色	couple with heart person, person, medium dark skin tone, medium skin tone | 情侣 成人成人中等 深肤色中等肤色 | anniversary | babe | bae | couple | dating | heart | kiss | love | medium skin tone | medium dark skin tone | person | relationship | romance | together | you | 中等 深肤色 | 中等肤色 | 恋爱 | 情侣 | 成人 | 浪漫 | 红心 | 约会
🧑🏾‍❤️‍🧑🏿	couple with heart: person, person, medium-dark skin tone, dark skin tone	情侣: 成人成人中等-深肤色较深肤色	couple with heart person, person, medium dark skin tone, dark skin tone | 情侣 成人成人中等 深肤色较深肤色 | anniversary | babe | bae | couple | dark skin tone | dating | heart | kiss | love | medium dark skin tone | person | relationship | romance | together | you | 中等 深肤色 | 恋爱 | 情侣 | 成人 | 浪漫 | 红心 | 约会 | 较深肤色
🧑🏿‍❤️‍🧑🏻	couple with heart: person, person, dark skin tone, light skin tone	情侣: 成人成人较深肤色较浅肤色	couple with heart person, person, dark skin tone, light skin tone | 情侣 成人成人较深肤色较浅肤色 | anniversary | babe | bae | couple | dark skin tone | dating | heart | kiss | light skin tone | love | person | relationship | romance | together | you | 恋爱 | 情侣 | 成人 | 浪漫 | 红心 | 约会 | 较浅肤色 | 较深肤色
🧑🏿‍❤️‍🧑🏼	couple with heart: person, person, dark skin tone, medium-light skin tone	情侣: 成人成人较深肤色中等-浅肤色	couple with heart person, person, dark skin tone, medium light skin tone | 情侣 成人成人较深肤色中等 浅肤色 | anniversary | babe | bae | couple | dark skin tone | dating | heart | kiss | love | medium light skin tone | person | relationship | romance | together | you | 中等 浅肤色 | 恋爱 | 情侣 | 成人 | 浪漫 | 红心 | 约会 | 较深肤色
🧑🏿‍❤️‍🧑🏽	couple with heart: person, person, dark skin tone, medium skin tone	情侣: 成人成人较深肤色中等肤色	couple with heart person, person, dark skin tone, medium skin tone | 情侣 成人成人较深肤色中等肤色 | anniversary | babe | bae | couple | dark skin tone | dating | heart | kiss | love | medium skin tone | person | relationship | romance | together | you | 中等肤色 | 恋爱 | 情侣 | 成人 | 浪漫 | 红心 | 约会 | 较深肤色
🧑🏿‍❤️‍🧑🏾	couple with heart: person, person, dark skin tone, medium-dark skin tone	情侣: 成人成人较深肤色中等-深肤色	couple with heart person, person, dark skin tone, medium dark skin tone | 情侣 成人成人较深肤色中等 深肤色 | anniversary | babe | bae | couple | dark skin tone | dating | heart | kiss | love | medium dark skin tone | person | relationship | romance | together | you | 中等 深肤色 | 恋爱 | 情侣 | 成人 | 浪漫 | 红心 | 约会 | 较深肤色
👩‍❤️‍👨	couple with heart: woman, man	情侣: 女人男人	couple with heart woman, man | 情侣 女人男人 | anniversary | babe | bae | couple | dating | heart | kiss | love | man | person | relationship | romance | together | woman | you | 女人 | 恋爱 | 情侣 | 浪漫 | 男人 | 红心 | 约会
👩🏻‍❤️‍👨🏻	couple with heart: woman, man, light skin tone	情侣: 女人男人较浅肤色	couple with heart woman, man, light skin tone | 情侣 女人男人较浅肤色 | anniversary | babe | bae | couple | dating | heart | kiss | light skin tone | love | man | person | relationship | romance | together | woman | you | 女人 | 恋爱 | 情侣 | 浪漫 | 男人 | 红心 | 约会 | 较浅肤色
👩🏻‍❤️‍👨🏼	couple with heart: woman, man, light skin tone, medium-light skin tone	情侣: 女人男人较浅肤色中等-浅肤色	couple with heart woman, man, light skin tone, medium light skin tone | 情侣 女人男人较浅肤色中等 浅肤色 | anniversary | babe | bae | couple | dating | heart | kiss | light skin tone | love | man | medium light skin tone | person | relationship | romance | together | woman | you | 中等 浅肤色 | 女人 | 恋爱 | 情侣 | 浪漫 | 男人 | 红心 | 约会 | 较浅肤色
👩🏻‍❤️‍👨🏽	couple with heart: woman, man, light skin tone, medium skin tone	情侣: 女人男人较浅肤色中等肤色	couple with heart woman, man, light skin tone, medium skin tone | 情侣 女人男人较浅肤色中等肤色 | anniversary | babe | bae | couple | dating | heart | kiss | light skin tone | love | man | medium skin tone | person | relationship | romance | together | woman | you | 中等肤色 | 女人 | 恋爱 | 情侣 | 浪漫 | 男人 | 红心 | 约会 | 较浅肤色
👩🏻‍❤️‍👨🏾	couple with heart: woman, man, light skin tone, medium-dark skin tone	情侣: 女人男人较浅肤色中等-深肤色	couple with heart woman, man, light skin tone, medium dark skin tone | 情侣 女人男人较浅肤色中等 深肤色 | anniversary | babe | bae | couple | dating | heart | kiss | light skin tone | love | man | medium dark skin tone | person | relationship | romance | together | woman | you | 中等 深肤色 | 女人 | 恋爱 | 情侣 | 浪漫 | 男人 | 红心 | 约会 | 较浅肤色
👩🏻‍❤️‍👨🏿	couple with heart: woman, man, light skin tone, dark skin tone	情侣: 女人男人较浅肤色较深肤色	couple with heart woman, man, light skin tone, dark skin tone | 情侣 女人男人较浅肤色较深肤色 | anniversary | babe | bae | couple | dark skin tone | dating | heart | kiss | light skin tone | love | man | person | relationship | romance | together | woman | you | 女人 | 恋爱 | 情侣 | 浪漫 | 男人 | 红心 | 约会 | 较浅肤色 | 较深肤色
👩🏼‍❤️‍👨🏻	couple with heart: woman, man, medium-light skin tone, light skin tone	情侣: 女人男人中等-浅肤色较浅肤色	couple with heart woman, man, medium light skin tone, light skin tone | 情侣 女人男人中等 浅肤色较浅肤色 | anniversary | babe | bae | couple | dating | heart | kiss | light skin tone | love | man | medium light skin tone | person | relationship | romance | together | woman | you | 中等 浅肤色 | 女人 | 恋爱 | 情侣 | 浪漫 | 男人 | 红心 | 约会 | 较浅肤色
👩🏼‍❤️‍👨🏼	couple with heart: woman, man, medium-light skin tone	情侣: 女人男人中等-浅肤色	couple with heart woman, man, medium light skin tone | 情侣 女人男人中等 浅肤色 | anniversary | babe | bae | couple | dating | heart | kiss | love | man | medium light skin tone | person | relationship | romance | together | woman | you | 中等 浅肤色 | 女人 | 恋爱 | 情侣 | 浪漫 | 男人 | 红心 | 约会
👩🏼‍❤️‍👨🏽	couple with heart: woman, man, medium-light skin tone, medium skin tone	情侣: 女人男人中等-浅肤色中等肤色	couple with heart woman, man, medium light skin tone, medium skin tone | 情侣 女人男人中等 浅肤色中等肤色 | anniversary | babe | bae | couple | dating | heart | kiss | love | man | medium skin tone | medium light skin tone | person | relationship | romance | together | woman | you | 中等 浅肤色 | 中等肤色 | 女人 | 恋爱 | 情侣 | 浪漫 | 男人 | 红心 | 约会
👩🏼‍❤️‍👨🏾	couple with heart: woman, man, medium-light skin tone, medium-dark skin tone	情侣: 女人男人中等-浅肤色中等-深肤色	couple with heart woman, man, medium light skin tone, medium dark skin tone | 情侣 女人男人中等 浅肤色中等 深肤色 | anniversary | babe | bae | couple | dating | heart | kiss | love | man | medium dark skin tone | medium light skin tone | person | relationship | romance | together | woman | you | 中等 浅肤色 | 中等 深肤色 | 女人 | 恋爱 | 情侣 | 浪漫 | 男人 | 红心 | 约会
👩🏼‍❤️‍👨🏿	couple with heart: woman, man, medium-light skin tone, dark skin tone	情侣: 女人男人中等-浅肤色较深肤色	couple with heart woman, man, medium light skin tone, dark skin tone | 情侣 女人男人中等 浅肤色较深肤色 | anniversary | babe | bae | couple | dark skin tone | dating | heart | kiss | love | man | medium light skin tone | person | relationship | romance | together | woman | you | 中等 浅肤色 | 女人 | 恋爱 | 情侣 | 浪漫 | 男人 | 红心 | 约会 | 较深肤色
👩🏽‍❤️‍👨🏻	couple with heart: woman, man, medium skin tone, light skin tone	情侣: 女人男人中等肤色较浅肤色	couple with heart woman, man, medium skin tone, light skin tone | 情侣 女人男人中等肤色较浅肤色 | anniversary | babe | bae | couple | dating | heart | kiss | light skin tone | love | man | medium skin tone | person | relationship | romance | together | woman | you | 中等肤色 | 女人 | 恋爱 | 情侣 | 浪漫 | 男人 | 红心 | 约会 | 较浅肤色
👩🏽‍❤️‍👨🏼	couple with heart: woman, man, medium skin tone, medium-light skin tone	情侣: 女人男人中等肤色中等-浅肤色	couple with heart woman, man, medium skin tone, medium light skin tone | 情侣 女人男人中等肤色中等 浅肤色 | anniversary | babe | bae | couple | dating | heart | kiss | love | man | medium skin tone | medium light skin tone | person | relationship | romance | together | woman | you | 中等 浅肤色 | 中等肤色 | 女人 | 恋爱 | 情侣 | 浪漫 | 男人 | 红心 | 约会
👩🏽‍❤️‍👨🏽	couple with heart: woman, man, medium skin tone	情侣: 女人男人中等肤色	couple with heart woman, man, medium skin tone | 情侣 女人男人中等肤色 | anniversary | babe | bae | couple | dating | heart | kiss | love | man | medium skin tone | person | relationship | romance | together | woman | you | 中等肤色 | 女人 | 恋爱 | 情侣 | 浪漫 | 男人 | 红心 | 约会
👩🏽‍❤️‍👨🏾	couple with heart: woman, man, medium skin tone, medium-dark skin tone	情侣: 女人男人中等肤色中等-深肤色	couple with heart woman, man, medium skin tone, medium dark skin tone | 情侣 女人男人中等肤色中等 深肤色 | anniversary | babe | bae | couple | dating | heart | kiss | love | man | medium skin tone | medium dark skin tone | person | relationship | romance | together | woman | you | 中等 深肤色 | 中等肤色 | 女人 | 恋爱 | 情侣 | 浪漫 | 男人 | 红心 | 约会
👩🏽‍❤️‍👨🏿	couple with heart: woman, man, medium skin tone, dark skin tone	情侣: 女人男人中等肤色较深肤色	couple with heart woman, man, medium skin tone, dark skin tone | 情侣 女人男人中等肤色较深肤色 | anniversary | babe | bae | couple | dark skin tone | dating | heart | kiss | love | man | medium skin tone | person | relationship | romance | together | woman | you | 中等肤色 | 女人 | 恋爱 | 情侣 | 浪漫 | 男人 | 红心 | 约会 | 较深肤色
👩🏾‍❤️‍👨🏻	couple with heart: woman, man, medium-dark skin tone, light skin tone	情侣: 女人男人中等-深肤色较浅肤色	couple with heart woman, man, medium dark skin tone, light skin tone | 情侣 女人男人中等 深肤色较浅肤色 | anniversary | babe | bae | couple | dating | heart | kiss | light skin tone | love | man | medium dark skin tone | person | relationship | romance | together | woman | you | 中等 深肤色 | 女人 | 恋爱 | 情侣 | 浪漫 | 男人 | 红心 | 约会 | 较浅肤色
👩🏾‍❤️‍👨🏼	couple with heart: woman, man, medium-dark skin tone, medium-light skin tone	情侣: 女人男人中等-深肤色中等-浅肤色	couple with heart woman, man, medium dark skin tone, medium light skin tone | 情侣 女人男人中等 深肤色中等 浅肤色 | anniversary | babe | bae | couple | dating | heart | kiss | love | man | medium dark skin tone | medium light skin tone | person | relationship | romance | together | woman | you | 中等 浅肤色 | 中等 深肤色 | 女人 | 恋爱 | 情侣 | 浪漫 | 男人 | 红心 | 约会
👩🏾‍❤️‍👨🏽	couple with heart: woman, man, medium-dark skin tone, medium skin tone	情侣: 女人男人中等-深肤色中等肤色	couple with heart woman, man, medium dark skin tone, medium skin tone | 情侣 女人男人中等 深肤色中等肤色 | anniversary | babe | bae | couple | dating | heart | kiss | love | man | medium skin tone | medium dark skin tone | person | relationship | romance | together | woman | you | 中等 深肤色 | 中等肤色 | 女人 | 恋爱 | 情侣 | 浪漫 | 男人 | 红心 | 约会
👩🏾‍❤️‍👨🏾	couple with heart: woman, man, medium-dark skin tone	情侣: 女人男人中等-深肤色	couple with heart woman, man, medium dark skin tone | 情侣 女人男人中等 深肤色 | anniversary | babe | bae | couple | dating | heart | kiss | love | man | medium dark skin tone | person | relationship | romance | together | woman | you | 中等 深肤色 | 女人 | 恋爱 | 情侣 | 浪漫 | 男人 | 红心 | 约会
👩🏾‍❤️‍👨🏿	couple with heart: woman, man, medium-dark skin tone, dark skin tone	情侣: 女人男人中等-深肤色较深肤色	couple with heart woman, man, medium dark skin tone, dark skin tone | 情侣 女人男人中等 深肤色较深肤色 | anniversary | babe | bae | couple | dark skin tone | dating | heart | kiss | love | man | medium dark skin tone | person | relationship | romance | together | woman | you | 中等 深肤色 | 女人 | 恋爱 | 情侣 | 浪漫 | 男人 | 红心 | 约会 | 较深肤色
👩🏿‍❤️‍👨🏻	couple with heart: woman, man, dark skin tone, light skin tone	情侣: 女人男人较深肤色较浅肤色	couple with heart woman, man, dark skin tone, light skin tone | 情侣 女人男人较深肤色较浅肤色 | anniversary | babe | bae | couple | dark skin tone | dating | heart | kiss | light skin tone | love | man | person | relationship | romance | together | woman | you | 女人 | 恋爱 | 情侣 | 浪漫 | 男人 | 红心 | 约会 | 较浅肤色 | 较深肤色
👩🏿‍❤️‍👨🏼	couple with heart: woman, man, dark skin tone, medium-light skin tone	情侣: 女人男人较深肤色中等-浅肤色	couple with heart woman, man, dark skin tone, medium light skin tone | 情侣 女人男人较深肤色中等 浅肤色 | anniversary | babe | bae | couple | dark skin tone | dating | heart | kiss | love | man | medium light skin tone | person | relationship | romance | together | woman | you | 中等 浅肤色 | 女人 | 恋爱 | 情侣 | 浪漫 | 男人 | 红心 | 约会 | 较深肤色
👩🏿‍❤️‍👨🏽	couple with heart: woman, man, dark skin tone, medium skin tone	情侣: 女人男人较深肤色中等肤色	couple with heart woman, man, dark skin tone, medium skin tone | 情侣 女人男人较深肤色中等肤色 | anniversary | babe | bae | couple | dark skin tone | dating | heart | kiss | love | man | medium skin tone | person | relationship | romance | together | woman | you | 中等肤色 | 女人 | 恋爱 | 情侣 | 浪漫 | 男人 | 红心 | 约会 | 较深肤色
👩🏿‍❤️‍👨🏾	couple with heart: woman, man, dark skin tone, medium-dark skin tone	情侣: 女人男人较深肤色中等-深肤色	couple with heart woman, man, dark skin tone, medium dark skin tone | 情侣 女人男人较深肤色中等 深肤色 | anniversary | babe | bae | couple | dark skin tone | dating | heart | kiss | love | man | medium dark skin tone | person | relationship | romance | together | woman | you | 中等 深肤色 | 女人 | 恋爱 | 情侣 | 浪漫 | 男人 | 红心 | 约会 | 较深肤色
👩🏿‍❤️‍👨🏿	couple with heart: woman, man, dark skin tone	情侣: 女人男人较深肤色	couple with heart woman, man, dark skin tone | 情侣 女人男人较深肤色 | anniversary | babe | bae | couple | dark skin tone | dating | heart | kiss | love | man | person | relationship | romance | together | woman | you | 女人 | 恋爱 | 情侣 | 浪漫 | 男人 | 红心 | 约会 | 较深肤色
👨‍❤️‍👨	couple with heart: man, man	情侣: 男人男人	couple with heart man, man | 情侣 男人男人 | anniversary | babe | bae | couple | dating | heart | kiss | love | man | person | relationship | romance | together | you | 恋爱 | 情侣 | 浪漫 | 男人 | 红心 | 约会
👨🏻‍❤️‍👨🏻	couple with heart: man, man, light skin tone	情侣: 男人男人较浅肤色	couple with heart man, man, light skin tone | 情侣 男人男人较浅肤色 | anniversary | babe | bae | couple | dating | heart | kiss | light skin tone | love | man | person | relationship | romance | together | you | 恋爱 | 情侣 | 浪漫 | 男人 | 红心 | 约会 | 较浅肤色
👨🏻‍❤️‍👨🏼	couple with heart: man, man, light skin tone, medium-light skin tone	情侣: 男人男人较浅肤色中等-浅肤色	couple with heart man, man, light skin tone, medium light skin tone | 情侣 男人男人较浅肤色中等 浅肤色 | anniversary | babe | bae | couple | dating | heart | kiss | light skin tone | love | man | medium light skin tone | person | relationship | romance | together | you | 中等 浅肤色 | 恋爱 | 情侣 | 浪漫 | 男人 | 红心 | 约会 | 较浅肤色
👨🏻‍❤️‍👨🏽	couple with heart: man, man, light skin tone, medium skin tone	情侣: 男人男人较浅肤色中等肤色	couple with heart man, man, light skin tone, medium skin tone | 情侣 男人男人较浅肤色中等肤色 | anniversary | babe | bae | couple | dating | heart | kiss | light skin tone | love | man | medium skin tone | person | relationship | romance | together | you | 中等肤色 | 恋爱 | 情侣 | 浪漫 | 男人 | 红心 | 约会 | 较浅肤色
👨🏻‍❤️‍👨🏾	couple with heart: man, man, light skin tone, medium-dark skin tone	情侣: 男人男人较浅肤色中等-深肤色	couple with heart man, man, light skin tone, medium dark skin tone | 情侣 男人男人较浅肤色中等 深肤色 | anniversary | babe | bae | couple | dating | heart | kiss | light skin tone | love | man | medium dark skin tone | person | relationship | romance | together | you | 中等 深肤色 | 恋爱 | 情侣 | 浪漫 | 男人 | 红心 | 约会 | 较浅肤色
👨🏻‍❤️‍👨🏿	couple with heart: man, man, light skin tone, dark skin tone	情侣: 男人男人较浅肤色较深肤色	couple with heart man, man, light skin tone, dark skin tone | 情侣 男人男人较浅肤色较深肤色 | anniversary | babe | bae | couple | dark skin tone | dating | heart | kiss | light skin tone | love | man | person | relationship | romance | together | you | 恋爱 | 情侣 | 浪漫 | 男人 | 红心 | 约会 | 较浅肤色 | 较深肤色
👨🏼‍❤️‍👨🏻	couple with heart: man, man, medium-light skin tone, light skin tone	情侣: 男人男人中等-浅肤色较浅肤色	couple with heart man, man, medium light skin tone, light skin tone | 情侣 男人男人中等 浅肤色较浅肤色 | anniversary | babe | bae | couple | dating | heart | kiss | light skin tone | love | man | medium light skin tone | person | relationship | romance | together | you | 中等 浅肤色 | 恋爱 | 情侣 | 浪漫 | 男人 | 红心 | 约会 | 较浅肤色
👨🏼‍❤️‍👨🏼	couple with heart: man, man, medium-light skin tone	情侣: 男人男人中等-浅肤色	couple with heart man, man, medium light skin tone | 情侣 男人男人中等 浅肤色 | anniversary | babe | bae | couple | dating | heart | kiss | love | man | medium light skin tone | person | relationship | romance | together | you | 中等 浅肤色 | 恋爱 | 情侣 | 浪漫 | 男人 | 红心 | 约会
👨🏼‍❤️‍👨🏽	couple with heart: man, man, medium-light skin tone, medium skin tone	情侣: 男人男人中等-浅肤色中等肤色	couple with heart man, man, medium light skin tone, medium skin tone | 情侣 男人男人中等 浅肤色中等肤色 | anniversary | babe | bae | couple | dating | heart | kiss | love | man | medium skin tone | medium light skin tone | person | relationship | romance | together | you | 中等 浅肤色 | 中等肤色 | 恋爱 | 情侣 | 浪漫 | 男人 | 红心 | 约会
👨🏼‍❤️‍👨🏾	couple with heart: man, man, medium-light skin tone, medium-dark skin tone	情侣: 男人男人中等-浅肤色中等-深肤色	couple with heart man, man, medium light skin tone, medium dark skin tone | 情侣 男人男人中等 浅肤色中等 深肤色 | anniversary | babe | bae | couple | dating | heart | kiss | love | man | medium dark skin tone | medium light skin tone | person | relationship | romance | together | you | 中等 浅肤色 | 中等 深肤色 | 恋爱 | 情侣 | 浪漫 | 男人 | 红心 | 约会
👨🏼‍❤️‍👨🏿	couple with heart: man, man, medium-light skin tone, dark skin tone	情侣: 男人男人中等-浅肤色较深肤色	couple with heart man, man, medium light skin tone, dark skin tone | 情侣 男人男人中等 浅肤色较深肤色 | anniversary | babe | bae | couple | dark skin tone | dating | heart | kiss | love | man | medium light skin tone | person | relationship | romance | together | you | 中等 浅肤色 | 恋爱 | 情侣 | 浪漫 | 男人 | 红心 | 约会 | 较深肤色
👨🏽‍❤️‍👨🏻	couple with heart: man, man, medium skin tone, light skin tone	情侣: 男人男人中等肤色较浅肤色	couple with heart man, man, medium skin tone, light skin tone | 情侣 男人男人中等肤色较浅肤色 | anniversary | babe | bae | couple | dating | heart | kiss | light skin tone | love | man | medium skin tone | person | relationship | romance | together | you | 中等肤色 | 恋爱 | 情侣 | 浪漫 | 男人 | 红心 | 约会 | 较浅肤色
👨🏽‍❤️‍👨🏼	couple with heart: man, man, medium skin tone, medium-light skin tone	情侣: 男人男人中等肤色中等-浅肤色	couple with heart man, man, medium skin tone, medium light skin tone | 情侣 男人男人中等肤色中等 浅肤色 | anniversary | babe | bae | couple | dating | heart | kiss | love | man | medium skin tone | medium light skin tone | person | relationship | romance | together | you | 中等 浅肤色 | 中等肤色 | 恋爱 | 情侣 | 浪漫 | 男人 | 红心 | 约会
👨🏽‍❤️‍👨🏽	couple with heart: man, man, medium skin tone	情侣: 男人男人中等肤色	couple with heart man, man, medium skin tone | 情侣 男人男人中等肤色 | anniversary | babe | bae | couple | dating | heart | kiss | love | man | medium skin tone | person | relationship | romance | together | you | 中等肤色 | 恋爱 | 情侣 | 浪漫 | 男人 | 红心 | 约会
👨🏽‍❤️‍👨🏾	couple with heart: man, man, medium skin tone, medium-dark skin tone	情侣: 男人男人中等肤色中等-深肤色	couple with heart man, man, medium skin tone, medium dark skin tone | 情侣 男人男人中等肤色中等 深肤色 | anniversary | babe | bae | couple | dating | heart | kiss | love | man | medium skin tone | medium dark skin tone | person | relationship | romance | together | you | 中等 深肤色 | 中等肤色 | 恋爱 | 情侣 | 浪漫 | 男人 | 红心 | 约会
👨🏽‍❤️‍👨🏿	couple with heart: man, man, medium skin tone, dark skin tone	情侣: 男人男人中等肤色较深肤色	couple with heart man, man, medium skin tone, dark skin tone | 情侣 男人男人中等肤色较深肤色 | anniversary | babe | bae | couple | dark skin tone | dating | heart | kiss | love | man | medium skin tone | person | relationship | romance | together | you | 中等肤色 | 恋爱 | 情侣 | 浪漫 | 男人 | 红心 | 约会 | 较深肤色
👨🏾‍❤️‍👨🏻	couple with heart: man, man, medium-dark skin tone, light skin tone	情侣: 男人男人中等-深肤色较浅肤色	couple with heart man, man, medium dark skin tone, light skin tone | 情侣 男人男人中等 深肤色较浅肤色 | anniversary | babe | bae | couple | dating | heart | kiss | light skin tone | love | man | medium dark skin tone | person | relationship | romance | together | you | 中等 深肤色 | 恋爱 | 情侣 | 浪漫 | 男人 | 红心 | 约会 | 较浅肤色
👨🏾‍❤️‍👨🏼	couple with heart: man, man, medium-dark skin tone, medium-light skin tone	情侣: 男人男人中等-深肤色中等-浅肤色	couple with heart man, man, medium dark skin tone, medium light skin tone | 情侣 男人男人中等 深肤色中等 浅肤色 | anniversary | babe | bae | couple | dating | heart | kiss | love | man | medium dark skin tone | medium light skin tone | person | relationship | romance | together | you | 中等 浅肤色 | 中等 深肤色 | 恋爱 | 情侣 | 浪漫 | 男人 | 红心 | 约会
👨🏾‍❤️‍👨🏽	couple with heart: man, man, medium-dark skin tone, medium skin tone	情侣: 男人男人中等-深肤色中等肤色	couple with heart man, man, medium dark skin tone, medium skin tone | 情侣 男人男人中等 深肤色中等肤色 | anniversary | babe | bae | couple | dating | heart | kiss | love | man | medium skin tone | medium dark skin tone | person | relationship | romance | together | you | 中等 深肤色 | 中等肤色 | 恋爱 | 情侣 | 浪漫 | 男人 | 红心 | 约会
👨🏾‍❤️‍👨🏾	couple with heart: man, man, medium-dark skin tone	情侣: 男人男人中等-深肤色	couple with heart man, man, medium dark skin tone | 情侣 男人男人中等 深肤色 | anniversary | babe | bae | couple | dating | heart | kiss | love | man | medium dark skin tone | person | relationship | romance | together | you | 中等 深肤色 | 恋爱 | 情侣 | 浪漫 | 男人 | 红心 | 约会
👨🏾‍❤️‍👨🏿	couple with heart: man, man, medium-dark skin tone, dark skin tone	情侣: 男人男人中等-深肤色较深肤色	couple with heart man, man, medium dark skin tone, dark skin tone | 情侣 男人男人中等 深肤色较深肤色 | anniversary | babe | bae | couple | dark skin tone | dating | heart | kiss | love | man | medium dark skin tone | person | relationship | romance | together | you | 中等 深肤色 | 恋爱 | 情侣 | 浪漫 | 男人 | 红心 | 约会 | 较深肤色
👨🏿‍❤️‍👨🏻	couple with heart: man, man, dark skin tone, light skin tone	情侣: 男人男人较深肤色较浅肤色	couple with heart man, man, dark skin tone, light skin tone | 情侣 男人男人较深肤色较浅肤色 | anniversary | babe | bae | couple | dark skin tone | dating | heart | kiss | light skin tone | love | man | person | relationship | romance | together | you | 恋爱 | 情侣 | 浪漫 | 男人 | 红心 | 约会 | 较浅肤色 | 较深肤色
👨🏿‍❤️‍👨🏼	couple with heart: man, man, dark skin tone, medium-light skin tone	情侣: 男人男人较深肤色中等-浅肤色	couple with heart man, man, dark skin tone, medium light skin tone | 情侣 男人男人较深肤色中等 浅肤色 | anniversary | babe | bae | couple | dark skin tone | dating | heart | kiss | love | man | medium light skin tone | person | relationship | romance | together | you | 中等 浅肤色 | 恋爱 | 情侣 | 浪漫 | 男人 | 红心 | 约会 | 较深肤色
👨🏿‍❤️‍👨🏽	couple with heart: man, man, dark skin tone, medium skin tone	情侣: 男人男人较深肤色中等肤色	couple with heart man, man, dark skin tone, medium skin tone | 情侣 男人男人较深肤色中等肤色 | anniversary | babe | bae | couple | dark skin tone | dating | heart | kiss | love | man | medium skin tone | person | relationship | romance | together | you | 中等肤色 | 恋爱 | 情侣 | 浪漫 | 男人 | 红心 | 约会 | 较深肤色
👨🏿‍❤️‍👨🏾	couple with heart: man, man, dark skin tone, medium-dark skin tone	情侣: 男人男人较深肤色中等-深肤色	couple with heart man, man, dark skin tone, medium dark skin tone | 情侣 男人男人较深肤色中等 深肤色 | anniversary | babe | bae | couple | dark skin tone | dating | heart | kiss | love | man | medium dark skin tone | person | relationship | romance | together | you | 中等 深肤色 | 恋爱 | 情侣 | 浪漫 | 男人 | 红心 | 约会 | 较深肤色
👨🏿‍❤️‍👨🏿	couple with heart: man, man, dark skin tone	情侣: 男人男人较深肤色	couple with heart man, man, dark skin tone | 情侣 男人男人较深肤色 | anniversary | babe | bae | couple | dark skin tone | dating | heart | kiss | love | man | person | relationship | romance | together | you | 恋爱 | 情侣 | 浪漫 | 男人 | 红心 | 约会 | 较深肤色
👩‍❤️‍👩	couple with heart: woman, woman	情侣: 女人女人	couple with heart woman, woman | 情侣 女人女人 | anniversary | babe | bae | couple | dating | heart | kiss | love | person | relationship | romance | together | woman | you | 女人 | 恋爱 | 情侣 | 浪漫 | 红心 | 约会
👩🏻‍❤️‍👩🏻	couple with heart: woman, woman, light skin tone	情侣: 女人女人较浅肤色	couple with heart woman, woman, light skin tone | 情侣 女人女人较浅肤色 | anniversary | babe | bae | couple | dating | heart | kiss | light skin tone | love | person | relationship | romance | together | woman | you | 女人 | 恋爱 | 情侣 | 浪漫 | 红心 | 约会 | 较浅肤色
👩🏻‍❤️‍👩🏼	couple with heart: woman, woman, light skin tone, medium-light skin tone	情侣: 女人女人较浅肤色中等-浅肤色	couple with heart woman, woman, light skin tone, medium light skin tone | 情侣 女人女人较浅肤色中等 浅肤色 | anniversary | babe | bae | couple | dating | heart | kiss | light skin tone | love | medium light skin tone | person | relationship | romance | together | woman | you | 中等 浅肤色 | 女人 | 恋爱 | 情侣 | 浪漫 | 红心 | 约会 | 较浅肤色
👩🏻‍❤️‍👩🏽	couple with heart: woman, woman, light skin tone, medium skin tone	情侣: 女人女人较浅肤色中等肤色	couple with heart woman, woman, light skin tone, medium skin tone | 情侣 女人女人较浅肤色中等肤色 | anniversary | babe | bae | couple | dating | heart | kiss | light skin tone | love | medium skin tone | person | relationship | romance | together | woman | you | 中等肤色 | 女人 | 恋爱 | 情侣 | 浪漫 | 红心 | 约会 | 较浅肤色
👩🏻‍❤️‍👩🏾	couple with heart: woman, woman, light skin tone, medium-dark skin tone	情侣: 女人女人较浅肤色中等-深肤色	couple with heart woman, woman, light skin tone, medium dark skin tone | 情侣 女人女人较浅肤色中等 深肤色 | anniversary | babe | bae | couple | dating | heart | kiss | light skin tone | love | medium dark skin tone | person | relationship | romance | together | woman | you | 中等 深肤色 | 女人 | 恋爱 | 情侣 | 浪漫 | 红心 | 约会 | 较浅肤色
👩🏻‍❤️‍👩🏿	couple with heart: woman, woman, light skin tone, dark skin tone	情侣: 女人女人较浅肤色较深肤色	couple with heart woman, woman, light skin tone, dark skin tone | 情侣 女人女人较浅肤色较深肤色 | anniversary | babe | bae | couple | dark skin tone | dating | heart | kiss | light skin tone | love | person | relationship | romance | together | woman | you | 女人 | 恋爱 | 情侣 | 浪漫 | 红心 | 约会 | 较浅肤色 | 较深肤色
👩🏼‍❤️‍👩🏻	couple with heart: woman, woman, medium-light skin tone, light skin tone	情侣: 女人女人中等-浅肤色较浅肤色	couple with heart woman, woman, medium light skin tone, light skin tone | 情侣 女人女人中等 浅肤色较浅肤色 | anniversary | babe | bae | couple | dating | heart | kiss | light skin tone | love | medium light skin tone | person | relationship | romance | together | woman | you | 中等 浅肤色 | 女人 | 恋爱 | 情侣 | 浪漫 | 红心 | 约会 | 较浅肤色
👩🏼‍❤️‍👩🏼	couple with heart: woman, woman, medium-light skin tone	情侣: 女人女人中等-浅肤色	couple with heart woman, woman, medium light skin tone | 情侣 女人女人中等 浅肤色 | anniversary | babe | bae | couple | dating | heart | kiss | love | medium light skin tone | person | relationship | romance | together | woman | you | 中等 浅肤色 | 女人 | 恋爱 | 情侣 | 浪漫 | 红心 | 约会
👩🏼‍❤️‍👩🏽	couple with heart: woman, woman, medium-light skin tone, medium skin tone	情侣: 女人女人中等-浅肤色中等肤色	couple with heart woman, woman, medium light skin tone, medium skin tone | 情侣 女人女人中等 浅肤色中等肤色 | anniversary | babe | bae | couple | dating | heart | kiss | love | medium skin tone | medium light skin tone | person | relationship | romance | together | woman | you | 中等 浅肤色 | 中等肤色 | 女人 | 恋爱 | 情侣 | 浪漫 | 红心 | 约会
👩🏼‍❤️‍👩🏾	couple with heart: woman, woman, medium-light skin tone, medium-dark skin tone	情侣: 女人女人中等-浅肤色中等-深肤色	couple with heart woman, woman, medium light skin tone, medium dark skin tone | 情侣 女人女人中等 浅肤色中等 深肤色 | anniversary | babe | bae | couple | dating | heart | kiss | love | medium dark skin tone | medium light skin tone | person | relationship | romance | together | woman | you | 中等 浅肤色 | 中等 深肤色 | 女人 | 恋爱 | 情侣 | 浪漫 | 红心 | 约会
👩🏼‍❤️‍👩🏿	couple with heart: woman, woman, medium-light skin tone, dark skin tone	情侣: 女人女人中等-浅肤色较深肤色	couple with heart woman, woman, medium light skin tone, dark skin tone | 情侣 女人女人中等 浅肤色较深肤色 | anniversary | babe | bae | couple | dark skin tone | dating | heart | kiss | love | medium light skin tone | person | relationship | romance | together | woman | you | 中等 浅肤色 | 女人 | 恋爱 | 情侣 | 浪漫 | 红心 | 约会 | 较深肤色
👩🏽‍❤️‍👩🏻	couple with heart: woman, woman, medium skin tone, light skin tone	情侣: 女人女人中等肤色较浅肤色	couple with heart woman, woman, medium skin tone, light skin tone | 情侣 女人女人中等肤色较浅肤色 | anniversary | babe | bae | couple | dating | heart | kiss | light skin tone | love | medium skin tone | person | relationship | romance | together | woman | you | 中等肤色 | 女人 | 恋爱 | 情侣 | 浪漫 | 红心 | 约会 | 较浅肤色
👩🏽‍❤️‍👩🏼	couple with heart: woman, woman, medium skin tone, medium-light skin tone	情侣: 女人女人中等肤色中等-浅肤色	couple with heart woman, woman, medium skin tone, medium light skin tone | 情侣 女人女人中等肤色中等 浅肤色 | anniversary | babe | bae | couple | dating | heart | kiss | love | medium skin tone | medium light skin tone | person | relationship | romance | together | woman | you | 中等 浅肤色 | 中等肤色 | 女人 | 恋爱 | 情侣 | 浪漫 | 红心 | 约会
👩🏽‍❤️‍👩🏽	couple with heart: woman, woman, medium skin tone	情侣: 女人女人中等肤色	couple with heart woman, woman, medium skin tone | 情侣 女人女人中等肤色 | anniversary | babe | bae | couple | dating | heart | kiss | love | medium skin tone | person | relationship | romance | together | woman | you | 中等肤色 | 女人 | 恋爱 | 情侣 | 浪漫 | 红心 | 约会
👩🏽‍❤️‍👩🏾	couple with heart: woman, woman, medium skin tone, medium-dark skin tone	情侣: 女人女人中等肤色中等-深肤色	couple with heart woman, woman, medium skin tone, medium dark skin tone | 情侣 女人女人中等肤色中等 深肤色 | anniversary | babe | bae | couple | dating | heart | kiss | love | medium skin tone | medium dark skin tone | person | relationship | romance | together | woman | you | 中等 深肤色 | 中等肤色 | 女人 | 恋爱 | 情侣 | 浪漫 | 红心 | 约会
👩🏽‍❤️‍👩🏿	couple with heart: woman, woman, medium skin tone, dark skin tone	情侣: 女人女人中等肤色较深肤色	couple with heart woman, woman, medium skin tone, dark skin tone | 情侣 女人女人中等肤色较深肤色 | anniversary | babe | bae | couple | dark skin tone | dating | heart | kiss | love | medium skin tone | person | relationship | romance | together | woman | you | 中等肤色 | 女人 | 恋爱 | 情侣 | 浪漫 | 红心 | 约会 | 较深肤色
👩🏾‍❤️‍👩🏻	couple with heart: woman, woman, medium-dark skin tone, light skin tone	情侣: 女人女人中等-深肤色较浅肤色	couple with heart woman, woman, medium dark skin tone, light skin tone | 情侣 女人女人中等 深肤色较浅肤色 | anniversary | babe | bae | couple | dating | heart | kiss | light skin tone | love | medium dark skin tone | person | relationship | romance | together | woman | you | 中等 深肤色 | 女人 | 恋爱 | 情侣 | 浪漫 | 红心 | 约会 | 较浅肤色
👩🏾‍❤️‍👩🏼	couple with heart: woman, woman, medium-dark skin tone, medium-light skin tone	情侣: 女人女人中等-深肤色中等-浅肤色	couple with heart woman, woman, medium dark skin tone, medium light skin tone | 情侣 女人女人中等 深肤色中等 浅肤色 | anniversary | babe | bae | couple | dating | heart | kiss | love | medium dark skin tone | medium light skin tone | person | relationship | romance | together | woman | you | 中等 浅肤色 | 中等 深肤色 | 女人 | 恋爱 | 情侣 | 浪漫 | 红心 | 约会
👩🏾‍❤️‍👩🏽	couple with heart: woman, woman, medium-dark skin tone, medium skin tone	情侣: 女人女人中等-深肤色中等肤色	couple with heart woman, woman, medium dark skin tone, medium skin tone | 情侣 女人女人中等 深肤色中等肤色 | anniversary | babe | bae | couple | dating | heart | kiss | love | medium skin tone | medium dark skin tone | person | relationship | romance | together | woman | you | 中等 深肤色 | 中等肤色 | 女人 | 恋爱 | 情侣 | 浪漫 | 红心 | 约会
👩🏾‍❤️‍👩🏾	couple with heart: woman, woman, medium-dark skin tone	情侣: 女人女人中等-深肤色	couple with heart woman, woman, medium dark skin tone | 情侣 女人女人中等 深肤色 | anniversary | babe | bae | couple | dating | heart | kiss | love | medium dark skin tone | person | relationship | romance | together | woman | you | 中等 深肤色 | 女人 | 恋爱 | 情侣 | 浪漫 | 红心 | 约会
👩🏾‍❤️‍👩🏿	couple with heart: woman, woman, medium-dark skin tone, dark skin tone	情侣: 女人女人中等-深肤色较深肤色	couple with heart woman, woman, medium dark skin tone, dark skin tone | 情侣 女人女人中等 深肤色较深肤色 | anniversary | babe | bae | couple | dark skin tone | dating | heart | kiss | love | medium dark skin tone | person | relationship | romance | together | woman | you | 中等 深肤色 | 女人 | 恋爱 | 情侣 | 浪漫 | 红心 | 约会 | 较深肤色
👩🏿‍❤️‍👩🏻	couple with heart: woman, woman, dark skin tone, light skin tone	情侣: 女人女人较深肤色较浅肤色	couple with heart woman, woman, dark skin tone, light skin tone | 情侣 女人女人较深肤色较浅肤色 | anniversary | babe | bae | couple | dark skin tone | dating | heart | kiss | light skin tone | love | person | relationship | romance | together | woman | you | 女人 | 恋爱 | 情侣 | 浪漫 | 红心 | 约会 | 较浅肤色 | 较深肤色
👩🏿‍❤️‍👩🏼	couple with heart: woman, woman, dark skin tone, medium-light skin tone	情侣: 女人女人较深肤色中等-浅肤色	couple with heart woman, woman, dark skin tone, medium light skin tone | 情侣 女人女人较深肤色中等 浅肤色 | anniversary | babe | bae | couple | dark skin tone | dating | heart | kiss | love | medium light skin tone | person | relationship | romance | together | woman | you | 中等 浅肤色 | 女人 | 恋爱 | 情侣 | 浪漫 | 红心 | 约会 | 较深肤色
👩🏿‍❤️‍👩🏽	couple with heart: woman, woman, dark skin tone, medium skin tone	情侣: 女人女人较深肤色中等肤色	couple with heart woman, woman, dark skin tone, medium skin tone | 情侣 女人女人较深肤色中等肤色 | anniversary | babe | bae | couple | dark skin tone | dating | heart | kiss | love | medium skin tone | person | relationship | romance | together | woman | you | 中等肤色 | 女人 | 恋爱 | 情侣 | 浪漫 | 红心 | 约会 | 较深肤色
👩🏿‍❤️‍👩🏾	couple with heart: woman, woman, dark skin tone, medium-dark skin tone	情侣: 女人女人较深肤色中等-深肤色	couple with heart woman, woman, dark skin tone, medium dark skin tone | 情侣 女人女人较深肤色中等 深肤色 | anniversary | babe | bae | couple | dark skin tone | dating | heart | kiss | love | medium dark skin tone | person | relationship | romance | together | woman | you | 中等 深肤色 | 女人 | 恋爱 | 情侣 | 浪漫 | 红心 | 约会 | 较深肤色
👩🏿‍❤️‍👩🏿	couple with heart: woman, woman, dark skin tone	情侣: 女人女人较深肤色	couple with heart woman, woman, dark skin tone | 情侣 女人女人较深肤色 | anniversary | babe | bae | couple | dark skin tone | dating | heart | kiss | love | person | relationship | romance | together | woman | you | 女人 | 恋爱 | 情侣 | 浪漫 | 红心 | 约会 | 较深肤色
👨‍👩‍👦	family: man, woman, boy	家庭: 男人女人男孩	family man, woman, boy | 家庭 男人女人男孩 | boy | child | family | man | woman | 亲子 | 女人 | 家庭 | 父母和儿子 | 男人 | 男孩
👨‍👩‍👧	family: man, woman, girl	家庭: 男人女人女孩	family man, woman, girl | 家庭 男人女人女孩 | child | family | girl | man | woman | 亲子 | 女人 | 女孩 | 家庭 | 父母和儿子 | 男人
👨‍👩‍👧‍👦	family: man, woman, girl, boy	家庭: 男人女人女孩男孩	family man, woman, girl, boy | 家庭 男人女人女孩男孩 | boy | child | family | girl | man | woman | 亲子 | 女人 | 女孩 | 家庭 | 父母和儿子 | 男人 | 男孩
👨‍👩‍👦‍👦	family: man, woman, boy, boy	家庭: 男人女人男孩男孩	family man, woman, boy, boy | 家庭 男人女人男孩男孩 | boy | child | family | man | woman | 亲子 | 女人 | 家庭 | 父母和儿子 | 男人 | 男孩
👨‍👩‍👧‍👧	family: man, woman, girl, girl	家庭: 男人女人女孩女孩	family man, woman, girl, girl | 家庭 男人女人女孩女孩 | child | family | girl | man | woman | 亲子 | 女人 | 女孩 | 家庭 | 父母和儿子 | 男人
👨‍👨‍👦	family: man, man, boy	家庭: 男人男人男孩	family man, man, boy | 家庭 男人男人男孩 | boy | child | family | man | 亲子 | 家庭 | 父母和儿子 | 男人 | 男孩
👨‍👨‍👧	family: man, man, girl	家庭: 男人男人女孩	family man, man, girl | 家庭 男人男人女孩 | child | family | girl | man | 亲子 | 女孩 | 家庭 | 父母和儿子 | 男人
👨‍👨‍👧‍👦	family: man, man, girl, boy	家庭: 男人男人女孩男孩	family man, man, girl, boy | 家庭 男人男人女孩男孩 | boy | child | family | girl | man | 亲子 | 女孩 | 家庭 | 父母和儿子 | 男人 | 男孩
👨‍👨‍👦‍👦	family: man, man, boy, boy	家庭: 男人男人男孩男孩	family man, man, boy, boy | 家庭 男人男人男孩男孩 | boy | child | family | man | 亲子 | 家庭 | 父母和儿子 | 男人 | 男孩
👨‍👨‍👧‍👧	family: man, man, girl, girl	家庭: 男人男人女孩女孩	family man, man, girl, girl | 家庭 男人男人女孩女孩 | child | family | girl | man | 亲子 | 女孩 | 家庭 | 父母和儿子 | 男人
👩‍👩‍👦	family: woman, woman, boy	家庭: 女人女人男孩	family woman, woman, boy | 家庭 女人女人男孩 | boy | child | family | woman | 亲子 | 女人 | 家庭 | 父母和儿子 | 男孩
👩‍👩‍👧	family: woman, woman, girl	家庭: 女人女人女孩	family woman, woman, girl | 家庭 女人女人女孩 | child | family | girl | woman | 亲子 | 女人 | 女孩 | 家庭 | 父母和儿子
👩‍👩‍👧‍👦	family: woman, woman, girl, boy	家庭: 女人女人女孩男孩	family woman, woman, girl, boy | 家庭 女人女人女孩男孩 | boy | child | family | girl | woman | 亲子 | 女人 | 女孩 | 家庭 | 父母和儿子 | 男孩
👩‍👩‍👦‍👦	family: woman, woman, boy, boy	家庭: 女人女人男孩男孩	family woman, woman, boy, boy | 家庭 女人女人男孩男孩 | boy | child | family | woman | 亲子 | 女人 | 家庭 | 父母和儿子 | 男孩
👩‍👩‍👧‍👧	family: woman, woman, girl, girl	家庭: 女人女人女孩女孩	family woman, woman, girl, girl | 家庭 女人女人女孩女孩 | child | family | girl | woman | 亲子 | 女人 | 女孩 | 家庭 | 父母和儿子
👨‍👦	family: man, boy	家庭: 男人男孩	family man, boy | 家庭 男人男孩 | boy | child | family | man | 亲子 | 家庭 | 父母和儿子 | 男人 | 男孩
👨‍👦‍👦	family: man, boy, boy	家庭: 男人男孩男孩	family man, boy, boy | 家庭 男人男孩男孩 | boy | child | family | man | 亲子 | 家庭 | 父母和儿子 | 男人 | 男孩
👨‍👧	family: man, girl	家庭: 男人女孩	family man, girl | 家庭 男人女孩 | child | family | girl | man | 亲子 | 女孩 | 家庭 | 父母和儿子 | 男人
👨‍👧‍👦	family: man, girl, boy	家庭: 男人女孩男孩	family man, girl, boy | 家庭 男人女孩男孩 | boy | child | family | girl | man | 亲子 | 女孩 | 家庭 | 父母和儿子 | 男人 | 男孩
👨‍👧‍👧	family: man, girl, girl	家庭: 男人女孩女孩	family man, girl, girl | 家庭 男人女孩女孩 | child | family | girl | man | 亲子 | 女孩 | 家庭 | 父母和儿子 | 男人
👩‍👦	family: woman, boy	家庭: 女人男孩	family woman, boy | 家庭 女人男孩 | boy | child | family | woman | 亲子 | 女人 | 家庭 | 父母和儿子 | 男孩
👩‍👦‍👦	family: woman, boy, boy	家庭: 女人男孩男孩	family woman, boy, boy | 家庭 女人男孩男孩 | boy | child | family | woman | 亲子 | 女人 | 家庭 | 父母和儿子 | 男孩
👩‍👧	family: woman, girl	家庭: 女人女孩	family woman, girl | 家庭 女人女孩 | child | family | girl | woman | 亲子 | 女人 | 女孩 | 家庭 | 父母和儿子
👩‍👧‍👦	family: woman, girl, boy	家庭: 女人女孩男孩	family woman, girl, boy | 家庭 女人女孩男孩 | boy | child | family | girl | woman | 亲子 | 女人 | 女孩 | 家庭 | 父母和儿子 | 男孩
👩‍👧‍👧	family: woman, girl, girl	家庭: 女人女孩女孩	family woman, girl, girl | 家庭 女人女孩女孩 | child | family | girl | woman | 亲子 | 女人 | 女孩 | 家庭 | 父母和儿子
🗣️	speaking head	说话	speaking head | 说话 | face | head | silhouette | speak | speaking | 剪影 | 头 | 脸 | 讲话 | 说话头
👤	bust in silhouette	人像	bust in silhouette | 人像 | bust | mysterious | shadow | silhouette | 剪影 | 半身 | 半身像
👥	busts in silhouette	双人像	busts in silhouette | 双人像 | bff | bust | busts | everyone | friend | friends | people | silhouette | 剪影 | 半身 | 半身像 | 朋友
🫂	people hugging	人的拥抱	people hugging | 人的拥抱 | comfort | embrace | farewell | friendship | goodbye | hello | hug | hugging | love | people | thanks | 再见 | 友谊 | 告别 | 安慰 | 您好 | 感谢 | 抱抱 | 拥抱 | 爱
👪	family	家庭	family | 家庭 | child | 亲子 | 父母和儿子
🧑‍🧑‍🧒	family: adult, adult, child	一孩家庭	family adult, adult, child | 一孩家庭 | adult | child | family | 一孩 | 家庭 | 父母 | 独生子女
🧑‍🧑‍🧒‍🧒	family: adult, adult, child, child	二孩家庭	family adult, adult, child, child | 二孩家庭 | adult | child | family | 二孩 | 家庭 | 父母 | 非独生子女
🧑‍🧒	family: adult, child	单亲一孩家庭	family adult, child | 单亲一孩家庭 | adult | child | family | 一孩 | 单亲 | 孩子 | 家庭
🧑‍🧒‍🧒	family: adult, child, child	单亲二孩家庭	family adult, child, child | 单亲二孩家庭 | adult | child | family | 二孩 | 单亲 | 孩子 | 家庭
👣	footprints	脚印	footprints | 脚印 | barefoot | clothing | footprint | omw | print | walk | 在路上 | 赤脚 | 足迹
🫆	fingerprint	指纹	fingerprint | 指纹 | clue | crime | detective | forensics | identity | mystery | print | safety | trace | 侦探 | 印迹 | 安全 | 犯罪 | 痕迹 | 神秘 | 线索 | 身份 | 鉴证
🐵	monkey face	猴头	monkey face | 猴头 | animal | banana | face | monkey | 动物 | 猴 | 猴子
🐒	monkey	猴子	monkey | 猴子 | animal | banana | 猴
🦍	gorilla	大猩猩	gorilla | 大猩猩 | animal | 动物
🦧	orangutan	红毛猩猩	orangutan | 红毛猩猩 | animal | ape | monkey | 动物 | 猩猩 | 猴 | 猴子 | 猿
🐶	dog face	狗脸	dog face | 狗脸 | adorbs | animal | dog | face | pet | puppies | puppy | 宠物 | 小狗 | 汪星人 | 狗 | 脸
🐕	dog	狗	dog | 狗 | animal | animals | dogs | pet | 动物 | 宠物 | 小狗 | 汪星人
🦮	guide dog	导盲犬	guide dog | 导盲犬 | accessibility | animal | blind | dog | guide | 指引 | 无障碍 | 盲 | 盲人
🐕‍🦺	service dog	服务犬	service dog | 服务犬 | accessibility | animal | assistance | dog | service | 工作犬 | 无障碍 | 服务 | 犬 | 狗 | 辅助
🐩	poodle	贵宾犬	poodle | 贵宾犬 | animal | dog | fluffy | 卷毛狗 | 毛茸茸 | 狗
🐺	wolf	狼	wolf | 狼 | animal | face | 头 | 狼头 | 脸
🦊	fox	狐狸	fox | 狐狸 | animal | face | 动物 | 头 | 狐狸的脸 | 脸
🦝	raccoon	浣熊	raccoon | 浣熊 | animal | curious | sly | 动物 | 好奇 | 淘气 | 狡猾
🐱	cat face	猫脸	cat face | 猫脸 | animal | cat | face | kitten | kitty | pet | 宠物 | 猫 | 猫咪 | 脸
🐈	cat	猫	cat | 猫 | animal | animals | cats | kitten | pet | 宠物 | 小猫
🐈‍⬛	black cat	黑猫	black cat | 黑猫 | animal | black | cat | feline | halloween | meow | unlucky | 万圣节 | 不吉利 | 动物 | 喵 | 喵星人 | 猫 | 猫科 | 黑色
🦁	lion	狮子	lion | 狮子 | alpha | animal | face | leo | mane | order | rawr | roar | safari | strong | zodiac | 狮子头 | 狮子座 | 脸 | 黄道十二宫
🐯	tiger face	老虎头	tiger face | 老虎头 | animal | big | cat | face | predator | tiger | 森林之王 | 老虎 | 脸
🐅	tiger	老虎	tiger | 老虎 | animal | big | cat | predator | zoo | 动物园 | 虎
🐆	leopard	豹子	leopard | 豹子 | animal | big | cat | predator | zoo | 动物 | 猎豹 | 豹
🐴	horse face	马头	horse face | 马头 | animal | dressage | equine | face | farm | horse | horses | 盛装舞步 | 马
🫎	moose	驼鹿	moose | 驼鹿 | alces | animal | antlers | elk | mammal | 动物 | 哺乳动物 | 鹿角 | 麋鹿
🫏	donkey	驴	donkey | 驴 | animal | ass | burro | hinny | mammal | mule | stubborn | 倔强 | 动物 | 哺乳动物 | 固执的 | 犟 | 驴子 | 骡 | 骡子
🐎	horse	马	horse | 马 | animal | equestrian | farm | racehorse | racing | 动物 | 比赛 | 赛马 | 骑马
🦄	unicorn	独角兽	unicorn | 独角兽 | face | 头 | 独角兽头 | 脸
🦓	zebra	斑马	zebra | 斑马 | animal | stripe | 条纹
🦌	deer	鹿	deer | 鹿 | animal | 动物
🦬	bison	大野牛	bison | 大野牛 | animal | buffalo | herd | wisent | 动物 | 欧洲野牛 | 水牛 | 牛 | 牦牛 | 畜群 | 野牛
🐮	cow face	奶牛头	cow face | 奶牛头 | animal | cow | face | farm | milk | moo | 乳牛 | 奶牛 | 母牛 | 牛头 | 脸
🐂	ox	公牛	ox | 公牛 | animal | animals | bull | farm | taurus | zodiac | 牛 | 金牛座 | 黄道十二宫
🐃	water buffalo	水牛	water buffalo | 水牛 | animal | buffalo | water | zoo
🐄	cow	奶牛	cow | 奶牛 | animal | animals | farm | milk | moo | 乳牛 | 牛
🐷	pig face	猪头	pig face | 猪头 | animal | bacon | face | farm | pig | pork | 八戒 | 猪 | 脸
🐖	pig	猪	pig | 猪 | animal | bacon | farm | pork | sow | 培根 | 猪肉
🐗	boar	野猪	boar | 野猪 | animal | pig | 动物 | 猪
🐽	pig nose	猪鼻子	pig nose | 猪鼻子 | animal | face | farm | nose | pig | smell | snout | 猪 | 脸 | 闻 | 鼻 | 鼻子
🐏	ram	公羊	ram | 公羊 | animal | aries | horns | male | sheep | zodiac | zoo | 白羊座 | 羊 | 雄性 | 黄道十二宫
🐑	ewe	母羊	ewe | 母羊 | animal | baa | farm | female | fluffy | lamb | sheep | wool | 咩 | 毛茸茸 | 绵羊 | 羊 | 羊毛 | 雌性
🐐	goat	山羊	goat | 山羊 | animal | capricorn | farm | milk | zodiac | 摩羯座 | 黄道十二宫
🐪	camel	骆驼	camel | 骆驼 | animal | desert | dromedary | hump | one | 单峰 | 单峰驼 | 沙漠 | 驼峰
🐫	two-hump camel	双峰骆驼	two hump camel | 双峰骆驼 | animal | bactrian | camel | desert | hump | two | two hump | 双峰 | 沙漠 | 骆驼
🦙	llama	美洲鸵	llama | 美洲鸵 | alpaca | animal | guanaco | vicuña | wool | 动物 | 原驼 | 小羊驼 | 无峰驼 | 羊毛 | 羊驼 | 骆马
🦒	giraffe	长颈鹿	giraffe | 长颈鹿 | animal | spots | 斑点
🐘	elephant	大象	elephant | 大象 | animal | 动物 | 象
🦣	mammoth	猛犸	mammoth | 猛犸 | animal | extinction | large | tusk | wooly | 动物 | 大型 | 有绒毛的 | 灭绝 | 猛犸象 | 长毛象 | 长牙
🦏	rhinoceros	犀牛	rhinoceros | 犀牛 | animal | 动物
🦛	hippopotamus	河马	hippopotamus | 河马 | animal | hippo | 动物
🐭	mouse face	老鼠头	mouse face | 老鼠头 | animal | face | mouse | 鼠
🐁	mouse	老鼠	mouse | 老鼠 | animal | animals | 耗子 | 鼠
🐀	rat	耗子	rat | 耗子 | animal | 鼠
🐹	hamster	仓鼠	hamster | 仓鼠 | animal | face | pet | 仓鼠头 | 啮齿 | 头 | 宠物 | 脸
🐰	rabbit face	兔子头	rabbit face | 兔子头 | animal | bunny | face | pet | rabbit | 兔 | 兔宝宝 | 宠物
🐇	rabbit	兔子	rabbit | 兔子 | animal | bunny | pet | 兔 | 动物
🐿️	chipmunk	松鼠	chipmunk | 松鼠 | animal | squirrel | 花栗鼠 | 金花鼠
🦫	beaver	海狸	beaver | 海狸 | animal | dam | teeth | 动物 | 大板牙 | 母畜
🦔	hedgehog	刺猬	hedgehog | 刺猬 | animal | spiny | 多刺
🦇	bat	蝙蝠	bat | 蝙蝠 | animal | vampire | 吸血鬼
🐻	bear	熊	bear | 熊 | animal | face | grizzly | growl | honey | 低吼 | 头 | 灰熊 | 熊头 | 熊脸 | 脸
🐻‍❄️	polar bear	北极熊	polar bear | 北极熊 | animal | arctic | bear | polar | white | 北极 | 熊 | 白色
🐨	koala	考拉	koala | 考拉 | animal | australia | bear | down | face | marsupial | under | 动物 | 有袋类动物 | 树袋熊 | 澳大利亚
🐼	panda	熊猫	panda | 熊猫 | animal | bamboo | face | 头 | 熊猫脸 | 猫熊 | 猫熊脸 | 胖达 | 脸
🦥	sloth	树懒	sloth | 树懒 | lazy | slow | 慢 | 懒 | 爬树 | 迟缓
🦦	otter	水獭	otter | 水獭 | animal | fishing | playful | 动物 | 好玩 | 捕鱼 | 爱开玩笑 | 獭 | 鼬
🦨	skunk	臭鼬	skunk | 臭鼬 | animal | stink | 熏 | 臭 | 鼬
🦘	kangaroo	袋鼠	kangaroo | 袋鼠 | animal | joey | jump | marsupial | 动物 | 小袋鼠 | 有袋目动物 | 有袋类动物 | 澳洲 | 跳 | 跳跃
🦡	badger	獾	badger | 獾 | animal | honey | pester | 动物 | 打扰 | 纠缠 | 蜜獾
🐾	paw prints	爪印	paw prints | 爪印 | feet | paw | paws | print | prints | 爪 | 爪子 | 足迹
🦃	turkey	火鸡	turkey | 火鸡 | bird | gobble | thanksgiving | 感恩节
🐔	chicken	鸡	chicken | 鸡 | animal | bird | ornithology | 动物
🐓	rooster	公鸡	rooster | 公鸡 | animal | bird | ornithology | 动物 | 鸡
🐣	hatching chick	小鸡破壳	hatching chick | 小鸡破壳 | animal | baby | bird | chick | egg | hatching | 小鸡 | 破壳
🐤	baby chick	小鸡	baby chick | 小鸡 | animal | baby | bird | chick | ornithology | 鸡
🐥	front-facing baby chick	正面朝向的小鸡	front facing baby chick | 正面朝向的小鸡 | animal | baby | bird | chick | front facing | newborn | ornithology | 小鸡
🐦	bird	鸟	bird | 鸟 | animal | ornithology | 动物 | 鸟类学
🐧	penguin	企鹅	penguin | 企鹅 | animal | antarctica | bird | ornithology | 南极 | 南极洲
🕊️	dove	鸽	dove | 鸽 | bird | fly | ornithology | peace | 和平 | 和平象征 | 飞翔 | 鸟 | 鸽子
🦅	eagle	鹰	eagle | 鹰 | animal | bird | ornithology | 老鹰 | 鸟
🦆	duck	鸭子	duck | 鸭子 | animal | bird | ornithology | 鸟 | 鸭
🦢	swan	天鹅	swan | 天鹅 | animal | bird | cygnet | duckling | ornithology | ugly | 丑小鸭 | 动物 | 小天鹅 | 鸟
🦉	owl	猫头鹰	owl | 猫头鹰 | animal | bird | ornithology | wise | 睿智 | 鸟
🦤	dodo	渡渡鸟	dodo | 渡渡鸟 | animal | bird | extinction | large | ornithology | 动物 | 灭绝 | 鸟
🪶	feather	羽毛	feather | 羽毛 | bird | flight | light | plumage | 轻 | 飞 | 鸟
🦩	flamingo	火烈鸟	flamingo | 火烈鸟 | animal | bird | flamboyant | ornithology | tropical | 华丽 | 热带 | 红鹳 | 艳丽
🦚	peacock	孔雀	peacock | 孔雀 | animal | bird | colorful | ornithology | ostentatious | peahen | pretty | proud | 卖弄 | 招摇 | 色彩缤纷 | 雌孔雀 | 骄傲 | 鸟
🦜	parrot	鹦鹉	parrot | 鹦鹉 | animal | bird | ornithology | pirate | talk | 剽窃 | 模仿 | 说话 | 鸟
🪽	wing	翅膀	wing | 翅膀 | angelic | ascend | aviation | bird | fly | flying | heavenly | mythology | soar | 升天 | 天使 | 天使的 | 天堂的 | 神话 | 翱翔 | 飞翔 | 飞行 | 鸟
🐦‍⬛	black bird	黑色的鸟	black bird | 黑色的鸟 | animal | beak | bird | black | caw | corvid | crow | ornithology | raven | rook | 乌鸦 | 动物 | 喙 | 渡鸦 | 秃鼻乌鸦 | 老鸦 | 鸟 | 鸦叫声 | 鸦科 | 黑色
🪿	goose	鹅	goose | 鹅 | animal | bird | duck | flock | fowl | gaggle | gander | geese | honk | ornithology | silly | 傻 | 傻瓜 | 动物 | 嘎嘎叫声 | 家禽 | 雄鹅 | 鸟 | 鸣叫 | 鸭子 | 鸭群 | 鹅群
🐦‍🔥	phoenix	凤凰	phoenix | 凤凰 | ascend | ascension | emerge | fantasy | firebird | glory | immortal | rebirth | reincarnation | reinvent | renewal | revival | revive | rise | transform | 不朽 | 不死鸟 | 东山再起 | 凤凰传奇 | 幻兽 | 幻想 | 浴火重生 | 火鸟 | 灵魂转世 | 神奇动物 | 重生 | 重获新生
🐸	frog	青蛙	frog | 青蛙 | animal | face | 动物 | 头 | 脸 | 青蛙头
🐊	crocodile	鳄鱼	crocodile | 鳄鱼 | animal | zoo
🐢	turtle	龟	turtle | 龟 | animal | terrapin | tortoise | 乌龟 | 海龟 | 陆龟
🦎	lizard	蜥蜴	lizard | 蜥蜴 | animal | reptile | 爬行动物
🐍	snake	蛇	snake | 蛇 | animal | bearer | ophiuchus | serpent | zodiac | 持票人 | 狡猾的人 | 蛇夫座 | 黄道十二宫
🐲	dragon face	龙头	dragon face | 龙头 | animal | dragon | face | fairy | fairytale | tale | 神话 | 童话 | 龙
🐉	dragon	龙	dragon | 龙 | animal | fairy | fairytale | knights | tale | 中国 | 权力的游戏
🦕	sauropod	蜥蜴类	sauropod | 蜥蜴类 | brachiosaurus | brontosaurus | dinosaur | diplodocus | 万龙属 | 恐龙 | 梁龙 | 腕龙 | 雷龙
🦖	T-Rex	霸王龙	t rex | 霸王龙 | dinosaur | rex | t | tyrannosaurus | 恐龙 | 暴龙 | 暴龙君主
🐳	spouting whale	喷水的鲸	spouting whale | 喷水的鲸 | animal | beach | face | ocean | spouting | whale | 喷水 | 鲸
🐋	whale	鲸鱼	whale | 鲸鱼 | animal | beach | ocean
🐬	dolphin	海豚	dolphin | 海豚 | animal | beach | flipper | ocean | 鸭脚板
🦭	seal	海豹	seal | 海豹 | animal | lion | ocean | sea | 动物 | 海洋 | 海狮
🐟	fish	鱼	fish | 鱼 | animal | dinner | fishes | fishing | pisces | zodiac | 双鱼座 | 星座 | 黄道十二宫
🐠	tropical fish	热带鱼	tropical fish | 热带鱼 | animal | fish | fishes | tropical | 热带 | 鱼
🐡	blowfish	河豚	blowfish | 河豚 | animal | fish | 鱼
🦈	shark	鲨鱼	shark | 鲨鱼 | animal | fish | 鱼 | 鲨
🐙	octopus	章鱼	octopus | 章鱼 | animal | creature | ocean | 八爪 | 鱼
🐚	spiral shell	海螺	spiral shell | 海螺 | animal | beach | conch | sea | shell | spiral | 螺 | 螺旋
🪸	coral	珊瑚	coral | 珊瑚 | change | climate | ocean | reef | sea | 气候变化 | 海洋 | 珊瑚礁 | 礁
🪼	jellyfish	水母	jellyfish | 水母 | animal | aquarium | burn | invertebrate | jelly | life | marine | ocean | ouch | plankton | sea | sting | stinger | tentacles | 刺毛 | 动物 | 发光 | 哎哟 | 无脊椎动物 | 有刺动物 | 果冻 | 水族馆 | 浮游生物 | 海洋 | 海洋生物 | 海蜇 | 触手
🦀	crab	蟹	crab | 蟹 | cancer | zodiac | 巨蟹座 | 螃蟹 | 黄道十二宫
🦞	lobster	龙虾	lobster | 龙虾 | animal | bisque | claws | seafood | 浓汤 | 海鲜 | 红龙虾 | 贝类浓汤 | 钳 | 鳌
🦐	shrimp	虾	shrimp | 虾 | food | shellfish | small | 甲壳 | 贝类水产 | 食物
🦑	squid	乌贼	squid | 乌贼 | animal | food | mollusk | 软体动物 | 食物 | 鱿鱼 | 墨鱼
🦪	oyster	牡蛎	oyster | 牡蛎 | diving | pearl | 海鲜 | 珍珠 | 生蚝
🐌	snail	蜗牛	snail | 蜗牛 | animal | escargot | garden | nature | slug | 法国蜗牛
🦋	butterfly	蝴蝶	butterfly | 蝴蝶 | insect | pretty | 昆虫 | 漂亮 | 美丽
🐛	bug	毛毛虫	bug | 毛毛虫 | animal | garden | insect | 昆虫 | 毛虫
🐜	ant	蚂蚁	ant | 蚂蚁 | animal | garden | insect
🐝	honeybee	蜜蜂	honeybee | 蜜蜂 | animal | bee | bumblebee | honey | insect | nature | spring | 勤劳 | 昆虫 | 蜂蜜
🪲	beetle	甲虫	beetle | 甲虫 | animal | bug | insect | 动物 | 昆虫 | 虫子
🐞	lady beetle	瓢虫	lady beetle | 瓢虫 | animal | beetle | garden | insect | lady | ladybird | ladybug | nature | 昆虫 | 母
🦗	cricket	蟋蟀	cricket | 蟋蟀 | animal | bug | grasshopper | insect | orthoptera | 昆虫 | 蚱蜢 | 蛐蛐
🪳	cockroach	蟑螂	cockroach | 蟑螂 | animal | insect | pest | roach | 动物 | 害虫 | 小强 | 昆虫 | 虫子
🕷️	spider	蜘蛛	spider | 蜘蛛 | animal | insect | 昆虫
🕸️	spider web	蜘蛛网	spider web | 蜘蛛网 | spider | web | 蛛网 | 蜘蛛
🦂	scorpion	蝎子	scorpion | 蝎子 | scorpio | scorpius | zodiac | 天蝎宫 | 天蝎座 | 黄道十二宫
🦟	mosquito	蚊子	mosquito | 蚊子 | bite | disease | fever | insect | malaria | pest | virus | 发烧 | 发热 | 昆虫 | 疟疾 | 疾病 | 病 | 病毒
🪰	fly	苍蝇	fly | 苍蝇 | animal | disease | insect | maggot | pest | rotting | 动物 | 害虫 | 疾病 | 腐烂 | 虫子 | 蛆
🪱	worm	蠕虫	worm | 蠕虫 | animal | annelid | earthworm | parasite | 动物 | 寄生虫 | 环节动物 | 蚯蚓
🦠	microbe	细菌	microbe | 细菌 | amoeba | bacteria | science | virus | 变形虫 | 病毒 | 科学 | 阿米巴
💐	bouquet	花束	bouquet | 花束 | anniversary | birthday | date | flower | love | plant | romance | 周年纪念 | 生日 | 罗曼史 | 鲜花
🌸	cherry blossom	樱花	cherry blossom | 樱花 | blossom | cherry | flower | plant | spring | springtime | 花
💮	white flower	白花	white flower | 白花 | flower | white | 花
🪷	lotus	莲花	lotus | 莲花 | beauty | buddhism | calm | flower | hinduism | peace | purity | serenity | 佛教 | 印度教 | 幽静 | 恬静 | 纯洁 | 花 | 花朵
🏵️	rosette	圆形花饰	rosette | 圆形花饰 | plant | 光荣花 | 植物 | 花 | 花圈
🌹	rose	玫瑰	rose | 玫瑰 | beauty | elegant | flower | love | plant | red | valentine | 优雅 | 红玫瑰 | 花
🥀	wilted flower	枯萎的花	wilted flower | 枯萎的花 | dying | flower | wilted | 凋谢 | 枯萎 | 花
🌺	hibiscus	芙蓉	hibiscus | 芙蓉 | flower | plant | 木槿 | 植物 | 花
🌻	sunflower	向日葵	sunflower | 向日葵 | flower | outdoors | plant | sun | 太阳 | 太阳花 | 花
🌼	blossom	开花	blossom | 开花 | buttercup | dandelion | flower | plant | 花 | 蒲公英
🌷	tulip	郁金香	tulip | 郁金香 | blossom | flower | growth | plant | 开花 | 花
🪻	hyacinth	风信子	hyacinth | 风信子 | bloom | bluebonnet | flower | indigo | lavender | lilac | lupine | plant | purple | shrub | snapdragon | spring | violet | 春天 | 植物 | 灌木 | 矢车菊 | 紫丁香 | 紫罗兰 | 紫色 | 羽扇豆 | 花 | 花朵 | 蓝帽花 | 薰衣草 | 金鱼草 | 靛蓝
🌱	seedling	幼苗	seedling | 幼苗 | plant | sapling | sprout | young | 发芽 | 芽 | 苗
🪴	potted plant	盆栽植物	potted plant | 盆栽植物 | decor | grow | house | nurturing | plant | pot | potted | 培育 | 房子 | 枯燥 | 植物 | 生长 | 盆景 | 盆栽 | 花盆
🌲	evergreen tree	松树	evergreen tree | 松树 | christmas | evergreen | forest | pine | tree | 圣诞树 | 常青树 | 树
🌳	deciduous tree	落叶树	deciduous tree | 落叶树 | deciduous | forest | green | habitat | shedding | tree | 树 | 落叶 | 落叶植物
🌴	palm tree	棕榈树	palm tree | 棕榈树 | beach | palm | plant | tree | tropical | 树 | 棕榈 | 热带
🌵	cactus	仙人掌	cactus | 仙人掌 | desert | drought | nature | plant | 干旱 | 植物 | 沙漠
🌾	sheaf of rice	稻子	sheaf of rice | 稻子 | ear | grain | grains | plant | rice | sheaf | 稻 | 米 | 粮食 | 谷物
🌿	herb	药草	herb | 药草 | leaf | plant | 草药 | 香草
☘️	shamrock	三叶草	shamrock | 三叶草 | irish | plant | 爱尔兰 | 苜蓿 | 酢浆草
🍀	four leaf clover	四叶草	four leaf clover | 四叶草 | 4 | clover | four | four leaf | irish | leaf | lucky | plant | 幸运 | 爱尔兰的
🍁	maple leaf	枫叶	maple leaf | 枫叶 | falling | leaf | maple | 树叶 | 秋叶 | 落叶
🍂	fallen leaf	落叶	fallen leaf | 落叶 | autumn | fall | fallen | falling | leaf | 叶 | 秋
🍃	leaf fluttering in wind	风吹叶落	leaf fluttering in wind | 风吹叶落 | blow | flutter | fluttering | leaf | wind | 叶子 | 树叶 | 随风飘舞
🪹	empty nest	空巢	empty nest | 空巢 | branch | empty | home | nest | nesting | 家 | 树枝 | 筑巢 | 鸟巢
🪺	nest with eggs	有蛋的巢	nest with eggs | 有蛋的巢 | bird | branch | egg | eggs | nest | nesting | 树枝 | 筑巢 | 蛋 | 鸟 | 鸟巢 | 鸟蛋
🍄	mushroom	蘑菇	mushroom | 蘑菇 | fungus | toadstool | 毒蕈 | 真菌
🪾	leafless tree	无叶树	leafless tree | 无叶树 | bare | barren | branches | dead | drought | leafless | tree | trunk | winter | wood | 冬天 | 冬季 | 干旱 | 无叶 | 木 | 树 | 树干 | 树枝 | 死 | 秃 | 荒芜
🍇	grapes	葡萄	grapes | 葡萄 | dionysus | fruit | grape | 水果
🍈	melon	甜瓜	melon | 甜瓜 | cantaloupe | fruit | 哈密瓜 | 水果 | 蜜瓜 | 香瓜
🍉	watermelon	西瓜	watermelon | 西瓜 | fruit | 水果
🍊	tangerine	橘子	tangerine | 橘子 | c | citrus | fruit | nectarine | orange | vitamin | 柑桔 | 柑橘 | 桔子 | 水果 | 油桃 | 维他命 c
🍋	lemon	柠檬	lemon | 柠檬 | citrus | fruit | sour | 柑橘 | 水果 | 酸
🍋‍🟩	lime	青柠	lime | 青柠 | acidity | citrus | cocktail | fruit | garnish | key | margarita | mojito | refreshing | salsa | sour | tangy | tequila | tropical | zest | 柑橘属 | 橘属 | 水果 | 清爽 | 热带 | 绿色 | 莫吉托 | 调味汁 | 酸味酒精饮料 | 酸橙 | 酸橙派 | 酸爽
🍌	banana	香蕉	banana | 香蕉 | fruit | potassium | 水果 | 钾
🍍	pineapple	菠萝	pineapple | 菠萝 | colada | fruit | pina | tropical | 水果 | 热带
🥭	mango	芒果	mango | 芒果 | food | fruit | tropical | 水果 | 热带 | 食物
🍎	red apple	红苹果	red apple | 红苹果 | apple | diet | food | fruit | health | red | ripe | 健康 | 水果 | 熟 | 红 | 苹果 | 食物
🍏	green apple	青苹果	green apple | 青苹果 | apple | fruit | green | 水果 | 苹果 | 青
🍐	pear	梨	pear | 梨 | fruit | 水果
🍑	peach	桃	peach | 桃 | fruit | 水果
🍒	cherries	樱桃	cherries | 樱桃 | berries | cherry | fruit | red | 水果
🍓	strawberry	草莓	strawberry | 草莓 | berry | fruit | 水果 | 浆果
🫐	blueberries	蓝莓	blueberries | 蓝莓 | berries | berry | bilberry | blue | blueberry | food | fruit | 水果 | 浆果 | 越桔 | 食物
🥝	kiwi fruit	猕猴桃	kiwi fruit | 猕猴桃 | food | fruit | kiwi | 奇异果 | 水果 | 食物
🍅	tomato	西红柿	tomato | 西红柿 | food | fruit | vegetable | 水果 | 番茄 | 蔬菜
🫒	olive	橄榄	olive | 橄榄 | food | 食物
🥥	coconut	椰子	coconut | 椰子 | colada | palm | piña | 棕榈 | 菠萝椰子兰姆酒
🥑	avocado	鳄梨	avocado | 鳄梨 | food | fruit | 水果 | 牛油果 | 酪梨 | 食物 | 黄油果
🍆	eggplant	茄子	eggplant | 茄子 | aubergine | vegetable | 蔬菜
🥔	potato	土豆	potato | 土豆 | food | vegetable | 蔬菜 | 食物 | 马铃薯
🥕	carrot	胡萝卜	carrot | 胡萝卜 | food | vegetable | 蔬菜 | 食物
🌽	ear of corn	玉米	ear of corn | 玉米 | corn | crops | ear | farm | maize | maze | 农作物 | 包谷 | 苞米
🌶️	hot pepper	红辣椒	hot pepper | 红辣椒 | hot | pepper | 辣 | 辣椒
🫑	bell pepper	灯笼椒	bell pepper | 灯笼椒 | bell | capsicum | food | pepper | vegetable | 蔬菜 | 辣椒 | 青椒 | 食物
🥒	cucumber	黄瓜	cucumber | 黄瓜 | food | pickle | vegetable | 泡菜 | 腌菜 | 蔬菜 | 食物
🥬	leafy green	绿叶蔬菜	leafy green | 绿叶蔬菜 | bok | burgers | cabbage | choy | green | kale | leafy | lettuce | salad | 卷心菜 | 圆白菜 | 小白菜 | 甘蓝 | 生菜 | 羽衣甘蓝 | 色拉 | 莴苣
🥦	broccoli	西兰花	broccoli | 西兰花 | cabbage | wild | 甘蓝 | 野生卷心菜
🧄	garlic	蒜	garlic | 蒜 | flavoring | 佐料 | 大蒜 | 蒜头 | 调味
🧅	onion	洋葱	onion | 洋葱 | flavoring | 佐料 | 调味
🥜	peanuts	花生	peanuts | 花生 | food | nut | peanut | vegetable | 坚果 | 蔬菜 | 食物
🫘	beans	豆	beans | 豆 | food | kidney | legume | small | 肾 | 豆子 | 豆类 | 食物
🌰	chestnut	栗子	chestnut | 栗子 | almond | plant | 杏仁
🫚	ginger root	姜	ginger root | 姜 | beer | ginger | health | herb | natural | root | spice | 健康 | 啤酒 | 天然 | 根 | 根汁啤酒 | 根茎 | 草药 | 香料
🫛	pea pod	豌豆荚	pea pod | 豌豆荚 | beans | beanstalk | edamame | legume | pea | pod | soybean | vegetable | veggie | 大豆 | 毛豆 | 素食者 | 荚 | 蔬菜 | 豆 | 豆类 | 豆茎 | 豆荚 | 豌豆 | 黄豆
🍄‍🟫	brown mushroom	褐色蘑菇	brown mushroom | 褐色蘑菇 | food | fungi | fungus | mushroom | nature | pizza | portobello | shiitake | shroom | spore | sprout | toppings | truffle | vegetable | vegetarian | veggie | 披萨配料 | 拖沓 | 无聊 | 棕色 | 植物 | 素食 | 素食主义者 | 自然 | 菌类 | 蔬菜 | 蘑菇 | 褐色 | 褐菇 | 食物
🫜	root vegetable	根菜	root vegetable | 根菜 | beet | food | garden | radish | root | salad | turnip | vegetable | vegetarian | 根 | 甜菜 | 素食 | 色拉 | 芜菁 | 菜园 | 萝卜 | 蔬菜 | 食物
🍞	bread	面包	bread | 面包 | carbs | food | grain | loaf | restaurant | toast | wheat | 一条面包 | 全麦面包 | 小麦 | 淀粉 | 烤面包 | 谷类 | 食物 | 餐厅
🥐	croissant	羊角面包	croissant | 羊角面包 | bread | breakfast | crescent | food | french | roll | 新月形面包 | 法式 | 牛角面包 | 面包 | 食物
🥖	baguette bread	法式长棍面包	baguette bread | 法式长棍面包 | baguette | bread | food | french | 法式 | 法式长条面包 | 面包 | 食物
🫓	flatbread	扁面包	flatbread | 扁面包 | arepa | bread | food | gordita | lavash | naan | pita | 圆盘状烤饼 | 玉米饼 | 皮塔饼 | 薄脆饼 | 面包 | 面饼 | 食物
🥨	pretzel	椒盐卷饼	pretzel | 椒盐卷饼 | convoluted | twisted | 弯曲 | 扭曲食品 | 盘绕 | 缠绕 | 错综复杂
🥯	bagel	面包圈	bagel | 面包圈 | bakery | bread | breakfast | schmear | 奶酪酱 | 早餐 | 烘烤食品 | 硬面包圈 | 贝果 | 面包
🥞	pancakes	烙饼	pancakes | 烙饼 | breakfast | crêpe | food | hotcake | pancake | 煎饼 | 薄煎饼 | 薄饼 | 食物
🧇	waffle	华夫饼	waffle | 华夫饼 | breakfast | indecisive | iron | 松饼 | 格子饼 | 点心 | 烤 | 甜点 | 窝夫饼
🧀	cheese wedge	芝士	cheese wedge | 芝士 | cheese | wedge | 奶酪 | 起司
🍖	meat on bone	排骨	meat on bone | 排骨 | bone | meat | 带骨的肉 | 肉 | 骨
🍗	poultry leg	家禽的腿	poultry leg | 家禽的腿 | bone | chicken | drumstick | hungry | leg | poultry | turkey | 家禽 | 火鸡 | 饿 | 骨 | 鸡肉 | 鸡腿
🥩	cut of meat	肉块	cut of meat | 肉块 | chop | cut | lambchop | meat | porkchop | red | steak | 排骨 | 牛排 | 猪排 | 红肉 | 羊排 | 肉 | 肉排
🥓	bacon	培根	bacon | 培根 | breakfast | food | meat | 烟肉 | 熏肉 | 肉 | 背肯 | 食物
🍔	hamburger	汉堡	hamburger | 汉堡 | burger | eat | fast | food | hungry | 吃 | 汉堡包 | 速食 | 食物 | 饿
🍟	french fries	薯条	french fries | 薯条 | fast | food | french | fries | 快餐 | 油炸 | 食物
🍕	pizza	披萨	pizza | 披萨 | cheese | food | hungry | pepperoni | slice | 一片比萨 | 比萨 | 比萨饼 | 起司 | 辣味香肠 | 食物 | 饿
🌭	hot dog	热狗	hot dog | 热狗 | dog | frankfurter | hot | hotdog | sausage | 香肠
🥪	sandwich	三明治	sandwich | 三明治 | bread | 面包
🌮	taco	墨西哥卷饼	taco | 墨西哥卷饼 | mexican | 卷饼 | 玉米卷饼 | 墨西哥 | 墨西哥玉米卷
🌯	burrito	墨西哥玉米煎饼	burrito | 墨西哥玉米煎饼 | mexican | wrap | 卷饼 | 玉米煎饼 | 墨西哥 | 墨西哥卷饼
🫔	tamale	墨西哥粽子	tamale | 墨西哥粽子 | food | mexican | pamonha | wrapped | 巴西粽 | 粽子 | 食物 | 墨西哥 | 墨西哥饼
🥙	stuffed flatbread	夹心饼	stuffed flatbread | 夹心饼 | falafel | flatbread | food | gyro | kebab | stuffed | 大饼 | 夹心 | 沙拉三明治 | 炸豆丸子 | 烤肉串 | 肉夹馍 | 食物
🧆	falafel	炸豆丸子	falafel | 炸豆丸子 | chickpea | meatball | 中东蔬菜球 | 油炸鹰嘴豆饼 | 肉丸 | 鹰嘴豆
🥚	egg	蛋	egg | 蛋 | breakfast | food | 食物
🍳	cooking	煎蛋	cooking | 煎蛋 | breakfast | easy | egg | fry | frying | over | pan | restaurant | side | sunny | up | 一面老一面嫩的煎蛋 | 做菜 | 只煎一面老 | 平底锅 | 早餐 | 煎 | 蛋 | 食堂
🥘	shallow pan of food	装有食物的浅底锅	shallow pan of food | 装有食物的浅底锅 | casserole | food | paella | pan | shallow | 平底锅 | 浅底 | 炖菜 | 炖锅 | 煎锅 | 西班牙海鲜饭 | 食物
🍲	pot of food	一锅食物	pot of food | 一锅食物 | food | pot | soup | stew | 炖菜 | 锅 | 食物
🫕	fondue	奶酪火锅	fondue | 奶酪火锅 | cheese | chocolate | food | melted | pot | ski | 奶酪 | 奶酪锅 | 巧克力 | 火锅 | 煮 | 煲汤 | 瑞士 | 融化 | 锅 | 食物
🥣	bowl with spoon	碗勺	bowl with spoon | 碗勺 | bowl | breakfast | cereal | congee | oatmeal | porridge | spoon | 早餐 | 燕麦 | 燕麦粥 | 碗中汤匙 | 碗和汤匙 | 稀饭 | 粥 | 谷物
🥗	green salad	绿色沙拉	green salad | 绿色沙拉 | food | green | salad | 沙拉 | 绿色蔬菜 | 食物
🍿	popcorn	爆米花	popcorn | 爆米花 | corn | movie | pop | 看电影
🧈	butter	黄油	butter | 黄油 | dairy | 乳制品 | 牛奶
🧂	salt	盐	salt | 盐 | condiment | flavor | mad | salty | shaker | taste | upset | 佐料瓶 | 味道 | 咸 | 火大 | 调味品 | 调味料
🥫	canned food	罐头食品	canned food | 罐头食品 | can | canned | food | 罐头
🍱	bento box	盒饭	bento box | 盒饭 | bento | box | food | 便当 | 便当盒 | 食物
🍘	rice cracker	米饼	rice cracker | 米饼 | cracker | food | rice | 米 | 米果 | 食物
🍙	rice ball	饭团	rice ball | 饭团 | ball | food | japanese | rice | 日式饭团 | 日本 | 米 | 食物
🍚	cooked rice	米饭	cooked rice | 米饭 | cooked | food | rice | 主食 | 米 | 食物 | 饭
🍛	curry rice	咖喱饭	curry rice | 咖喱饭 | curry | food | rice | 咖喱 | 食物 | 饭
🍜	steaming bowl	面条	steaming bowl | 面条 | bowl | chopsticks | food | noodle | pho | ramen | soup | steaming | 拉面 | 河粉 | 热气腾腾 | 热气腾腾面碗 | 碗 | 筷子 | 食物
🍝	spaghetti	意粉	spaghetti | 意粉 | food | meatballs | pasta | restaurant | 意大利面 | 意面 | 肉丸 | 食物 | 餐厅
🍠	roasted sweet potato	烤红薯	roasted sweet potato | 烤红薯 | food | potato | roasted | sweet | 地瓜 | 烤地瓜 | 红薯 | 食物
🍢	oden	关东煮	oden | 关东煮 | food | kebab | restaurant | seafood | skewer | stick | 串 | 卡博 | 海鲜 | 食物 | 餐馆
🍣	sushi	寿司	sushi | 寿司 | food | 食物
🍤	fried shrimp	天妇罗	fried shrimp | 天妇罗 | fried | prawn | shrimp | tempura | 对虾 | 油炸 | 炸虾 | 虾
🍥	fish cake with swirl	鱼板	fish cake with swirl | 鱼板 | cake | fish | food | pastry | restaurant | swirl | 鱼 | 鱼饼
🥮	moon cake	月饼	moon cake | 月饼 | autumn | cake | festival | moon | yuèbǐng | 中秋节 | 秋 | 秋天 | 节日
🍡	dango	团子	dango | 团子 | dessert | japanese | skewer | stick | sweet | 串 | 和果子 | 日本 | 甜点 | 糖葫芦
🥟	dumpling	饺子	dumpling | 饺子 | empanada | gyōza | jiaozi | pierogi | potsticker | 恩潘纳达 | 水饺 | 波兰饺子 | 煎饺
🥠	fortune cookie	幸运饼干	fortune cookie | 幸运饼干 | cookie | fortune | prophecy | 签餅 | 算命 | 预言
🥡	takeout box	外卖盒	takeout box | 外卖盒 | box | chopsticks | delivery | food | oyster | pail | takeout | 中式外卖 | 外卖 | 外卖包装 | 外卖桶 | 外卖餐盒 | 牡蛎桶 | 盒饭 | 筷子 | 送餐 | 送餐服务
🍦	soft ice cream	圆筒冰激凌	soft ice cream | 圆筒冰激凌 | cream | dessert | food | ice | icecream | restaurant | serve | soft | sweet | 冰淇淋 | 圆筒冰淇淋 | 甜 | 甜点 | 霜淇淋 | 食物
🍧	shaved ice	刨冰	shaved ice | 刨冰 | dessert | ice | restaurant | shaved | sweet | 冰 | 冰沙 | 沙冰 | 甜 | 甜点 | 餐馆
🍨	ice cream	冰淇淋	ice cream | 冰淇淋 | cream | dessert | food | ice | restaurant | sweet | 冰 | 冰激凌 | 奶油 | 甜 | 甜点 | 雪糕
🍩	doughnut	甜甜圈	doughnut | 甜甜圈 | breakfast | dessert | donut | food | sweet | 甜 | 甜点 | 食物
🍪	cookie	饼干	cookie | 饼干 | chip | chocolate | dessert | sweet | 巧克力片 | 曲奇 | 曲奇饼 | 甜点
🎂	birthday cake	生日蛋糕	birthday cake | 生日蛋糕 | bday | birthday | cake | celebration | dessert | happy | pastry | sweet | 庆祝 | 甜 | 甜点 | 生日 | 生日快乐 | 糕点 | 蛋糕
🍰	shortcake	水果蛋糕	shortcake | 水果蛋糕 | cake | dessert | pastry | slice | sweet | 一片蛋糕 | 奶油 | 奶油酥饼 | 甜点 | 糕点 | 蛋糕
🧁	cupcake	纸杯蛋糕	cupcake | 纸杯蛋糕 | bakery | dessert | sprinkles | sugar | sweet | treat | 烘焙食品 | 甜点 | 请客 | 面包店
🥧	pie	派	pie | 派 | apple | filling | fruit | meat | pastry | pumpkin | slice | 一片派 | 南瓜派 | 水果派 | 油酥点心 | 糕点 | 肉排 | 苹果派 | 馅
🍫	chocolate bar	巧克力	chocolate bar | 巧克力 | bar | candy | chocolate | dessert | halloween | sweet | tooth | 万圣节 | 巧克力棒 | 甜 | 甜品 | 甜点 | 糖果
🍬	candy	糖	candy | 糖 | cavities | dessert | halloween | restaurant | sweet | tooth | wrapper | 万圣节 | 嗜甜食 | 爱吃甜食 | 甜 | 甜点 | 糖果 | 糖果纸 | 蛀牙 | 餐馆
🍭	lollipop	棒棒糖	lollipop | 棒棒糖 | candy | dessert | food | restaurant | sweet | 果子 | 甜 | 糖 | 糖果
🍮	custard	奶黄	custard | 奶黄 | dessert | pudding | sweet | 卡士达 | 甜点 | 蛋奶冻 | 蛋奶沙司
🍯	honey pot	蜂蜜	honey pot | 蜂蜜 | barrel | bear | food | honey | honeypot | jar | pot | sweet | 小熊维尼 | 桶 | 甜 | 蜜罐
🍼	baby bottle	奶瓶	baby bottle | 奶瓶 | babies | baby | birth | born | bottle | drink | infant | milk | newborn | 奶 | 婴儿 | 新生儿
🥛	glass of milk	一杯奶	glass of milk | 一杯奶 | drink | glass | milk | 喝 | 奶 | 杯 | 牛奶
☕	hot beverage	热饮	hot beverage | 热饮 | beverage | cafe | caffeine | chai | coffee | drink | hot | morning | steaming | tea | 咖啡 | 早晨 | 星巴克 | 热气腾腾 | 茶 | 饮料
🫖	teapot	茶壶	teapot | 茶壶 | brew | drink | food | pot | tea | 冲泡 | 壶 | 茶 | 食物
🍵	teacup without handle	热茶	teacup without handle | 热茶 | beverage | cup | drink | handle | oolong | tea | teacup | 乌龙茶 | 无柄茶杯 | 杯 | 没有把手的茶杯 | 热饮 | 茶 | 茶杯 | 饮料
🍶	sake	清酒	sake | 清酒 | bar | beverage | bottle | cup | drink | restaurant | 喝酒 | 清酒杯 | 清酒瓶 | 瓶 | 酒 | 酒吧 | 酒杯 | 饮料
🍾	bottle with popping cork	开香槟	bottle with popping cork | 开香槟 | bar | bottle | cork | drink | popping | 喝酒 | 庆祝 | 木塞 | 瓶子 | 砰 | 砰木塞的瓶子 | 香槟
🍷	wine glass	葡萄酒	wine glass | 葡萄酒 | alcohol | bar | beverage | booze | club | drink | drinking | drinks | glass | restaurant | wine | 俱乐部 | 喝酒 | 酒 | 酒吧 | 酒杯 | 饮料
🍸	cocktail glass	鸡尾酒	cocktail glass | 鸡尾酒 | alcohol | bar | booze | club | cocktail | drink | drinking | drinks | glass | mad | martini | men | 俱乐部 | 喝酒 | 杯 | 玻璃杯 | 酒 | 酒吧 | 马丁尼 | 鸡尾酒杯
🍹	tropical drink	热带水果饮料	tropical drink | 热带水果饮料 | alcohol | bar | booze | club | cocktail | drink | drinking | drinks | drunk | mai | party | tai | tropical | tropics | 俱乐部 | 喝酒 | 热带饮料 | 酒 | 酒吧 | 饮料 | 鸡尾酒
🍺	beer mug	啤酒	beer mug | 啤酒 | alcohol | ale | bar | beer | booze | drink | drinking | drinks | mug | octoberfest | oktoberfest | pint | stein | summer | 啤酒节 | 喝酒 | 杯 | 酒 | 酒吧
🍻	clinking beer mugs	干杯	clinking beer mugs | 干杯 | alcohol | bar | beer | booze | bottoms | cheers | clink | clinking | drinking | drinks | mugs | 啤酒 | 喝酒 | 碰杯 | 酒 | 酒吧
🥂	clinking glasses	碰杯	clinking glasses | 碰杯 | celebrate | clink | clinking | drink | glass | glasses | 喝 | 干杯 | 庆祝 | 杯
🥃	tumbler glass	平底杯	tumbler glass | 平底杯 | glass | liquor | scotch | shot | tumbler | whiskey | whisky | 一杯威士忌 | 威士忌 | 平底无脚杯 | 杯 | 玻璃杯 | 酒 | 随行杯
🫗	pouring liquid	倾倒液体	pouring liquid | 倾倒液体 | accident | drink | empty | glass | liquid | oops | pour | pouring | spill | water | 倒出 | 倾倒 | 洒出 | 流出 | 玻璃杯 | 碰倒 | 空 | 饮料
🥤	cup with straw	带吸管杯	cup with straw | 带吸管杯 | cup | drink | juice | malt | soda | soft | straw | water | 带吸管的杯子 | 果汁 | 水 | 汽水 | 苏打 | 苏打饮料 | 软饮料 | 麦乳精饮料
🧋	bubble tea	珍珠奶茶	bubble tea | 珍珠奶茶 | boba | bubble | food | milk | pearl | tea | 奶茶 | 泡泡 | 牛奶 | 珍珠 | 茶 | 茶饮 | 饮料
🧃	beverage box	饮料盒	beverage box | 饮料盒 | beverage | box | juice | straw | sweet | 吸管 | 果汁 | 果汁盒 | 甜味 | 盒装
🧉	mate	马黛茶	mate | 马黛茶 | drink | 茶 | 饮料
🧊	ice	冰块	ice | 冰块 | cold | cube | iceberg | 冰 | 冰冷 | 冰山 | 冷 | 冷却 | 冷饮
🥢	chopsticks	筷子	chopsticks | 筷子 | hashi | jeotgarak | kuaizi | 箸
🍽️	fork and knife with plate	餐具	fork and knife with plate | 餐具 | cooking | dinner | eat | fork | knife | plate | 做菜 | 刀 | 刀叉与盘 | 叉 | 晚餐 | 烹饪 | 盘 | 西餐
🍴	fork and knife	刀叉	fork and knife | 刀叉 | breakfast | breaky | cooking | cutlery | delicious | dinner | eat | feed | food | fork | hungry | knife | lunch | restaurant | yum | yummy | 中餐 | 刀 | 午餐 | 叉 | 吃 | 吃早餐 | 吃饭 | 好吃 | 早餐 | 晚餐 | 烹调 | 西餐 | 餐具 | 饿了
🥄	spoon	匙	spoon | 匙 | eat | tableware | 勺 | 勺子 | 匙子 | 汤匙 | 调羹 | 餐具
🔪	kitchen knife	菜刀	kitchen knife | 菜刀 | chef | cooking | hocho | kitchen | knife | tool | weapon | 主厨 | 刀 | 武器 | 烹饪
🫙	jar	罐	jar | 罐 | condiment | container | empty | nothing | sauce | store | 容器 | 瓶子 | 空 | 空瓶 | 调味品 | 贮藏 | 酱
🏺	amphora	双耳瓶	amphora | 双耳瓶 | aquarius | cooking | drink | jug | tool | weapon | zodiac | 壶 | 水瓶 | 罐
🌍	globe showing Europe-Africa	地球上的欧洲非洲	globe showing europe africa | 地球上的欧洲非洲 | africa | earth | europe | europe africa | globe | showing | world | 世界 | 地球 | 欧洲 | 非洲
🌎	globe showing Americas	地球上的美洲	globe showing americas | 地球上的美洲 | americas | earth | globe | showing | world | 世界 | 全球 | 地球 | 美洲
🌏	globe showing Asia-Australia	地球上的亚洲澳洲	globe showing asia australia | 地球上的亚洲澳洲 | asia | asia australia | australia | earth | globe | showing | world | 世界 | 亚洲 | 亚澳 | 全球 | 地球 | 地球上的亚洲 | 澳洲
🌐	globe with meridians	带经纬线的地球	globe with meridians | 带经纬线的地球 | earth | globe | internet | meridians | web | world | worldwide | 世界 | 全球 | 地球 | 子午线 | 经纬 | 经线
🗺️	world map	世界地图	world map | 世界地图 | map | world | 世界 | 地图
🗾	map of Japan	日本地图	map of japan | 日本地图 | japan | map | 地图 | 日本
🧭	compass	指南针	compass | 指南针 | direction | magnetic | navigation | orienteering | 定向 | 导航 | 方向 | 磁性 | 罗盘
🏔️	snow-capped mountain	雪山	snow capped mountain | 雪山 | cold | mountain | snow | snow capped | 冷 | 山 | 泠 | 雪 | 雪封山头 | 雪顶
⛰️	mountain	山	mountain | 山 | 峰
🌋	volcano	火山	volcano | 火山 | eruption | mountain | nature | 喷发 | 大自然 | 山 | 爆发
🗻	mount fuji	富士山	mount fuji | 富士山 | fuji | mount | mountain | nature | 大自然 | 山
🏕️	camping	露营	camping | 露营 | 帐篷
🏖️	beach with umbrella	沙滩伞	beach with umbrella | 沙滩伞 | beach | umbrella | 伞 | 有伞的海滩 | 沙滩 | 海滩 | 阳伞
🏜️	desert	沙漠	desert | 沙漠 | 荒漠
🏝️	desert island	无人荒岛	desert island | 无人荒岛 | desert | island | 岛 | 沙滩孤岛 | 沙漠 | 荒岛
🏞️	national park	国家公园	national park | 国家公园 | national | park | 公园 | 自然 | 风景
🏟️	stadium	体育馆	stadium | 体育馆 | 竞技场
🏛️	classical building	古典建筑	classical building | 古典建筑 | building | classical | 古典 | 古建筑
🏗️	building construction	施工	building construction | 施工 | building | construction | crane | 兴建 | 建筑施工
🧱	brick	砖	brick | 砖 | bricks | clay | mortar | wall | 墙 | 砂浆 | 黏土
🪨	rock	岩石	rock | 岩石 | boulder | heavy | solid | stone | tough | 固体 | 坚不可摧 | 巨石 | 石头
🪵	wood	木头	wood | 木头 | log | lumber | timber | 原木 | 圆木 | 木材 | 木桩
🛖	hut	小屋	hut | 小屋 | home | house | roundhouse | shelter | yurt | 圆屋 | 家 | 茅屋 | 蒙古包
🏘️	houses	房屋建筑	houses | 房屋建筑 | house | 住宅 | 小区 | 房 | 房子
🏚️	derelict house	废墟	derelict house | 废墟 | derelict | home | house | 废屋 | 荒宅 | 荒废 | 鬼屋
🏠	house	房子	house | 房子 | building | country | heart | home | ranch | settle | simple | suburban | suburbia | where | 住家 | 家 | 乡村家园 | 建筑 | 心之所在 | 房屋 | 郊区
🏡	house with garden	别墅	house with garden | 别墅 | building | country | garden | heart | home | house | ranch | settle | simple | suburban | suburbia | where | 住家 | 家 | 乡村家园 | 庭院 | 庭院居家 | 建筑 | 心之所在 | 房子 | 花园 | 郊区
🏢	office building	办公楼	office building | 办公楼 | building | city | cubical | job | office | 写字楼 | 建筑
🏣	Japanese post office	日本邮局	japanese post office | 日本邮局 | building | japanese | office | post | 建筑 | 日本 | 邮便 | 邮局
🏤	post office	邮局	post office | 邮局 | building | european | office | post | 建筑 | 欧洲 | 欧洲邮局
🏥	hospital	医院	hospital | 医院 | building | doctor | medicine | 医生 | 医药 | 建筑 | 看病
🏦	bank	银行	bank | 银行 | building | 建筑
🏨	hotel	酒店	hotel | 酒店 | building | 建筑 | 旅馆
🏩	love hotel	情人酒店	love hotel | 情人酒店 | building | hotel | love | 建筑 | 情人旅馆 | 情侣酒店 | 旅馆
🏪	convenience store	便利店	convenience store | 便利店 | 24 | building | convenience | hours | store | 24 小时 | 商店 | 建筑
🏫	school	学校	school | 学校 | building | 建筑 | 教学楼
🏬	department store	商场	department store | 商场 | building | department | store | 建筑 | 百货公司 | 百货商城 | 百货商店
🏭	factory	工厂	factory | 工厂 | building | 建筑
🏯	Japanese castle	日本城堡	japanese castle | 日本城堡 | building | castle | japanese | 城堡 | 建筑 | 日本
🏰	castle	欧洲城堡	castle | 欧洲城堡 | building | european | 城堡 | 建筑 | 欧洲
💒	wedding	婚礼	wedding | 婚礼 | chapel | hitched | nuptials | romance | 教堂 | 浪漫 | 结婚
🗼	Tokyo tower	东京塔	tokyo tower | 东京塔 | tokyo | tower | 东京 | 塔
🗽	Statue of Liberty	自由女神像	statue of liberty | 自由女神像 | liberty | new | ny | nyc | statue | york | 塑像 | 纽约 | 自由 | 雕塑
⛪	church	教堂	church | 教堂 | bless | chapel | christian | cross | religion | 基督 | 基督教 | 宗教 | 小教堂
🕌	mosque	清真寺	mosque | 清真寺 | islam | masjid | muslim | religion | 伊斯兰 | 宗教 | 穆斯林
🛕	hindu temple	印度寺庙	hindu temple | 印度寺庙 | hindu | temple | 佛寺 | 佛教 | 寺庙 | 寺院 | 庙宇
🕍	synagogue	犹太教堂	synagogue | 犹太教堂 | jew | jewish | judaism | religion | temple | 会堂 | 宗教 | 犹太 | 犹太教
⛩️	shinto shrine	神社	shinto shrine | 神社 | religion | shinto | shrine | 宗教 | 日本 | 神道教
🕋	kaaba	克尔白	kaaba | 克尔白 | hajj | islam | muslim | religion | umrah | 伊斯兰 | 天房 | 宗教 | 穆斯林
⛲	fountain	喷泉	fountain | 喷泉
⛺	tent	帐篷	tent | 帐篷 | camping | 露营
🌁	foggy	有雾	foggy | 有雾 | fog | 雾 | 霾
🌃	night with stars	夜晚	night with stars | 夜晚 | night | star | stars | 星空 | 晚上
🏙️	cityscape	城市风光	cityscape | 城市风光 | city | 城市 | 都市 | 都市景观 | 高楼大厦
🌄	sunrise over mountains	山顶日出	sunrise over mountains | 山顶日出 | morning | mountains | over | sun | sunrise | 太阳 | 山 | 日出 | 早晨 | 清晨
🌅	sunrise	日出	sunrise | 日出 | morning | nature | sun | 大自然 | 太阳 | 早晨 | 清晨
🌆	cityscape at dusk	城市黄昏	cityscape at dusk | 城市黄昏 | at | building | city | cityscape | dusk | evening | landscape | sun | sunset | 城市 | 夜晚 | 日落 | 都市 | 黄昏
🌇	sunset	日落	sunset | 日落 | building | dusk | sun | 夕阳
🌉	bridge at night	夜幕下的桥	bridge at night | 夜幕下的桥 | at | bridge | night | 夜幕 | 晚上 | 桥
♨️	hot springs	温泉	hot springs | 温泉 | hot | hotsprings | springs | steaming | 水 | 泉 | 热气腾腾 | 蒸汽
🎠	carousel horse	旋转木马	carousel horse | 旋转木马 | carousel | entertainment | horse | 木马 | 游乐园
🛝	playground slide	游乐场滑梯	playground slide | 游乐场滑梯 | amusement | park | play | playground | playing | slide | sliding | theme | 游乐园 | 游乐场 | 滑梯 | 玩 | 玩耍
🎡	ferris wheel	摩天轮	ferris wheel | 摩天轮 | amusement | ferris | park | theme | wheel | 游乐园
🎢	roller coaster	过山车	roller coaster | 过山车 | amusement | coaster | park | roller | theme | 游乐园
💈	barber pole	理发店	barber pole | 理发店 | barber | cut | fresh | haircut | pole | shave | 旋转 | 柱 | 理发 | 理发师 | 理发店旋转彩柱
🎪	circus tent	马戏团帐篷	circus tent | 马戏团帐篷 | circus | tent | 帐篷 | 马戏团
🚂	locomotive	蒸汽火车	locomotive | 蒸汽火车 | caboose | engine | railway | steam | train | trains | travel | 守车 | 旅行 | 火车 | 火车头 | 蒸汽 | 蒸汽车头 | 铁路
🚃	railway car	轨道车	railway car | 轨道车 | car | electric | railway | train | tram | travel | trolleybus | 旅行 | 电车 | 铁路
🚄	high-speed train	高速列车	high speed train | 高速列车 | high speed | railway | shinkansen | speed | train | 动车 | 新干线 | 火车 | 速度 | 高铁
🚅	bullet train	子弹头高速列车	bullet train | 子弹头高速列车 | bullet | high speed | nose | railway | shinkansen | speed | train | travel | 动车 | 子弹列车 | 子弹头 | 新干线 | 火车 | 高速 | 高铁
🚆	train	火车	train | 火车 | arrived | choo | railway | 到站 | 呜呜 | 铁路
🚇	metro	地铁	metro | 地铁 | subway | travel | 捷运
🚈	light rail	轻轨	light rail | 轻轨 | arrived | light | monorail | rail | railway | 到站 | 单轨电车 | 火车
🚉	station	车站	station | 车站 | railway | train | 地铁 | 捷运 | 火车 | 铁路
🚊	tram	路面电车	tram | 路面电车 | trolleybus | 捷运 | 电车
🚝	monorail	单轨	monorail | 单轨 | vehicle | 单轨电车 | 火车
🚞	mountain railway	山区铁路	mountain railway | 山区铁路 | car | mountain | railway | trip | 山区 | 山地铁路 | 火车 | 铁路
🚋	tram car	有轨电车	tram car | 有轨电车 | bus | car | tram | trolley | trolleybus | 轨道
🚌	bus	公交车	bus | 公交车 | school | vehicle | 公交 | 公共汽车 | 大巴
🚍	oncoming bus	迎面驶来的公交车	oncoming bus | 迎面驶来的公交车 | bus | cars | oncoming | 公交 | 公共汽车 | 大巴 | 迎面驶来
🚎	trolleybus	无轨电车	trolleybus | 无轨电车 | bus | tram | trolley | 公共汽车 | 电车
🚐	minibus	小巴	minibus | 小巴 | bus | drive | van | vehicle | 公共汽车 | 开车 | 移动房车
🚑	ambulance	救护车	ambulance | 救护车 | emergency | vehicle | 急救 | 车辆
🚒	fire engine	消防车	fire engine | 消防车 | engine | fire | truck | 救火车 | 火灾
🚓	police car	警车	police car | 警车 | 5–0 | car | cops | patrol | police | 檀岛警騎 | 汽车 | 警察 | 巡逻
🚔	oncoming police car	迎面驶来的警车	oncoming police car | 迎面驶来的警车 | car | oncoming | police | 汽车 | 警察 | 警车
🚕	taxi	出租车	taxi | 出租车 | cab | cabbie | car | drive | vehicle | yellow | 小黄 | 开车 | 汽车 | 的士 | 计程车
🚖	oncoming taxi	迎面驶来的出租车	oncoming taxi | 迎面驶来的出租车 | cab | cabbie | cars | drove | hail | oncoming | taxi | yellow | 优步 | 出租车 | 叫车 | 小黄 | 开车 | 的士
🚗	automobile	汽车	automobile | 汽车 | car | driving | vehicle | 开车 | 轿车
🚘	oncoming automobile	迎面驶来的汽车	oncoming automobile | 迎面驶来的汽车 | automobile | car | cars | drove | oncoming | vehicle | 开车 | 汽车 | 轿车 | 迎面而来
🚙	sport utility vehicle	运动型多用途车	sport utility vehicle | 运动型多用途车 | car | drive | recreational | sport | sportutility | utility | vehicle | suv | 休旅车 | 休闲车 | 开车 | 房车 | 汽车 | 车辆 | 轿车 | 驾驶
🛻	pickup truck	敞蓬小型载货卡车	pickup truck | 敞蓬小型载货卡车 | automobile | car | flatbed | pick up | pickup | transportation | truck | 交通工具 | 卡车 | 汽车 | 皮卡 | 车 | 载货
🚚	delivery truck	货车	delivery truck | 货车 | car | delivery | drive | truck | vehicle | 卡车 | 开车 | 送货
🚛	articulated lorry	铰接式货车	articulated lorry | 铰接式货车 | articulated | car | drive | lorry | move | semi | truck | vehicle | 卡车 | 拖车 | 搬运 | 货车 | 铰接式卡车
🚜	tractor	拖拉机	tractor | 拖拉机 | vehicle
🏎️	racing car	赛车	racing car | 赛车 | car | racing | zoom | 汽车 | 疾驰 | 跑车
🏍️	motorcycle	摩托车	motorcycle | 摩托车 | racing | 摩托 | 赛车
🛵	motor scooter	小型摩托车	motor scooter | 小型摩托车 | motor | scooter | 摩托车 | 踏板车
🦽	manual wheelchair	手动轮椅	manual wheelchair | 手动轮椅 | accessibility | manual | wheelchair | 无障碍 | 轮椅
🦼	motorized wheelchair	电动轮椅	motorized wheelchair | 电动轮椅 | accessibility | motorized | wheelchair | 无障碍 | 轮椅
🛺	auto rickshaw	三轮摩托车	auto rickshaw | 三轮摩托车 | auto | rickshaw | tuk | 三脚鸡 | 三蹦子 | 嘟嘟车 | 电动三轮车 | 自动人力车 | 黄包车
🚲	bicycle	自行车	bicycle | 自行车 | bike | class | cycle | cycling | cyclist | gang | ride | spin | spinning | 单车 | 脚踏车 | 自行车骑士 | 飞驰 | 骑车 | 骑车疾驰
🛴	kick scooter	滑板车	kick scooter | 滑板车 | kick | scooter
🛹	skateboard	滑板	skateboard | 滑板 | board | skate | skater | wheels | 板 | 踩滑板
🛼	roller skate	四轮滑冰鞋	roller skate | 四轮滑冰鞋 | blades | roller | skate | skates | sport | 旱冰 | 溜冰 | 溜冰鞋 | 滑冰 | 轮式 | 运动
🚏	bus stop	公交车站	bus stop | 公交车站 | bus | busstop | stop | 公交站 | 公共汽车站
🛣️	motorway	高速公路	motorway | 高速公路 | highway | road | 公路
🛤️	railway track	铁轨	railway track | 铁轨 | railway | track | train | 火车 | 铁路
🛢️	oil drum	石油桶	oil drum | 石油桶 | drum | oil | 桶 | 油桶 | 石油
⛽	fuel pump	油泵	fuel pump | 油泵 | diesel | fuel | fuelpump | gas | gasoline | pump | station | 加油 | 加油站 | 柴油 | 燃料 | 燃油
🛞	wheel	车轮	wheel | 车轮 | car | circle | tire | turn | vehicle | 圆圈 | 汽车 | 车辆 | 转动 | 轮胎
🚨	police car light	警车灯	police car light | 警车灯 | alarm | alert | beacon | car | emergency | light | police | revolving | siren | 灯 | 紧急 | 警报 | 警灯 | 警示
🚥	horizontal traffic light	横向的红绿灯	horizontal traffic light | 横向的红绿灯 | horizontal | intersection | light | signal | stop | stoplight | traffic | 交通灯 | 信号灯 | 红绿灯
🚦	vertical traffic light	纵向的红绿灯	vertical traffic light | 纵向的红绿灯 | drove | intersection | light | signal | stop | stoplight | traffic | vertical | 交叉口 | 交通灯 | 信号灯 | 直的红绿灯 | 红绿灯
🛑	stop sign	停止标志	stop sign | 停止标志 | octagonal | sign | stop | 停止 | 八角形 | 八边形 | 标志
🚧	construction	路障	construction | 路障 | barrier | 施工
⚓	anchor	锚	anchor | 锚 | ship | tool | 停泊 | 工具 | 船
🛟	ring buoy	救生圈	ring buoy | 救生圈 | buoy | float | life | lifesaver | preserver | rescue | ring | safety | save | saver | swim | 安全 | 救援 | 救生 | 救生用具 | 游泳 | 漂浮
⛵	sailboat	帆船	sailboat | 帆船 | boat | resort | sailing | sea | yacht | 游艇 | 船 | 驾帆船
🛶	canoe	独木舟	canoe | 独木舟 | boat | 船
🚤	speedboat	快艇	speedboat | 快艇 | billionaire | boat | lake | luxury | millionaire | summer | travel | 亿万富翁 | 船 | 豪华游艇
🛳️	passenger ship	客轮	passenger ship | 客轮 | passenger | ship | 客船 | 旅客
⛴️	ferry	渡轮	ferry | 渡轮 | boat | passenger | 旅客 | 渡船 | 轮船
🛥️	motor boat	摩托艇	motor boat | 摩托艇 | boat | motor | motorboat | 船
🚢	ship	船	ship | 船 | boat | passenger | travel | 旅客 | 旅行
✈️	airplane	飞机	airplane | 飞机 | aeroplane | fly | flying | jet | plane | travel | 喷气机 | 旅行 | 飞行
🛩️	small airplane	小型飞机	small airplane | 小型飞机 | aeroplane | airplane | plane | small | 小飞机 | 飞机
🛫	airplane departure	航班起飞	airplane departure | 航班起飞 | aeroplane | airplane | check in | departure | departures | plane | 值机 | 出境 | 报到 | 登机 | 离境 | 航班 | 起飞 | 飞机
🛬	airplane arrival	航班降落	airplane arrival | 航班降落 | aeroplane | airplane | arrival | arrivals | arriving | landing | plane | 到达 | 着陆 | 航班 | 降落 | 飞机
🪂	parachute	降落伞	parachute | 降落伞 | hang glide | parasail | skydive | 帆伞 | 悬挂滑翔 | 滑翔 | 滑翔伞 | 跳伞
💺	seat	座位	seat | 座位 | chair | 位子 | 椅子
🚁	helicopter	直升机	helicopter | 直升机 | copter | roflcopter | travel | vehicle | 旅行 | 直升飞机
🚟	suspension railway	空轨	suspension railway | 空轨 | railway | suspension | 悬挂 | 悬挂式单轨 | 空中轨道列车
🚠	mountain cableway	缆车	mountain cableway | 缆车 | cable | cableway | gondola | lift | mountain | ski | 空中 | 索道
🚡	aerial tramway	索道	aerial tramway | 索道 | aerial | cable | car | gondola | ropeway | tramway | 空中 | 缆车
🛰️	satellite	卫星	satellite | 卫星 | space | 太空
🚀	rocket	火箭	rocket | 火箭 | launch | rockets | space | travel | 发射 | 太空 | 旅行
🛸	flying saucer	飞碟	flying saucer | 飞碟 | aliens | extra | flying | saucer | terrestrial | ufo | 不明飞行物 | 外星人 | 外星球
🛎️	bellhop bell	服务铃	bellhop bell | 服务铃 | bell | bellhop | hotel | 行李员 | 酒店 | 铃
🧳	luggage	行李箱	luggage | 行李箱 | bag | packing | roller | suitcase | travel | 包装 | 手提箱 | 旅行 | 滚轮提箱 | 行李
⌛	hourglass done	沙漏	hourglass done | 沙漏 | done | hourglass | sand | time | timer | 时间 | 计时 | 计时器
⏳	hourglass not done	沙正往下流的沙漏	hourglass not done | 沙正往下流的沙漏 | done | flowing | hourglass | hours | not | sand | timer | waiting | yolo | 沙 | 沙漏 | 等待 | 计时器
⌚	watch	手表	watch | 手表 | clock | time | 时间 | 表
⏰	alarm clock	闹钟	alarm clock | 闹钟 | alarm | clock | hours | hrs | late | time | waiting | 小时 | 时间 | 钟
⏱️	stopwatch	秒表	stopwatch | 秒表 | clock | time | 码表 | 计时 | 计时器
⏲️	timer clock	定时器	timer clock | 定时器 | clock | timer | 时间 | 计时 | 计时器
🕰️	mantelpiece clock	座钟	mantelpiece clock | 座钟 | clock | mantelpiece | time | 台钟 | 壁炉钟 | 时钟
🕛	twelve o’clock	十二点	twelve o’clock | 十二点 | 12 | 12 00 | clock | o’clock | time | twelve | 00 | 整点 | 时间 | 点钟 | 钟
🕧	twelve-thirty	十二点半	twelve thirty | 十二点半 | 12 | 12 30 | 30 | clock | thirty | time | twelve | 时钟
🕐	one o’clock	一点	one o’clock | 一点 | 1 | 1 00 | clock | o’clock | one | time | 00 | 时间
🕜	one-thirty	一点半	one thirty | 一点半 | 1 | 1 30 | 30 | clock | one | thirty | time | 时间 | 钟
🕑	two o’clock	两点	two o’clock | 两点 | 2 | 2 00 | clock | o’clock | time | two | 00 | 时钟
🕝	two-thirty	两点半	two thirty | 两点半 | 2 | 2 30 | 30 | clock | thirty | time | two | 时间 | 钟
🕒	three o’clock	三点	three o’clock | 三点 | 3 | 3 00 | clock | o’clock | three | time | 00 | 时钟
🕞	three-thirty	三点半	three thirty | 三点半 | 3 | 3 30 | 30 | clock | thirty | three | time | 时间 | 钟
🕓	four o’clock	四点	four o’clock | 四点 | 4 | 4 00 | clock | four | o’clock | time | 00 | 时钟
🕟	four-thirty	四点半	four thirty | 四点半 | 30 | 4 | 4 30 | clock | four | thirty | time | 时间 | 钟
🕔	five o’clock	五点	five o’clock | 五点 | 5 | 5 00 | clock | five | o’clock | time | 00 | 时钟
🕠	five-thirty	五点半	five thirty | 五点半 | 30 | 5 | 5 30 | clock | five | thirty | time | 时钟
🕕	six o’clock	六点	six o’clock | 六点 | 6 | 6 00 | clock | o’clock | six | time | 00 | 时钟
🕡	six-thirty	六点半	six thirty | 六点半 | 30 | 6 | 6 30 | clock | six | thirty | 时钟
🕖	seven o’clock	七点	seven o’clock | 七点 | 0 | 7 | 7 00 | clock | o’clock | seven | 00 | 时钟
🕢	seven-thirty	七点半	seven thirty | 七点半 | 30 | 7 | 7 30 | clock | seven | thirty | 时钟
🕗	eight o’clock	八点	eight o’clock | 八点 | 8 | 8 00 | clock | eight | o’clock | time | 00 | 时间 | 钟
🕣	eight-thirty	八点半	eight thirty | 八点半 | 30 | 8 | 8 30 | clock | eight | thirty | time | 时钟
🕘	nine o’clock	九点	nine o’clock | 九点 | 9 | 9 00 | clock | nine | o’clock | time | 00 | 时钟
🕤	nine-thirty	九点半	nine thirty | 九点半 | 30 | 9 | 9 30 | clock | nine | thirty | time | 时钟
🕙	ten o’clock	十点	ten o’clock | 十点 | 0 | 10 | 10 00 | clock | o’clock | ten | 00 | 时钟
🕥	ten-thirty	十点半	ten thirty | 十点半 | 10 | 10 30 | 30 | clock | ten | thirty | time | 时钟
🕚	eleven o’clock	十一点	eleven o’clock | 十一点 | 11 | 11 00 | clock | eleven | o’clock | time | 00 | 时钟
🕦	eleven-thirty	十一点半	eleven thirty | 十一点半 | 11 | 11 30 | 30 | clock | eleven | thirty | time | 时钟
🌑	new moon	朔月	new moon | 朔月 | dark | moon | new | space | 新月 | 月亮
🌒	waxing crescent moon	蛾眉月	waxing crescent moon | 蛾眉月 | crescent | dreams | moon | space | waxing | 三日月 | 娥眉月 | 弯月 | 月亮 | 盈月 | 眉月
🌓	first quarter moon	上弦月	first quarter moon | 上弦月 | first | moon | quarter | space | 月亮
🌔	waxing gibbous moon	盈凸月	waxing gibbous moon | 盈凸月 | gibbous | moon | space | waxing | 月亮
🌕	full moon	满月	full moon | 满月 | full | moon | space | 月亮 | 望月
🌖	waning gibbous moon	亏凸月	waning gibbous moon | 亏凸月 | gibbous | moon | space | waning | 月亮 | 衰落
🌗	last quarter moon	下弦月	last quarter moon | 下弦月 | last | moon | quarter | space | 月亮
🌘	waning crescent moon	残月	waning crescent moon | 残月 | crescent | moon | space | waning | 亏眉月 | 弯月 | 月亮
🌙	crescent moon	弯月	crescent moon | 弯月 | crescent | moon | ramadan | space | 娥眉月 | 新月形 | 月亮 | 残月 | 蛾眉月
🌚	new moon face	微笑的朔月	new moon face | 微笑的朔月 | face | moon | new | space | 新月 | 月亮 | 朔月
🌛	first quarter moon face	微笑的上弦月	first quarter moon face | 微笑的上弦月 | face | first | moon | quarter | space | 上弦月 | 月亮 | 蛾眉月
🌜	last quarter moon face	微笑的下弦月	last quarter moon face | 微笑的下弦月 | dreams | face | last | moon | quarter | 下弦月 | 月亮 | 残月
🌡️	thermometer	温度计	thermometer | 温度计 | weather | 天气 | 气温 | 温度
☀️	sun	太阳	sun | 太阳 | bright | rays | space | sunny | weather | 光线 | 晴 | 晴天 | 阳光明媚 | 阳光普照
🌝	full moon face	微笑的月亮	full moon face | 微笑的月亮 | bright | face | full | moon | 月亮 | 望月 | 满月
🌞	sun with face	微笑的太阳	sun with face | 微笑的太阳 | beach | bright | day | face | heat | shine | sun | sunny | sunshine | weather | 太阳 | 温暖阳光 | 阳光明媚
🪐	ringed planet	有环行星	ringed planet | 有环行星 | planet | ringed | saturn | saturnine | 土星 | 行星
⭐	star	星星	star | 星星 | astronomy | medium | stars | white | 五角星 | 白色星星
🌟	glowing star	闪亮的星星	glowing star | 闪亮的星星 | glittery | glow | glowing | night | shining | sparkle | star | win | 发光 | 星星 | 闪亮 | 闪光
🌠	shooting star	流星	shooting star | 流星 | falling | night | shooting | space | star | 夜晚 | 太空 | 星空 | 陨落之星
🌌	milky way	银河	milky way | 银河 | milky | space | way | 太空 | 星空
☁️	cloud	云	cloud | 云 | weather | 云彩 | 云朵 | 天气 | 阴
⛅	sun behind cloud	阴	sun behind cloud | 阴 | behind | cloud | cloudy | sun | weather | 乌云蔽日 | 多云
⛈️	cloud with lightning and rain	雷阵雨	cloud with lightning and rain | 雷阵雨 | cloud | lightning | rain | thunder | thunderstorm | 暴风雨 | 阵雨 | 雨 | 雷 | 雷暴
🌤️	sun behind small cloud	晴偶有云	sun behind small cloud | 晴偶有云 | behind | cloud | sun | weather | 云 | 天气 | 太阳 | 少云 | 晴 | 阴
🌥️	sun behind large cloud	多云	sun behind large cloud | 多云 | behind | cloud | sun | weather | 云 | 太阳 | 泠 | 阴
🌦️	sun behind rain cloud	晴转雨	sun behind rain cloud | 晴转雨 | behind | cloud | rain | sun | weather | 下雨 | 云 | 天气 | 太阳 | 晴时多云偶阵雨 | 雨
🌧️	cloud with rain	下雨	cloud with rain | 下雨 | cloud | rain | weather | 云 | 天气 | 雨
🌨️	cloud with snow	下雪	cloud with snow | 下雪 | cloud | cold | snow | weather | 云 | 天气 | 雪
🌩️	cloud with lightning	打雷	cloud with lightning | 打雷 | cloud | lightning | weather | 云 | 天气 | 闪电 | 雷
🌪️	tornado	龙卷风	tornado | 龙卷风 | cloud | weather | whirlwind | 云 | 天气 | 旋风
🌫️	fog	雾	fog | 雾 | cloud | weather | 云 | 霾
🌬️	wind face	大风	wind face | 大风 | blow | cloud | face | wind | 狂风 | 风吹
🌀	cyclone	台风	cyclone | 台风 | dizzy | hurricane | twister | typhoon | weather | 天气 | 旋风 | 晕 | 气旋 | 飓风 | 龙卷风
🌈	rainbow	彩虹	rainbow | 彩虹 | gay | genderqueer | glbt | glbtq | lesbian | lgbt | lgbtq | lgbtqia | nature | pride | queer | rain | trans | transgender | weather | 双性恋 | 同志 | 跨性别
🌂	closed umbrella	收起的伞	closed umbrella | 收起的伞 | closed | clothing | rain | umbrella | 下雨 | 伞 | 雨 | 雨伞
☂️	umbrella	伞	umbrella | 伞 | clothing | rain | 雨 | 雨伞
☔	umbrella with rain drops	雨伞	umbrella with rain drops | 雨伞 | clothing | drop | drops | rain | umbrella | weather | 下雨 | 伞 | 雨滴
⛱️	umbrella on ground	阳伞	umbrella on ground | 阳伞 | ground | rain | sun | umbrella | 下雨 | 伞 | 地上的阳伞 | 太阳
⚡	high voltage	高压	high voltage | 高压 | danger | electric | electricity | high | lightning | nature | thunder | thunderbolt | voltage | zap | 危险 | 有电 | 闪电
❄️	snowflake	雪花	snowflake | 雪花 | cold | snow | weather | 冷 | 天气 | 雪
☃️	snowman	雪与雪人	snowman | 雪与雪人 | cold | man | snow | 泠 | 雪 | 雪人
⛄	snowman without snow	雪人	snowman without snow | 雪人 | cold | man | snow | snowman | 下雪 | 泠
☄️	comet	彗星	comet | 彗星 | space | 太空
🔥	fire	火焰	fire | 火焰 | af | burn | flame | hot | lit | litaf | tool | 火 | 烧 | 燃烧
💧	droplet	水滴	droplet | 水滴 | cold | comic | drop | nature | sad | sweat | tear | water | weather | 冷 | 天气 | 水 | 泪 | 眼泪
🌊	water wave	浪花	water wave | 浪花 | nature | ocean | surf | surfer | surfing | water | wave | 波浪 | 浪 | 海洋
🎃	jack-o-lantern	南瓜灯	jack o lantern | 南瓜灯 | celebration | halloween | jack | lantern | pumpkin | 万圣节 | 南瓜 | 庆祝 | 灯 | 灯笼
🎄	Christmas tree	圣诞树	christmas tree | 圣诞树 | celebration | christmas | tree | 圣诞 | 庆祝 | 树 | 装饰
🎆	fireworks	焰火	fireworks | 焰火 | boom | celebration | entertainment | yolo | 庆典 | 庆祝 | 炮竹 | 烟花 | 爆竹
🎇	sparkler	烟花	sparkler | 烟花 | boom | celebration | fireworks | sparkle | 庆祝 | 火花 | 烟火 | 焰火
🧨	firecracker	爆竹	firecracker | 爆竹 | dynamite | explosive | fire | fireworks | light | pop | popping | spark | 光亮 | 火花 | 炸药 | 烟火 | 烟花 | 爆炸 | 鞭炮
✨	sparkles	闪亮	sparkles | 闪亮 | * | magic | sparkle | star | 星星 | 火花 | 闪光 | 闪耀
🎈	balloon	气球	balloon | 气球 | birthday | celebrate | celebration | 庆祝 | 生日 | 节日
🎉	party popper	拉炮彩带	party popper | 拉炮彩带 | awesome | birthday | celebrate | celebration | excited | hooray | party | popper | tada | woohoo | 兴奋 | 呱呱叫 | 庆祝 | 彩带 | 拉炮 | 派对 | 派对礼宾花 | 生日
🎊	confetti ball	五彩纸屑球	confetti ball | 五彩纸屑球 | ball | celebrate | celebration | confetti | party | woohoo | 五彩纸屑 | 庆祝 | 彩色纸屑 | 球 | 舞会
🎋	tanabata tree	七夕树	tanabata tree | 七夕树 | banner | celebration | japanese | tanabata | tree | 七夕 | 庆祝 | 日本 | 条幅 | 树
🎍	pine decoration	门松	pine decoration | 门松 | bamboo | celebration | decoration | japanese | pine | plant | 庆祝 | 日本 | 松树 | 盆栽 | 竹
🎎	Japanese dolls	日本人形	japanese dolls | 日本人形 | celebration | doll | dolls | festival | japanese | 人偶 | 娃娃 | 庆祝 | 日本 | 日本人偶 | 节日
🎏	carp streamer	鲤鱼旗	carp streamer | 鲤鱼旗 | carp | celebration | streamer | 庆祝 | 日本 | 男孩节 | 长旗
🎐	wind chime	风铃	wind chime | 风铃 | bell | celebration | chime | wind | 庆祝 | 铃铛 | 风
🎑	moon viewing ceremony	赏月	moon viewing ceremony | 赏月 | celebration | ceremony | moon | viewing | 中秋 | 佳节 | 庆祝 | 月亮 | 祭月
🧧	red envelope	红包	red envelope | 红包 | envelope | gift | good | hóngbāo | lai | luck | money | red | see | 利事 | 利是 | 好运 | 礼物 | 红信封 | 运气 | 钱
🎀	ribbon	蝴蝶结	ribbon | 蝴蝶结 | celebration | 丝带 | 庆祝 | 缎带
🎁	wrapped gift	礼物	wrapped gift | 礼物 | birthday | bow | box | celebration | christmas | gift | present | surprise | wrapped | 包礼物 | 包装 | 圣诞 | 庆祝 | 惊喜 | 生日礼物 | 盒子 | 礼品
🎗️	reminder ribbon	提示丝带	reminder ribbon | 提示丝带 | celebration | reminder | ribbon | 丝带 | 庆典 | 庆祝 | 暗示 | 飘带
🎟️	admission tickets	入场券	admission tickets | 入场券 | admission | ticket | tickets | 票 | 门票
🎫	ticket	票	ticket | 票 | admission | stub | 入场券 | 电影票 | 票根 | 车票 | 门票
🎖️	military medal	军功章	military medal | 军功章 | award | celebration | medal | military | 军队 | 勋章 | 奖章
🏆	trophy	奖杯	trophy | 奖杯 | champion | champs | prize | slay | sport | victory | win | winning | 冠军 | 奖励 | 奖品 | 奖赏 | 胜利 | 获胜
🏅	sports medal	奖牌	sports medal | 奖牌 | award | gold | medal | sports | winner | 获胜 | 运动会奖牌 | 运动员 | 金牌
🥇	1st place medal	金牌	1st place medal | 金牌 | 1st | first | gold | medal | place | 奖牌 | 第一 | 第一名奖牌
🥈	2nd place medal	银牌	2nd place medal | 银牌 | 2nd | medal | place | second | silver | 亚军 | 奖牌 | 第二 | 第二名奖牌
🥉	3rd place medal	铜牌	3rd place medal | 铜牌 | 3rd | bronze | medal | place | third | 奖牌 | 季军 | 第三 | 第三名奖牌
⚽	soccer ball	足球	soccer ball | 足球 | ball | football | futbol | soccer | sport | 大罗 | 梅西 | 球 | 球赛 | 罗纳尔多 | 胖罗 | 英式足球 | 运动
⚾	baseball	棒球	baseball | 棒球 | ball | sport | 球 | 运动
🥎	softball	垒球	softball | 垒球 | ball | glove | sports | underarm | 手套 | 球 | 腋下 | 运动
🏀	basketball	篮球	basketball | 篮球 | ball | hoop | sport | 打球 | 球 | 篮筐 | 运动
🏐	volleyball	排球	volleyball | 排球 | ball | game | 球 | 球赛
🏈	american football	美式橄榄球	american football | 美式橄榄球 | american | ball | bowl | football | sport | super | 橄榄球 | 球
🏉	rugby football	英式橄榄球	rugby football | 英式橄榄球 | ball | football | rugby | sport | 橄榄球 | 球 | 运动
🎾	tennis	网球	tennis | 网球 | ball | racquet | sport | 球 | 球拍 | 网球拍
🥏	flying disc	飞盘	flying disc | 飞盘 | disc | flying | ultimate | 圆盘 | 极限 | 极限运动 | 终极
🎳	bowling	保龄球	bowling | 保龄球 | ball | game | sport | strike | 全倒 | 球 | 运动
🏏	cricket game	板球	cricket game | 板球 | ball | bat | cricket | game | 球 | 球拍
🏑	field hockey	曲棍球	field hockey | 曲棍球 | ball | field | game | hockey | stick | 球 | 球棍 | 球赛
🏒	ice hockey	冰球	ice hockey | 冰球 | game | hockey | ice | puck | stick | 冰球杆 | 球 | 球棍
🥍	lacrosse	袋棍球	lacrosse | 袋棍球 | ball | goal | sports | stick | 得分 | 球 | 球棍 | 球门 | 运动 | 长曲棍球
🏓	ping pong	乒乓球	ping pong | 乒乓球 | ball | bat | game | paddle | ping | pingpong | pong | table | tennis | 乒乓 | 桌球 | 比赛 | 球 | 球拍
🏸	badminton	羽毛球	badminton | 羽毛球 | birdie | game | racquet | shuttlecock | 球拍 | 羽球
🥊	boxing glove	拳击手套	boxing glove | 拳击手套 | boxing | glove | 手套 | 拳击
🥋	martial arts uniform	练武服	martial arts uniform | 练武服 | arts | judo | karate | martial | taekwondo | uniform | 制服 | 柔道 | 武术 | 空手道 | 跆拳道
🥅	goal net	球门	goal net | 球门 | goal | net | 球网
⛳	flag in hole	高尔夫球洞	flag in hole | 高尔夫球洞 | flag | golf | hole | sport | 果岭 | 果岭旗 | 球洞 | 高尔夫 | 高球
⛸️	ice skate	滑冰	ice skate | 滑冰 | ice | skate | skating | 冰刀 | 溜冰
🎣	fishing pole	钓鱼竿	fishing pole | 钓鱼竿 | entertainment | fish | fishing | pole | sport | 钓竿 | 鱼杆
🤿	diving mask	潜水面罩	diving mask | 潜水面罩 | diving | mask | scuba | snorkeling | 浮潜 | 深潜 | 潜水
🎽	running shirt	运动背心	running shirt | 运动背心 | athletics | running | sash | shirt | 上衣 | 跑步 | 运动服 | 饰带
🎿	skis	滑雪	skis | 滑雪 | ski | snow | sport | 运动 | 雪
🛷	sled	雪橇	sled | 雪橇 | luge | sledge | sleigh | snow | toboggan | 下雪 | 乘雪橇 | 平底雪橇 | 驾雪橇
🥌	curling stone	冰壶	curling stone | 冰壶 | curling | game | rock | stone | 冰上溜石 | 比赛 | 游戏 | 石壶
🎯	bullseye	正中靶心的飞镖	bullseye | 正中靶心的飞镖 | bull | dart | direct | entertainment | game | hit | target | 命中 | 标的 | 直接命中 | 要害 | 靶心 | 飞镖
🪀	yo-yo	悠悠球	yo yo | 悠悠球 | fluctuate | toy | 上下起落 | 溜溜球 | 犹豫不决 | 玩具
🪁	kite	风筝	kite | 风筝 | fly | soar | 翱翔 | 飞翔
🔫	water pistol	水枪	water pistol | 水枪 | gun | handgun | pistol | revolver | tool | water | weapon | 工具 | 左轮 | 手枪 | 枪 | 武器
🎱	pool 8 ball	台球	pool 8 ball | 台球 | 8 | 8ball | ball | billiard | eight | game | pool | 8 球制桌球 | 8号球 | 台球台 | 游戏 | 霹雳八球
🔮	crystal ball	水晶球	crystal ball | 水晶球 | ball | crystal | fairy | fairytale | fantasy | fortune | future | magic | tale | tool | 命运 | 工具 | 梦幻 | 水晶 | 球 | 童话 | 财富 | 魔法
🪄	magic wand	魔棒	magic wand | 魔棒 | magic | magician | wand | witch | wizard | 女巫 | 巫师 | 魔术 | 魔术师 | 魔杖 | 魔法
🎮	video game	游戏手柄	video game | 游戏手柄 | controller | entertainment | game | video | 手柄 | 游戏 | 游戏控制器 | 电子游戏
🕹️	joystick	游戏操控杆	joystick | 游戏操控杆 | game | video | videogame | 操控杆 | 游戏 | 电子游戏
🎰	slot machine	老虎机	slot machine | 老虎机 | casino | gamble | gambling | game | machine | slot | slots | 吃角子老虎 | 游戏 | 角子机 | 赌博 | 赌场
🎲	game die	骰子	game die | 骰子 | dice | die | entertainment | game | 掷骰子 | 色子 | 骰子游戏
🧩	puzzle piece	拼图	puzzle piece | 拼图 | clue | interlocking | jigsaw | piece | puzzle | 图片 | 智力游戏 | 相扣 | 线索 | 联锁 | 部件
🧸	teddy bear	泰迪熊	teddy bear | 泰迪熊 | bear | plaything | plush | stuffed | teddy | toy | 填充 | 毛绒玩具 | 熊 | 玩偶 | 玩具 | 玩物 | 长毛绒
🪅	piñata	彩罐	piñata | 彩罐 | candy | celebrate | celebration | cinco | de | festive | mayo | party | pinada | pinata | 五月节 | 庆祝 | 皮纳塔 | 糖果 | 聚会 | 节日 | 墨西哥
🪩	mirror ball	镜球	mirror ball | 镜球 | ball | dance | disco | glitter | mirror | party | 派对 | 聚会 | 舞会 | 舞厅 | 舞蹈 | 蹦迪 | 迪斯科 | 闪耀
🪆	nesting dolls	套娃	nesting dolls | 套娃 | babooshka | baboushka | babushka | doll | dolls | matryoshka | nesting | russia | 俄罗斯套娃 | 俄罗斯娃娃 | 娃娃
♠️	spade suit	黑桃	spade suit | 黑桃 | card | game | spade | suit | 扑克 | 牌 | 葵扇 | 黑桃花色
♥️	heart suit	红桃	heart suit | 红桃 | card | emotion | game | heart | hearts | suit | 扑克 | 牌 | 红心 | 红桃花色
♦️	diamond suit	方片	diamond suit | 方片 | card | diamond | game | suit | 扑克 | 方块 | 牌 | 牌局
♣️	club suit	梅花	club suit | 梅花 | card | club | clubs | game | suit | 扑克 | 梅花花色 | 牌 | 草花
♟️	chess pawn	兵	chess pawn | 兵 | chess | dupe | expendable | pawn | 受骗者 | 国际象棋 | 牺牲品
🃏	joker	大小王	joker | 大小王 | card | game | wildcard | 大王 | 小丑 | 小王 | 扑克 | 扑克小丑 | 牌 | 百搭牌 | 鬼牌
🀄	mahjong red dragon	红中	mahjong red dragon | 红中 | dragon | game | mahjong | red | 方城之战 | 牌局 | 麻将 | 麻将红中
🎴	flower playing cards	花札	flower playing cards | 花札 | card | cards | flower | game | japanese | playing | 卡牌 | 日本 | 游戏 | 花斗 | 花牌
🎭	performing arts	表演艺术	performing arts | 表演艺术 | actor | actress | art | arts | entertainment | mask | performing | theater | theatre | thespian | 剧院 | 女演员 | 戏剧 | 演员 | 艺术 | 莎士比亚 | 表演 | 面具
🖼️	framed picture	带框的画	framed picture | 带框的画 | art | frame | framed | museum | painting | picture | 加框的照片 | 博物馆 | 框 | 照片 | 画 | 画框 | 艺术
🎨	artist palette	调色盘	artist palette | 调色盘 | art | artist | artsy | arty | colorful | creative | entertainment | museum | painter | painting | palette | 创意 | 博物馆 | 多种色彩 | 娱乐 | 画家 | 画画 | 绘画 | 艺术 | 调色板
🧵	thread	线	thread | 线 | needle | sewing | spool | string | 卷盘 | 线轴 | 绳子 | 缝纫 | 针 | 针线
🪡	sewing needle	缝合针	sewing needle | 缝合针 | embroidery | needle | sew | sewing | stitches | sutures | tailoring | thread | 线 | 绣花针 | 缝合 | 缝纫 | 缝线 | 缝衣针 | 裁剪 | 针
🧶	yarn	毛线	yarn | 毛线 | ball | crochet | knit | 毛线球 | 线球 | 编织 | 钩针编织
🪢	knot	结	knot | 结 | cord | rope | tangled | tie | twine | twist | 八字结 | 打结 | 绳子 | 绳扣 | 绳结 | 缠结 | 麻线
👓	glasses	眼镜	glasses | 眼镜 | clothing | eye | eyeglasses | eyewear | 服饰 | 眼睛
🕶️	sunglasses	墨镜	sunglasses | 墨镜 | dark | eye | eyewear | glasses | 太阳镜
🥽	goggles	护目镜	goggles | 护目镜 | dive | eye | protection | scuba | swimming | welding | 护目 | 护眼 | 水肺 | 游泳 | 潜水 | 焊接
🥼	lab coat	白大褂	lab coat | 白大褂 | clothes | coat | doctor | dr | experiment | jacket | lab | scientist | white | 医生 | 外衣 | 实验 | 实验人员 | 实验室白大褂 | 实验服 | 白衣 | 科学家 | 衣服
🦺	safety vest	救生衣	safety vest | 救生衣 | emergency | safety | vest | 安全 | 紧急 | 背心 | 逃生
👔	necktie	领带	necktie | 领带 | clothing | employed | serious | shirt | tie | 工作 | 正式 | 衬衫领带
👕	t-shirt	T恤	t shirt | t恤 | blue | casual | clothes | clothing | collar | dressed | shirt | shopping | tshirt | weekend | 休闲服装 | 恤衫
👖	jeans	牛仔裤	jeans | 牛仔裤 | blue | casual | clothes | clothing | denim | dressed | pants | shopping | trousers | weekend | 休闲 | 周末 | 蓝色 | 裤子
🧣	scarf	围巾	scarf | 围巾 | bundle | cold | neck | up | 冷 | 包紧 | 围脖 | 头巾
🧤	gloves	手套	gloves | 手套 | hand | 手
🧥	coat	外套	coat | 外套 | brr | bundle | cold | jacket | up | 冷 | 夹克 | 超冷
🧦	socks	袜子	socks | 袜子 | stocking | 短袜 | 袜 | 长袜
👗	dress	连衣裙	dress | 连衣裙 | clothes | clothing | dressed | fancy | shopping | 衣服 | 裙子
👘	kimono	和服	kimono | 和服 | clothing | comfortable | 日本 | 衣服
🥻	sari	纱丽	sari | 纱丽 | clothing | dress | 印度 | 披肩 | 莎丽 | 衣服 | 连衣裙
🩱	one-piece swimsuit	连体泳衣	one piece swimsuit | 连体泳衣 | bathing | one piece | suit | swimsuit | 一片式 | 泳衣 | 泳装 | 游泳 | 连身泳衣
🩲	briefs	三角裤	briefs | 三角裤 | bathing | one piece | suit | swimsuit | underwear | 一片式 | 内裤 | 泳衣 | 泳装 | 短裤
🩳	shorts	短裤	shorts | 短裤 | bathing | pants | suit | swimsuit | underwear | 内裤 | 四角裤 | 泳衣 | 泳装 | 泳裤 | 裤子
👙	bikini	比基尼	bikini | 比基尼 | bathing | beach | clothing | pool | suit | swim | 三点式 | 泳装 | 游泳
👚	woman’s clothes	女装	woman’s clothes | 女装 | blouse | clothes | clothing | collar | dress | dressed | lady | shirt | shopping | woman | woman’s | 女 | 女生衣服 | 女衬衫 | 衣服
🪭	folding hand fan	折扇	folding hand fan | 折扇 | clack | clap | cool | cooling | dance | fan | flirt | flutter | folding | hand | hot | shy | 凉 | 凉快 | 啪嗒声 | 害羞 | 扇 | 扇动 | 扇子 | 拍手 | 热 | 羞涩 | 腼腆 | 舞蹈 | 调情 | 跳舞 | 降温
👛	purse	钱包	purse | 钱包 | clothes | clothing | coin | dress | fancy | handbag | shopping | 血拼 | 铜板
👜	handbag	手提包	handbag | 手提包 | bag | clothes | clothing | dress | lady | purse | shopping | 包包 | 挎包 | 血拼
👝	clutch bag	手袋	clutch bag | 手袋 | bag | clothes | clothing | clutch | dress | handbag | pouch | purse | 包 | 化妆包 | 手拿 | 手拿包
🛍️	shopping bags	购物袋	shopping bags | 购物袋 | bag | bags | hotel | shopping | 包 | 袋 | 购物 | 逛街
🎒	backpack	书包	backpack | 书包 | backpacking | bag | bookbag | education | rucksack | satchel | school | 上学 | 包
🩴	thong sandal	夹趾凉鞋	thong sandal | 夹趾凉鞋 | beach | flip | flop | sandal | sandals | shoe | thong | thongs | zōri | 人字拖 | 凉鞋 | 沙滩 | 沙滩凉鞋 | 草屡 | 鞋
👞	man’s shoe	男鞋	man’s shoe | 男鞋 | brown | clothes | clothing | feet | foot | kick | man | man’s | shoe | shoes | shopping | 棕色 | 皮鞋 | 鞋
👟	running shoe	跑鞋	running shoe | 跑鞋 | athletic | clothes | clothing | fast | kick | running | shoe | shoes | shopping | sneaker | tennis | 跑 | 运动鞋 | 鞋
🥾	hiking boot	登山鞋	hiking boot | 登山鞋 | backpacking | boot | brown | camping | hiking | outdoors | shoe | 健行 | 徒步 | 户外 | 登山 | 背包 | 远足野营 | 露营 | 靴子 | 鞋
🥿	flat shoe	平底鞋	flat shoe | 平底鞋 | ballet | comfy | flat | flats | shoe | slip on | slipper | 一脚蹬 | 便鞋 | 平底芭蕾舞鞋 | 芭蕾舞鞋
👠	high-heeled shoe	高跟鞋	high heeled shoe | 高跟鞋 | clothes | clothing | dress | fashion | heel | heels | high heeled | shoe | shoes | shopping | stiletto | woman | 女 | 时装 | 鞋 | 高跟
👡	woman’s sandal	女式凉鞋	woman’s sandal | 女式凉鞋 | clothing | sandal | shoe | woman | woman’s | 凉鞋 | 女
🩰	ballet shoes	芭蕾舞鞋	ballet shoes | 芭蕾舞鞋 | ballet | dance | shoes | 舞蹈 | 舞鞋 | 足尖鞋 | 跳舞
👢	woman’s boot	女靴	woman’s boot | 女靴 | boot | clothes | clothing | dress | shoe | shoes | shopping | woman | woman’s | 女 | 女式靴子 | 靴子
🪮	hair pick	发夹	hair pick | 发夹 | afro | comb | groom | hair | pick | 圆蓬 | 头发 | 夹子 | 小刷子 | 梳子 | 梳理 | 爆炸头 | 非洲头
👑	crown	皇冠	crown | 皇冠 | clothing | family | king | medieval | queen | royal | royalty | win | 国王 | 权力的游戏 | 王冠 | 王后 | 皇家
👒	woman’s hat	女帽	woman’s hat | 女帽 | clothes | clothing | garden | hat | hats | party | woman | woman’s | 女 | 女式 | 帽子 | 花园派对
🎩	top hat	礼帽	top hat | 礼帽 | clothes | clothing | fancy | formal | hat | magic | top | tophat | 帽子 | 正式 | 高帽
🎓	graduation cap	毕业帽	graduation cap | 毕业帽 | cap | celebration | clothing | education | graduation | hat | scholar | 四方帽 | 学位 | 学者 | 毕业
🧢	billed cap	鸭舌帽	billed cap | 鸭舌帽 | baseball | bent | billed | cap | dad | hat | 帽子 | 棒球帽
🪖	military helmet	军用头盔	military helmet | 军用头盔 | army | helmet | military | soldier | war | warrior | 军事 | 军用 | 军队 | 士兵 | 头盔 | 战争 | 战士 | 部队
⛑️	rescue worker’s helmet	白十字头盔	rescue worker’s helmet | 白十字头盔 | aid | cross | face | hat | helmet | rescue | worker’s | 十字 | 头盔 | 安全帽 | 救援人员头盔 | 脸
📿	prayer beads	念珠	prayer beads | 念珠 | beads | clothing | necklace | prayer | religion | 宗教 | 珠子 | 祈祷 | 项链
💄	lipstick	唇膏	lipstick | 唇膏 | cosmetics | date | makeup | 化妆 | 化妆品 | 口红 | 约会
💍	ring	戒指	ring | 戒指 | diamond | engaged | engagement | married | romance | shiny | sparkling | wedding | 结婚 | 订婚 | 钻戒 | 闪
💎	gem stone	宝石	gem stone | 宝石 | diamond | engagement | gem | jewel | money | romance | stone | wedding | 婚礼 | 珠宝 | 订婚 | 钻石
🔇	muted speaker	已静音的扬声器	muted speaker | 已静音的扬声器 | mute | muted | quiet | silent | sound | speaker | 声音 | 安静 | 扬声器 | 扬声器关闭 | 无声 | 静音
🔈	speaker low volume	低音量的扬声器	speaker low volume | 低音量的扬声器 | low | soft | sound | speaker | volume | 低音量扬扬声 | 喇叭 | 小声 | 小音量 | 扬声器 | 轻声 | 音量
🔉	speaker medium volume	中等音量的扬声器	speaker medium volume | 中等音量的扬声器 | medium | sound | speaker | volume | 中等 | 中等音量 | 中音量 | 中音量扬声器 | 扬声器
🔊	speaker high volume	高音量的扬声器	speaker high volume | 高音量的扬声器 | high | loud | music | sound | speaker | volume | 大声 | 大音量 | 扬声器 | 音量 | 高音量
📢	loudspeaker	喇叭	loudspeaker | 喇叭 | address | communication | loud | public | sound | 公共广播 | 大声 | 广播 | 扩音器 | 通知
📣	megaphone	扩音器	megaphone | 扩音器 | cheering | sound | 呼喊 | 喇叭 | 喇叭筒 | 大声 | 通知
📯	postal horn	邮号	postal horn | 邮号 | horn | post | postal | 号 | 号角 | 喇叭 | 邮政
🔔	bell	铃铛	bell | 铃铛 | break | church | sound | 叮当 | 响铃 | 钟 | 钟声 | 铃声
🔕	bell with slash	禁止响铃	bell with slash | 禁止响铃 | bell | forbidden | mute | no | not | prohibited | quiet | silent | slash | sound | 响铃关闭 | 安静 | 无声 | 铃 | 静音
🎼	musical score	乐谱	musical score | 乐谱 | music | musical | note | score | 五线谱 | 曲谱 | 音乐 | 音符
🎵	musical note	音符	musical note | 音符 | music | musical | note | sound | 乐谱 | 五线谱 | 八分音符 | 音乐
🎶	musical notes	多个音符	musical notes | 多个音符 | music | musical | note | notes | sound | 乐谱 | 五线谱 | 八分音符 | 音乐 | 音符
🎙️	studio microphone	录音室麦克风	studio microphone | 录音室麦克风 | mic | microphone | music | studio | 录音室 | 音乐 | 麦 | 麦克 | 麦克风
🎚️	level slider	电平滑块	level slider | 电平滑块 | level | music | slider | 滑块 | 电平 | 调节 | 调节滑块 | 音乐 | 音量
🎛️	control knobs	控制旋钮	control knobs | 控制旋钮 | control | knobs | music | 控制 | 旋钮 | 调节 | 音乐
🎤	microphone	麦克风	microphone | 麦克风 | karaoke | mic | music | sing | sound | k歌 | 卡拉ok | 唱k | 唱歌 | 麦 | 麦克
🎧	headphone	耳机	headphone | 耳机 | earbud | sound | 头戴式耳机 | 耳塞
📻	radio	收音机	radio | 收音机 | entertainment | tbt | video | 娱乐 | 广播 | 广播电台 | 无线电 | 电台
🎷	saxophone	萨克斯管	saxophone | 萨克斯管 | instrument | music | sax | 乐器 | 吹奏 | 演奏 | 萨克斯风 | 音乐
🪗	accordion	手风琴	accordion | 手风琴 | box | concertina | instrument | music | squeeze | squeezebox | 乐器 | 六角形风琴 | 音乐 | 风琴
🎸	guitar	吉他	guitar | 吉他 | instrument | music | strat | 乐器 | 弹奏 | 演奏 | 电吉他 | 音乐
🎹	musical keyboard	音乐键盘	musical keyboard | 音乐键盘 | instrument | keyboard | music | musical | piano | 乐器 | 弹奏 | 演奏 | 钢琴 | 音乐
🎺	trumpet	小号	trumpet | 小号 | instrument | music | 乐器 | 吹奏 | 喇叭 | 音乐
🎻	violin	小提琴	violin | 小提琴 | instrument | music | 乐器 | 提琴 | 是特拉迪瓦尔 | 演奏 | 音乐
🪕	banjo	班卓琴	banjo | 班卓琴 | music | stringed | 弦乐器 | 弹奏 | 音乐
🥁	drum	鼓	drum | 鼓 | drumsticks | music | 音乐 | 鼓声 | 鼓槌
🪘	long drum	长鼓	long drum | 长鼓 | beat | conga | drum | instrument | long | rhythm | 乐器 | 康加鼓 | 康茄鼓 | 敲 | 节奏 | 非洲手鼓 | 鼓
🪇	maracas	沙球	maracas | 沙球 | cha | dance | instrument | music | party | percussion | rattle | shake | shaker | 乐器 | 恰恰 | 打击乐器 | 拨浪鼓 | 摇 | 摇动 | 沙槌 | 沙铃 | 派对 | 舞蹈 | 音乐
🪈	flute	长笛	flute | 长笛 | band | fife | flautist | instrument | marching | music | orchestra | piccolo | pipe | recorder | woodwind | 乐器 | 乐队 | 木管乐器 | 横笛 | 短笛 | 竖笛 | 管乐器 | 菲菲笛 | 长笛手 | 音乐
🪉	harp	竖琴	harp | 竖琴 | cupid | instrument | love | music | orchestra | 丘比特 | 乐器 | 爱 | 管弦乐队 | 音乐
📱	mobile phone	手机	mobile phone | 手机 | cell | communication | mobile | phone | telephone | 手提电话 | 智能手机 | 电话 | 移动 | 移动电话 | 移动通信 | 通信
📲	mobile phone with arrow	带有箭头的手机	mobile phone with arrow | 带有箭头的手机 | arrow | build | call | cell | communication | mobile | phone | receive | telephone | 手机 | 接收 | 智能手机 | 来电 | 电话 | 移动电话 | 箭头 | 通信
☎️	telephone	电话	telephone | 电话 | phone | 固定电话 | 固话 | 座机
📞	telephone receiver	电话听筒	telephone receiver | 电话听筒 | communication | phone | receiver | telephone | voip | 听筒 | 固定电话 | 固话 | 座机 | 电话 | 通信
📟	pager	寻呼机	pager | 寻呼机 | communication | bb 机 | 传呼机 | 呼机 | 通信
📠	fax machine	传真机	fax machine | 传真机 | communication | fax | machine | 传真 | 传真号 | 发传真
🔋	battery	电池	battery | 电池 | 正极 | 电 | 电极 | 电源 | 蓄电池 | 负极
🪫	low battery	电池电量不足	low battery | 电池电量不足 | battery | drained | electronic | energy | low | power | 低能量 | 电子 | 电池 | 电池电量低 | 电量不足
🔌	electric plug	电源插头	electric plug | 电源插头 | electric | electricity | plug | 插头 | 电插头 | 电源 | 电线
💻	laptop	笔记本电脑	laptop | 笔记本电脑 | computer | office | pc | personal | 个人电脑 | 手提电脑 | 电脑
🖥️	desktop computer	台式电脑	desktop computer | 台式电脑 | computer | desktop | monitor | pc | 个人电脑 | 台式 | 显示器 | 显示屏 | 电脑 | 计算机
🖨️	printer	打印机	printer | 打印机 | computer | 印刷机 | 喷墨打印 | 复印 | 打印 | 扫描 | 激光打印
⌨️	keyboard	键盘	keyboard | 键盘 | computer | 打字 | 按键 | 电脑 | 输入
🖱️	computer mouse	电脑鼠标	computer mouse | 电脑鼠标 | computer | mouse | 有线鼠标 | 激光鼠标 | 点击 | 点按 | 电脑 | 鼠标
🖲️	trackball	轨迹球	trackball | 轨迹球 | computer | 有线鼠标 | 电脑 | 追踪球 | 鼠标
💽	computer disk	电脑光盘	computer disk | 电脑光盘 | computer | disk | minidisk | optical | md | mini光盘 | 光盘 | 电脑 | 迷你光盘 | 迷你光碟 | 迷你唱片
💾	floppy disk	软盘	floppy disk | 软盘 | computer | disk | floppy | 3.5英寸 | 便携 | 存储 | 电脑 | 磁盘
💿	optical disk	光盘	optical disk | 光盘 | blu ray | cd | computer | disk | dvd | optical | 专辑 | 存储 | 影片 | 蓝光 | 音乐
📀	dvd	DVD	dvd | blu ray | cd | computer | disk | optical | 光盘 | 光碟 | 影片 | 电脑 | 蓝光 | 音乐
🧮	abacus	算盘	abacus | 算盘 | calculation | calculator | 计算 | 计算器
🎥	movie camera	电影摄影机	movie camera | 电影摄影机 | bollywood | camera | cinema | film | hollywood | movie | record | 录像 | 摄像机 | 摄录机 | 摄影 | 摄影机 | 电影
🎞️	film frames	影片帧	film frames | 影片帧 | cinema | film | frames | movie | 帧 | 电影 | 电影胶卷 | 电影胶片 | 胶卷 | 胶片
📽️	film projector	电影放映机	film projector | 电影放映机 | cinema | film | movie | projector | video | 影片 | 投影仪 | 放映机 | 电影 | 视频
🎬	clapper board	场记板	clapper board | 场记板 | action | board | clapper | movie | 场记 | 打板 | 拍电影
📺	television	电视机	television | 电视机 | tv | video | 电视 | 看电视 | 视频 | 节目
📷	camera	相机	camera | 相机 | photo | selfie | snap | tbt | trip | video | 卡片相机 | 拍照 | 摄影 | 照片 | 照相机 | 自拍
📸	camera with flash	开闪光灯的相机	camera with flash | 开闪光灯的相机 | camera | flash | video | 带闪光灯的相机 | 拍照 | 相机 | 闪光灯 | 闪光灯打开
📹	video camera	摄像机	video camera | 摄像机 | camcorder | camera | tbt | video | 录像 | 录像机 | 录影 | 拍摄 | 摄影机 | 视频
📼	videocassette	录像带	videocassette | 录像带 | old | school | tape | vcr | vhs | video | 录影带 | 磁带
🔍	magnifying glass tilted left	左斜的放大镜	magnifying glass tilted left | 左斜的放大镜 | glass | lab | left | left pointing | magnifying | science | search | tilted | tool | 工具 | 搜索 | 放大 | 放大镜 | 查找
🔎	magnifying glass tilted right	右斜的放大镜	magnifying glass tilted right | 右斜的放大镜 | contact | glass | lab | magnifying | right | right pointing | science | search | tilted | tool | 工具 | 搜索 | 放大 | 放大镜 | 查找
🕯️	candle	蜡烛	candle | 蜡烛 | light | 光 | 烛光 | 烛火 | 照明 | 燃烧
💡	light bulb	灯泡	light bulb | 灯泡 | bulb | comic | electric | idea | light | 主意 | 想法 | 点子 | 电 | 电灯泡 | 白炽灯
🔦	flashlight	手电筒	flashlight | 手电筒 | electric | light | tool | torch | 光 | 工具 | 手电 | 照明 | 电筒
🏮	red paper lantern	红灯笼	red paper lantern | 红灯笼 | bar | lantern | light | paper | red | restaurant | 光 | 喜庆 | 居酒屋 | 日本 | 灯笼 | 节日 | 酒馆 | 餐馆
🪔	diya lamp	印度油灯	diya lamp | 印度油灯 | diya | lamp | light | oil | 排灯节 | 油 | 灯 | 迪亚
📔	notebook with decorative cover	精装笔记本	notebook with decorative cover | 精装笔记本 | book | cover | decorated | decorative | education | notebook | school | writing | 书 | 写作 | 学校 | 封面 | 教育 | 笔记本
📕	closed book	合上的书本	closed book | 合上的书本 | book | closed | education | 书 | 书本 | 书本合起 | 合上
📖	open book	打开的书本	open book | 打开的书本 | book | education | fantasy | knowledge | library | novels | open | reading | 书 | 书本 | 图书馆 | 小说 | 开卷 | 打开 | 知识 | 读书 | 阅读
📗	green book	绿色书本	green book | 绿色书本 | book | education | fantasy | green | library | reading | 书 | 书本 | 图书馆 | 教育 | 绿 | 绿皮书 | 绿色 | 阅读
📘	blue book	蓝色书本	blue book | 蓝色书本 | blue | book | education | fantasy | library | reading | 书 | 书本 | 图书馆 | 教育 | 篮 | 蓝皮书 | 蓝色 | 阅读
📙	orange book	橙色书本	orange book | 橙色书本 | book | education | fantasy | library | orange | reading | 书 | 书本 | 图书馆 | 教育 | 橘皮书 | 橘色 | 橙色 | 阅读
📚	books	书	books | 书 | book | education | fantasy | knowledge | library | novels | reading | school | study | 书本 | 书籍 | 图书 | 图书馆 | 学习 | 学校 | 小说 | 教育 | 知识 | 阅读
📓	notebook	笔记本	notebook | 笔记本 | 日记本 | 本子 | 笔记 | 记事本 | 记录
📒	ledger	账本	ledger | 账本 | notebook | 笔记本 | 记事本 | 记账 | 账簿
📃	page with curl	带卷边的页面	page with curl | 带卷边的页面 | curl | document | page | paper | 卷曲 | 卷边 | 文书 | 文件 | 文档 | 纸张 | 页面
📜	scroll	卷轴	scroll | 卷轴 | paper | 卷纸 | 画卷 | 纸 | 纸卷 | 羊皮纸
📄	page facing up	文件	page facing up | 文件 | document | facing | page | paper | up | 文书 | 文档 | 页面向上
📰	newspaper	报纸	newspaper | 报纸 | communication | news | paper | 传播 | 报道 | 新闻 | 看报 | 纸 | 读报
🗞️	rolled-up newspaper	报纸卷	rolled up newspaper | 报纸卷 | news | newspaper | paper | rolled | rolled up | 卷起 | 卷起的报纸 | 报纸 | 新闻 | 纸
📑	bookmark tabs	标签页	bookmark tabs | 标签页 | bookmark | mark | marker | tabs | 书签 | 书签页标签 | 有书签的页面 | 标签
🔖	bookmark	书签	bookmark | 书签 | mark | 标签 | 读书 | 阅读
🏷️	label	标签	label | 标签 | tag | 吊牌 | 标记 | 行李牌
💰	money bag	钱袋	money bag | 钱袋 | bag | bank | bet | billion | cash | cost | dollar | gold | million | money | moneybag | paid | paying | pot | rich | win | 付钱 | 十亿 | 变现 | 守财奴 | 富有 | 有钱 | 现金 | 百万 | 美元 | 赌钱 | 赢钱 | 钱 | 钱包 | 银行
🪙	coin	硬币	coin | 硬币 | dollar | euro | gold | metal | money | rich | silver | treasure | 富有 | 欧元 | 美元 | 财富 | 金 | 金属 | 金币 | 钱 | 银
💴	yen banknote	日元	yen banknote | 日元 | bank | banknote | bill | currency | money | note | yen | 日币 | 现金 | 纸币 | 货币 | 钞票 | 钱 | 银行
💵	dollar banknote	美元	dollar banknote | 美元 | bank | banknote | bill | currency | dollar | money | note | 现金 | 纸币 | 美刀 | 美钞 | 货币 | 钱 | 银行
💶	euro banknote	欧元	euro banknote | 欧元 | 100 | bank | banknote | bill | currency | euro | money | note | rich | 现金 | 纸币 | 货币 | 钞票 | 钱 | 银行
💷	pound banknote	英镑	pound banknote | 英镑 | bank | banknote | bill | billion | cash | currency | money | note | pound | pounds | 现金 | 纸币 | 货币 | 钞票 | 钱 | 银行
💸	money with wings	长翅膀的钱	money with wings | 长翅膀的钱 | bank | banknote | bill | billion | cash | dollar | fly | million | money | note | pay | wings | 纸币 | 翅膀 | 花钱 | 钱 | 飞
💳	credit card	信用卡	credit card | 信用卡 | bank | card | cash | charge | credit | money | pay | 信用 | 借记卡 | 刷卡 | 卡 | 收钱 | 现金 | 现金卡 | 贷记卡 | 银行 | 银行卡
🧾	receipt	收据	receipt | 收据 | accounting | bookkeeping | evidence | invoice | proof | 会计 | 信封 | 凭据 | 发票 | 收条 | 簿记 | 记账 | 证据 | 证明 | 账单
💹	chart increasing with yen	趋势向上且带有日元符号的图表	chart increasing with yen | 趋势向上且带有日元符号的图表 | bank | chart | currency | graph | growth | increasing | market | money | rise | trend | upward | yen | 上扬 | 上涨 | 日元 | 日元升值 | 日元汇率 | 日币 | 货币 | 货币升值图表 | 走势
✉️	envelope	信封	envelope | 信封 | e mail | email | letter | 信件 | 信息 | 来信 | 电子邮件 | 电邮 | 邮件
📧	e-mail	电子邮件	e mail | 电子邮件 | email | letter | mail | 信件 | 信封 | 电邮 | 邮件
📨	incoming envelope	来信	incoming envelope | 来信 | delivering | e mail | email | envelope | incoming | letter | mail | receive | sent | 信件 | 信封 | 发送 | 接收 | 收信 | 收到来信 | 收到邮件 | 电子邮件 | 电邮 | 邮件
📩	envelope with arrow	收邮件	envelope with arrow | 收邮件 | arrow | communication | down | e mail | email | envelope | letter | mail | outgoing | send | sent | 信件 | 信封 | 发信 | 发出 | 发送 | 发邮件 | 有箭头的信封 | 邮件
📤	outbox tray	发件箱	outbox tray | 发件箱 | box | email | letter | mail | outbox | sent | tray | 信件 | 发信 | 发送 | 发邮件 | 收件箱 | 电子邮件 | 电邮 | 邮件
📥	inbox tray	收件箱	inbox tray | 收件箱 | box | email | inbox | letter | mail | receive | tray | zero | 信件 | 接收 | 收信 | 收到邮件 | 电子邮件 | 电邮 | 邮件
📦	package	包裹	package | 包裹 | box | communication | delivery | parcel | shipping | 快递 | 指向 | 盒子 | 箱子 | 装货 | 运送
📫	closed mailbox with raised flag	有待收信件	closed mailbox with raised flag | 有待收信件 | closed | communication | flag | mail | mailbox | postbox | raised | 信箱 | 旗标 | 有新信件 | 邮箱 | 邮箱关闭红旗升起
📪	closed mailbox with lowered flag	无待收信件	closed mailbox with lowered flag | 无待收信件 | closed | flag | lowered | mail | mailbox | postbox | 信箱 | 信箱关闭红旗放下 | 放下 | 旗标 | 无新信件
📬	open mailbox with raised flag	有新信件	open mailbox with raised flag | 有新信件 | flag | mail | mailbox | open | postbox | raised | 信箱 | 信箱打开红旗升起 | 打开 | 旗标 | 有待收信件
📭	open mailbox with lowered flag	无新信件	open mailbox with lowered flag | 无新信件 | flag | lowered | mail | mailbox | open | postbox | 信箱 | 信箱打开 | 信箱打开红旗放下 | 旗标 | 无待收信件 | 邮件 | 邮递
📮	postbox	邮筒	postbox | 邮筒 | mail | mailbox | 信 | 信箱 | 寄信 | 邮箱
🗳️	ballot box with ballot	投票箱	ballot box with ballot | 投票箱 | ballot | box | 投票 | 盒子 | 票箱 | 选举 | 选票
✏️	pencil	铅笔	pencil | 铅笔 | 橡皮 | 橡皮擦 | 画画 | 画笔 | 笔 | 绘画
✒️	black nib	钢笔尖	black nib | 钢笔尖 | black | nib | pen | 写字 | 硬笔 | 笔 | 笔尖 | 钢笔 | 黑色笔尖
🖋️	fountain pen	钢笔	fountain pen | 钢笔 | fountain | pen | 写字 | 硬笔 | 笔
🖊️	pen	笔	pen | 笔 | ballpoint | 原子笔 | 圆珠笔 | 油笔
🖌️	paintbrush	画笔	paintbrush | 画笔 | painting | 刷 | 毛笔 | 画刷 | 笔刷
🖍️	crayon	蜡笔	crayon | 蜡笔 | 油画棒 | 画棒
📝	memo	备忘录	memo | 备忘录 | communication | media | notes | pencil | 便条 | 便条簿 | 便笺 | 铅笔
💼	briefcase	公文包	briefcase | 公文包 | office | 上班 | 公事包 | 办公室 | 包 | 手提包 | 文件
📁	file folder	文件夹	file folder | 文件夹 | file | folder | 办公 | 文件 | 文具 | 硬纸夹
📂	open file folder	打开的文件夹	open file folder | 打开的文件夹 | file | folder | open | 办公 | 打开 | 打开文件夹 | 文件 | 文件夹 | 文具
🗂️	card index dividers	索引分隔文件夹	card index dividers | 索引分隔文件夹 | card | dividers | index | 分隔 | 分隔卡 | 文件夹 | 索引 | 隔板
📅	calendar	日历	calendar | 日历 | date | 日期
📆	tear-off calendar	手撕日历	tear off calendar | 手撕日历 | calendar | tear off | 日历 | 日期
🗒️	spiral notepad	线圈本	spiral notepad | 线圈本 | note | notepad | pad | spiral | 文具 | 笔记本 | 线圈 | 记事本
🗓️	spiral calendar	线圈日历	spiral calendar | 线圈日历 | calendar | pad | spiral | 日历 | 日期 | 线圈 | 记事本
📇	card index	卡片索引	card index | 卡片索引 | card | index | old | rolodex | school | 卡片 | 卡牌索引 | 名片索引 | 目录 | 索引
📈	chart increasing	趋势向上的图表	chart increasing | 趋势向上的图表 | chart | data | graph | growth | increasing | right | trend | up | upward | 上升 | 上涨 | 上涨图表 | 上涨趋势线 | 向上 | 图表 | 成长 | 趋势线
📉	chart decreasing	趋势向下的图表	chart decreasing | 趋势向下的图表 | chart | data | decreasing | down | downward | graph | negative | trend | 下跌 | 下跌图表 | 下跌趋势线 | 下降 | 向下 | 图表 | 趋势线
📊	bar chart	条形图	bar chart | 条形图 | bar | chart | data | graph | 图形 | 图表 | 柱形图 | 直方图 | 资料 | 长条图
📋	clipboard	剪贴板	clipboard | 剪贴板 | do | list | notes | 写字夹板 | 写字板 | 剪贴簿 | 夹子 | 待办事项 | 待办表 | 纸张
📌	pushpin	图钉	pushpin | 图钉 | collage | pin | 固定 | 拼贴 | 按钉
📍	round pushpin	圆图钉	round pushpin | 圆图钉 | location | map | pin | pushpin | round | 位置 | 固定 | 图钉
📎	paperclip	回形针	paperclip | 回形针 | 万字夹 | 回纹针 | 曲别针 | 纸夹
🖇️	linked paperclips	连起来的两个回形针	linked paperclips | 连起来的两个回形针 | link | linked | paperclip | paperclips | 万字夹 | 回形针 | 回纹针 | 曲别针 | 纸夹 | 连接 | 连接的回形针
📏	straight ruler	直尺	straight ruler | 直尺 | angle | edge | math | ruler | straight | straightedge | 尺 | 尺子 | 数学 | 文具 | 测量 | 量 | 长度
📐	triangular ruler	三角尺	triangular ruler | 三角尺 | angle | math | rule | ruler | set | slide | triangle | triangular | 三角 | 尺 | 数学 | 文具 | 测量 | 角 | 角度
✂️	scissors	剪刀	scissors | 剪刀 | cut | cutting | paper | tool | 修剪 | 剪 | 剪子 | 剪裁 | 工具
🗃️	card file box	卡片盒	card file box | 卡片盒 | box | card | file | 卡片 | 存档 | 文件 | 标签 | 档案 | 箱 | 索引
🗄️	file cabinet	文件柜	file cabinet | 文件柜 | cabinet | file | filing | paper | 存档 | 归档 | 收纳 | 柜 | 档案
🗑️	wastebasket	垃圾桶	wastebasket | 垃圾桶 | can | garbage | trash | waste | 垃圾 | 垃圾篓 | 废纸篓
🔒	locked	合上的锁	locked | 合上的锁 | closed | lock | private | 上锁 | 私密 | 锁 | 锁住 | 锁头 | 锁定
🔓	unlocked	打开的锁	unlocked | 打开的锁 | cracked | lock | open | unlock | 取消锁定 | 开锁 | 打开 | 破解 | 解锁 | 锁
🔏	locked with pen	墨水笔和锁	locked with pen | 墨水笔和锁 | ink | lock | locked | nib | pen | privacy | 笔 | 笔尖 | 钢笔 | 锁 | 隐私
🔐	locked with key	钥匙和锁	locked with key | 钥匙和锁 | bike | closed | key | lock | locked | secure | 安全 | 脚踏车锁 | 钥匙 | 锁 | 锁上
🔑	key	钥匙	key | 钥匙 | keys | lock | major | password | unlock | 密码 | 密钥 | 开锁 | 解锁 | 锁
🗝️	old key	老式钥匙	old key | 老式钥匙 | clue | key | lock | old | 古老的钥匙 | 旧钥匙 | 线索 | 钥匙
🔨	hammer	锤子	hammer | 锤子 | home | improvement | repairs | tool | 修理 | 家居修缮 | 工具 | 敲 | 施工 | 砸 | 铁锤
🪓	axe	斧头	axe | 斧头 | ax | chop | hatchet | split | wood | 切 | 劈 | 木头 | 砍
⛏️	pick	铁镐	pick | 铁镐 | hammer | mining | tool | 工具 | 挖 | 挖掘 | 采矿 | 锄头 | 鹤嘴锄
⚒️	hammer and pick	锤子与镐	hammer and pick | 锤子与镐 | hammer | pick | tool | 工具 | 铁锤 | 铁镐 | 锤子 | 镐 | 镐子
🛠️	hammer and wrench	锤子与扳手	hammer and wrench | 锤子与扳手 | hammer | spanner | tool | wrench | 工具 | 扳手 | 铁锤 | 锤子
🗡️	dagger	匕首	dagger | 匕首 | knife | weapon | 剑 | 武器 | 短刀 | 短剑
⚔️	crossed swords	交叉放置的剑	crossed swords | 交叉放置的剑 | crossed | swords | weapon | 交叉 | 剑 | 十字 | 双剑 | 战死 | 武器
💣	bomb	炸弹	bomb | 炸弹 | boom | comic | dangerous | explosion | hot | 爆炸
🪃	boomerang	回旋镖	boomerang | 回旋镖 | rebound | repercussion | weapon | 反弹 | 回弹 | 土著 | 武器 | 飞镖
🏹	bow and arrow	弓和箭	bow and arrow | 弓和箭 | archer | archery | arrow | bow | sagittarius | tool | weapon | zodiac | 人马座 | 射手 | 射手座 | 射箭 | 弓 | 弓箭 | 箭
🛡️	shield	盾牌	shield | 盾牌 | weapon | 武器 | 盾 | 防御
🪚	carpentry saw	木工锯	carpentry saw | 木工锯 | carpenter | carpentry | cut | lumber | saw | tool | trim | 修剪 | 工具 | 木匠 | 木材 | 锯 | 锯子
🔧	wrench	扳手	wrench | 扳手 | home | improvement | spanner | tool | 家居修缮 | 工具 | 螺丝扳手
🪛	screwdriver	螺丝刀	screwdriver | 螺丝刀 | flathead | handy | screw | tool | 工具 | 螺丝
🔩	nut and bolt	螺母与螺栓	nut and bolt | 螺母与螺栓 | bolt | home | improvement | nut | tool | 工具 | 螺丝 | 螺帽 | 螺栓 | 螺母 | 螺钉
⚙️	gear	齿轮	gear | 齿轮 | cog | cogwheel | tool | 传动 | 工具 | 机械 | 零件
🗜️	clamp	夹钳	clamp | 夹钳 | compress | tool | vice | 压缩 | 夹具 | 工具 | 机械 | 紧固
⚖️	balance scale	天平	balance scale | 天平 | balance | justice | libra | scale | scales | tool | weight | zodiac | 公平 | 公正 | 天秤 | 天秤座 | 星座 | 正义 | 法律
🦯	white cane	盲杖	white cane | 盲杖 | accessibility | blind | cane | probing | white | 拐杖 | 无障碍 | 盲 | 盲人
🔗	link	链接	link | 链接 | links | 网址 | 链条 | 锁链
⛓️‍💥	broken chain	断链	broken chain | 断链 | break | breaking | broken | chain | cuffs | freedom | 手铐 | 断开 | 断开的链条 | 自由 | 链 | 链条
⛓️	chains	链条	chains | 链条 | chain | 铁链 | 链 | 锁链
🪝	hook	挂钩	hook | 挂钩 | catch | crook | curve | ensnare | point | selling | 卖点 | 弯钩 | 抓 | 曲线 | 钩子 | 钩状物 | 鱼钩
🧰	toolbox	工具箱	toolbox | 工具箱 | box | chest | mechanic | red | tool | 大箱子 | 工具 | 机修 | 箱子 | 红盒子
🧲	magnet	磁铁	magnet | 磁铁 | attraction | horseshoe | magnetic | negative | positive | shape | u | u 型 | 吸引 | 吸引力 | 正负 | 磁性 | 马蹄铁
🪜	ladder	梯子	ladder | 梯子 | climb | rung | step | 台阶 | 梯级 | 横档 | 爬 | 爬梯 | 阶梯
🪏	shovel	铲	shovel | 铲 | bury | dig | garden | hole | plant | scoop | snow | spade | 埋 | 挖 | 掘 | 洞 | 种植 | 花园 | 锹 | 雪
⚗️	alembic	蒸馏器	alembic | 蒸馏器 | chemistry | tool | 净化 | 化学 | 实验 | 工具 | 蒸馏
🧪	test tube	试管	test tube | 试管 | chemist | chemistry | experiment | lab | science | test | tube | 化学 | 化学家 | 实验 | 实验室 | 科学
🧫	petri dish	培养皿	petri dish | 培养皿 | bacteria | biologist | biology | culture | dish | lab | petri | 培养 | 实验室 | 生物学 | 生物学家 | 细菌
🧬	dna	DNA	dna | biologist | evolution | gene | genetics | life | 基因 | 演化 | 生命 | 生物学家 | 进化 | 遗传学
🔬	microscope	显微镜	microscope | 显微镜 | experiment | lab | science | tool | 实验 | 实验室 | 工具 | 生物 | 科学 | 细胞
🔭	telescope	望远镜	telescope | 望远镜 | contact | extraterrestrial | science | tool | 外星人 | 天体 | 天文 | 天文学 | 工具 | 接触 | 科学 | 观星
📡	satellite antenna	卫星天线	satellite antenna | 卫星天线 | aliens | antenna | contact | dish | satellite | science | 信号接收 | 卫星 | 卫星接收天线 | 卫星碟形天线 | 外星人 | 天线 | 接触
💉	syringe	注射器	syringe | 注射器 | doctor | flu | medicine | needle | shot | sick | tool | vaccination | 医学 | 医生 | 工具 | 打针 | 接种 | 治疗 | 疫苗 | 药 | 针头 | 针筒
🩸	drop of blood	血滴	drop of blood | 血滴 | bleed | blood | donation | drop | injury | medicine | menstruation | 医疗 | 月经 | 流血 | 献血 | 经血 | 输血
💊	pill	药丸	pill | 药丸 | doctor | drugs | medicated | medicine | pills | sick | vitamin | 医生 | 吃药 | 治疗 | 生病 | 用药 | 维他命 | 药 | 药物
🩹	adhesive bandage	创可贴	adhesive bandage | 创可贴 | adhesive | bandage | ok绷 | 伤口 | 受伤 | 绷带 | 胶布
🩼	crutch	拐杖	crutch | 拐杖 | aid | cane | disability | help | hurt | injured | mobility | stick | 受伤 | 手杖 | 残疾 | 活动助行类辅具 | 辅助
🩺	stethoscope	听诊器	stethoscope | 听诊器 | doctor | heart | medicine | 医生 | 医疗 | 心脏 | 心跳 | 诊断
🩻	x-ray	X射线	x ray | x射线 | bones | doctor | medical | skeleton | skull | xray | x 射线 | 医生 | 医疗 | 骨架 | 骨骼
🚪	door	门	door | 门 | back | closet | front | 出入口 | 前门 | 后门 | 大门 | 屋门 | 房门 | 房间
🛗	elevator	电梯	elevator | 电梯 | accessibility | hoist | lift | 升降机 | 可达性
🪞	mirror	镜子	mirror | 镜子 | makeup | reflection | reflector | speculum | 化妆 | 反射 | 反射镜 | 窥镜
🪟	window	窗户	window | 窗户 | air | frame | fresh | opening | transparent | view | 开窗 | 新鲜空气 | 景色 | 窗口 | 窗框 | 透明
🛏️	bed	床	bed | 床 | hotel | sleep | 宾馆 | 床垫 | 床铺 | 睡 | 睡眠 | 睡觉
🛋️	couch and lamp	沙发和灯	couch and lamp | 沙发和灯 | couch | hotel | lamp | 家 | 沙发 | 灯 | 阅读
🪑	chair	椅子	chair | 椅子 | seat | sit | 坐 | 坐下 | 座位 | 椅背
🚽	toilet	马桶	toilet | 马桶 | bathroom | wc | 卫生间 | 厕所 | 洗手间
🪠	plunger	活塞	plunger | 活塞 | cup | force | plumber | poop | suction | toilet | 便便 | 吸力 | 搋子 | 水管工 | 通厕所 | 马桶
🚿	shower	淋浴	shower | 淋浴 | water | 喷头 | 喷水 | 水 | 洗澡 花洒 | 花洒
🛁	bathtub	浴缸	bathtub | 浴缸 | bath | 沐浴 | 泡沫浴 | 泡澡 | 洗澡 | 浴盆 | 澡盆
🪤	mouse trap	捕鼠器	mouse trap | 捕鼠器 | bait | cheese | lure | mouse | mousetrap | snare | trap | 奶酪 | 老鼠夹 | 诱饵 | 陷进 | 陷阱
🪒	razor	剃须刀	razor | 剃须刀 | sharp | shave | 刀 | 刮 | 刮刀 | 剃刀 | 毛 | 胡子 | 锋利
🧴	lotion bottle	乳液瓶	lotion bottle | 乳液瓶 | bottle | lotion | moisturizer | shampoo | sunscreen | 乳液 | 保湿乳液 | 护肤霜 | 洗剂瓶 | 洗发水 | 洗发露 | 防嗮霜 | 防晒霜
🧷	safety pin	安全别针	safety pin | 安全别针 | diaper | pin | punk | rock | safety | 别针 | 扣针
🧹	broom	扫帚	broom | 扫帚 | cleaning | sweeping | witch | 女巫 | 巫婆 | 打扫 | 扫地 | 清洁
🧺	basket	筐	basket | 筐 | farming | laundry | picnic | 农作 | 洗衣 | 种植 | 篮子 | 脏衣篮 | 野餐
🧻	roll of paper	卷纸	roll of paper | 卷纸 | paper | roll | toilet | towels | 卫生纸 | 手纸 | 纸卷 | 纸巾
🪣	bucket	桶	bucket | 桶 | cask | pail | vat | 大桶 | 木桶 | 水桶 | 缸
🧼	soap	皂	soap | 皂 | bar | bathing | clean | cleaning | lather | soapdish | 杀菌 | 泡沫 | 洗手 | 洗澡 | 清洁 | 肥皂 | 肥皂泡 | 肥皂盒 | 肥皂盘
🫧	bubbles	气泡	bubbles | 气泡 | bubble | burp | clean | floating | pearl | soap | underwater | 打嗝 | 水下 | 泡泡 | 清洁 | 漂浮 | 珍珠状 | 肥皂 | 肥皂泡
🪥	toothbrush	牙刷	toothbrush | 牙刷 | bathroom | brush | clean | dental | hygiene | teeth | toiletry | 刷 | 刷子 | 卫生 | 情节 | 洗漱 | 浴室 | 清洁 | 牙科 | 牙齿
🧽	sponge	海绵	sponge | 海绵 | absorbing | cleaning | porous | soak | 吸收 | 吸水 | 多孔 | 浸泡 | 清洁 | 渗透
🧯	fire extinguisher	灭火器	fire extinguisher | 灭火器 | extinguish | extinguisher | fire | quench | 压制 | 火灾 | 灭火 | 熄灭
🛒	shopping cart	购物车	shopping cart | 购物车 | cart | shopping | trolley | 手推车 | 购物 | 采购
🚬	cigarette	香烟	cigarette | 香烟 | smoking | 卷烟 | 吸烟 | 抽烟 | 烟 | 烟草
⚰️	coffin	棺材	coffin | 棺材 | dead | death | vampire | 埋葬 | 死亡 | 灵柩 | 葬礼 | 陵墓
🪦	headstone	墓碑	headstone | 墓碑 | cemetery | dead | grave | graveyard | memorial | rip | tomb | tombstone | 公墓 | 坟墓 | 墓园 | 墓地 | 安息 | 死亡 | 纪念
⚱️	funeral urn	骨灰缸	funeral urn | 骨灰缸 | ashes | death | funeral | urn | 丧礼 | 死亡 | 瓮 | 缸 | 葬礼 | 骨灰 | 骨灰罐
🧿	nazar amulet	纳扎尔护身符	nazar amulet | 纳扎尔护身符 | amulet | bead | blue | charm | evil eye | nazar | talisman | 小装饰品 | 恶魔之眼 | 护身符 | 珠子 | 符咒 | 纳扎尔 | 蓝色 | 邪眼
🪬	hamsa	法蒂玛之手	hamsa | 法蒂玛之手 | amulet | fatima | fortune | guide | hand | mary | miriam | palm | protect | protection | 保护 | 好运 | 手 | 手掌 | 护身符 | 法蒂玛 | 玛丽 | 米里亚姆
🗿	moai	摩埃	moai | 摩埃 | face | moyai | statue | stoneface | travel | 复活岛 | 复活节岛 | 复活节岛石像 | 摩艾 | 摩艾石像 | 旅行 | 毛埃 | 脸
🪧	placard	标语牌	placard | 标语牌 | card | demonstration | notice | picket | plaque | protest | sign | 告示 | 布告 | 标志 | 标牌 | 标语 | 海报 | 示威 | 纠察队标语牌 | 警戒哨
🪪	identification card	身份证	identification card | 身份证 | card | credentials | document | id | identification | license | security | 凭证 | 安全 | 执照 | 证件
🏧	ATM sign	取款机	atm sign | 取款机 | atm | automated | bank | cash | money | sign | teller | 提款机 | 柜员机 | 标识 | 银行
🚮	litter in bin sign	倒垃圾	litter in bin sign | 倒垃圾 | bin | litter | litterbin | sign | 垃圾丢弃处 | 垃圾入篓 | 垃圾桶
🚰	potable water	饮用水	potable water | 饮用水 | drinking | potable | water | 可以喝的 | 喝水 | 接水 | 水 | 水龙头
♿	wheelchair symbol	轮椅标识	wheelchair symbol | 轮椅标识 | access | handicap | symbol | wheelchair | 无障碍 | 残疾 | 残障 | 轮椅 | 轮椅符号
🚹	men’s room	男厕	men’s room | 男厕 | bathroom | lavatory | man | men’s | restroom | room | toilet | wc | 卫生间 | 厕所 | 洗手间 | 男士
🚺	women’s room	女厕	women’s room | 女厕 | bathroom | lavatory | restroom | room | toilet | wc | woman | women’s | 卫生间 | 厕所 | 女士 | 洗手间
🚻	restroom	卫生间	restroom | 卫生间 | bathroom | lavatory | toilet | wc | 厕所 | 洗手间
🚼	baby symbol	宝宝	baby symbol | 宝宝 | baby | changing | symbol | 婴儿 | 换尿片 | 母婴室
🚾	water closet	厕所	water closet | 厕所 | bathroom | closet | lavatory | restroom | toilet | water | wc | 卫生间 | 洗手间 | 盥洗室
🛂	passport control	护照检查	passport control | 护照检查 | control | passport | 安检 | 护照 | 检查 | 通行证
🛃	customs	海关	customs | 海关 | packing | 行李打包
🛄	baggage claim	提取行李	baggage claim | 提取行李 | arrived | baggage | bags | case | checked | claim | journey | packing | plane | ready | travel | trip | 提取 | 旅行 | 行李
🛅	left luggage	寄存行李	left luggage | 寄存行李 | baggage | case | left | locker | luggage | 储物柜 | 寄存 | 行李
⚠️	warning	警告	warning | 警告 | caution | 小心
🚸	children crossing	儿童过街	children crossing | 儿童过街 | child | children | crossing | pedestrian | traffic | 交通 | 安全 | 指示牌 | 行人
⛔	no entry	禁止通行	no entry | 禁止通行 | do | entry | fail | forbidden | no | not | pass | prohibited | traffic | 交通 | 禁止入内 | 禁行 | 请勿入内 | 请勿驶入
🚫	prohibited	禁止	prohibited | 禁止 | entry | forbidden | no | not | smoke | 不准 | 不许 | 严禁 | 禁入 | 禁行 | 阻止
🚳	no bicycles	禁止自行车	no bicycles | 禁止自行车 | bicycle | bicycles | bike | forbidden | no | not | prohibited | 严禁 | 交通 | 禁止 | 禁行自行车 | 自行车 | 非机动车
🚭	no smoking	禁止吸烟	no smoking | 禁止吸烟 | forbidden | no | not | prohibited | smoke | smoking | 严禁 | 吸烟 | 抽烟 | 禁止 | 禁烟
🚯	no littering	禁止乱扔垃圾	no littering | 禁止乱扔垃圾 | forbidden | litter | littering | no | not | prohibited | 严禁 | 垃圾 | 禁丢垃圾 | 禁止
🚱	non-potable water	非饮用水	non potable water | 非饮用水 | dry | non drinking | non potable | prohibited | water | 水 | 禁止用水 | 节约用水 | 非直饮水
🚷	no pedestrians	禁止行人通行	no pedestrians | 禁止行人通行 | forbidden | no | not | pedestrian | pedestrians | prohibited | 严禁 | 行人
📵	no mobile phones	禁止使用手机	no mobile phones | 禁止使用手机 | cell | forbidden | mobile | no | not | phone | phones | prohibited | telephone | 严禁 | 手机 | 电话 | 禁止
🔞	no one under eighteen	18禁	no one under eighteen | 18禁 | 18 | age | eighteen | forbidden | no | not | one | prohibited | restriction | underage | 儿童不宜 | 未成年人不宜 | 禁止
☢️	radioactive	辐射	radioactive | 辐射 | sign | 放射性 | 标识
☣️	biohazard	生物危害	biohazard | 生物危害 | sign | 动物 | 当心感染 | 污染 | 警告
⬆️	up arrow	向上箭头	up arrow | 向上箭头 | arrow | cardinal | direction | north | up | 上 | 北 | 方位 | 方向 | 标识 | 箭头
↗️	up-right arrow	右上箭头	up right arrow | 右上箭头 | arrow | direction | intercardinal | northeast | up right | 东北 | 右上 | 方位 | 方向 | 标识 | 箭头
➡️	right arrow	向右箭头	right arrow | 向右箭头 | arrow | cardinal | direction | east | right | 东 | 右 | 方向 | 标识 | 箭头
↘️	down-right arrow	右下箭头	down right arrow | 右下箭头 | arrow | direction | down right | intercardinal | southeast | 东南 | 右下 | 方位 | 方向 | 标识 | 箭头
⬇️	down arrow	向下箭头	down arrow | 向下箭头 | arrow | cardinal | direction | down | south | 南 | 向下 | 基本 | 方位 | 正南 | 箭头
↙️	down-left arrow	左下箭头	down left arrow | 左下箭头 | arrow | direction | down left | intercardinal | southwest | 左下 | 方向 | 标识 | 箭头 | 西南
⬅️	left arrow	向左箭头	left arrow | 向左箭头 | arrow | cardinal | direction | left | west | 左 | 方向 | 标识 | 箭头 | 西
↖️	up-left arrow	左上箭头	up left arrow | 左上箭头 | arrow | direction | intercardinal | northwest | up left | 左上 | 方向 | 标识 | 箭头 | 西北
↕️	up-down arrow	上下箭头	up down arrow | 上下箭头 | arrow | up down | 上下 | 箭头
↔️	left-right arrow	左右箭头	left right arrow | 左右箭头 | arrow | left right | 左右 | 箭头
↩️	right arrow curving left	右转弯箭头	right arrow curving left | 右转弯箭头 | arrow | curving | left | right | 右转弯 | 向左弯曲的右箭头 | 箭头
↪️	left arrow curving right	左转弯箭头	left arrow curving right | 左转弯箭头 | arrow | curving | left | right | 向右弯曲的左箭头 | 左转弯 | 箭头
⤴️	right arrow curving up	右上弯箭头	right arrow curving up | 右上弯箭头 | arrow | curving | right | up | 右上弯 | 向上弯曲的右箭头 | 箭头
⤵️	right arrow curving down	右下弯箭头	right arrow curving down | 右下弯箭头 | arrow | curving | down | right | 右下弯 | 向下弯曲的右箭头 | 箭头
🔃	clockwise vertical arrows	顺时针垂直箭头	clockwise vertical arrows | 顺时针垂直箭头 | arrow | arrows | clockwise | refresh | reload | vertical | 刷新 | 垂直顺时针箭头 | 方向 | 标识 | 箭头 | 重新载入 | 顺时针 | 顺时针箭头
🔄	counterclockwise arrows button	逆时针箭头按钮	counterclockwise arrows button | 逆时针箭头按钮 | again | anticlockwise | arrow | arrows | button | counterclockwise | deja | refresh | rewindershins | vu | 倒转 | 再次 | 刷新 | 箭头 | 逆时针 | 逆时针箭头
🔙	BACK arrow	返回箭头	back arrow | 返回箭头 | arrow | back | 回退 | 箭头 | 返回
🔚	END arrow	结束箭头	end arrow | 结束箭头 | arrow | end | 箭头 | 终点 | 结束
🔛	ON! arrow	ON! 箭头	on! arrow | on! 箭头 | arrow | mark | on! | on | 开始 | 标识 | 箭头
🔜	SOON arrow	SOON 箭头	soon arrow | soon 箭头 | arrow | brb | omw | soon | 在路上 | 立刻回来 | 箭头 | 马上
🔝	TOP arrow	置顶	top arrow | 置顶 | arrow | homie | top | up | 向上 | 标识 | 顶
🛐	place of worship	宗教场所	place of worship | 宗教场所 | place | pray | religion | worship | 地点 | 宗教 | 崇拜 | 敬神 | 礼拜 | 祈祷
⚛️	atom symbol	原子符号	atom symbol | 原子符号 | atheist | atom | symbol | 原子 | 无神论 | 物质
🕉️	om	奥姆	om | 奥姆 | hindu | religion | 印度 | 印度教 | 唵 | 宗教
✡️	star of David	六芒星	star of david | 六芒星 | david | jew | jewish | judaism | religion | star | 六角星 | 大卫之星 | 大卫星 | 宗教 | 犹太 | 犹太教
☸️	wheel of dharma	法轮	wheel of dharma | 法轮 | buddhist | dharma | religion | wheel | 佛 | 宗教 | 舵 | 轮盘 | 达摩
☯️	yin yang	阴阳	yin yang | 阴阳 | difficult | lives | religion | tao | taoist | total | yang | yin | yinyang | 太极 | 宗教 | 道 | 道教 | 阳 | 阴
✝️	latin cross	十字架	latin cross | 十字架 | christ | christian | cross | latin | religion | 基督 | 天主教 | 宗教
☦️	orthodox cross	东正教十字架	orthodox cross | 东正教十字架 | christian | cross | orthodox | religion | 东正教 | 十字架 | 基督 | 宗教 | 正教会十字
☪️	star and crescent	星月	star and crescent | 星月 | crescent | islam | muslim | ramadan | religion | star | 伊斯兰 | 宗教 | 斋戒月 | 穆斯林
☮️	peace symbol	和平符号	peace symbol | 和平符号 | healing | peace | peaceful | symbol | 和平
🕎	menorah	烛台	menorah | 烛台 | candelabrum | candlestick | hanukkah | jewish | judaism | religion | 光明节 | 宗教 | 灯台 | 犹太 | 犹太教
🔯	dotted six-pointed star	带中间点的六芒星	dotted six pointed star | 带中间点的六芒星 | dotted | fortune | jewish | judaism | six pointed | star | 六芒星 | 六芒星加圆点 | 六角星 | 命运 | 犹太 | 犹太教
🪯	khanda	坎达	khanda | 坎达 | deg | fateh | khalsa | religion | sikh | sikhism | tegh | 信仰 | 卡尔萨 | 善业与佩剑得胜 | 坎达长剑 | 宗教 | 锡克 | 锡克教 | 锡克教徒
♈	Aries	白羊座	aries | 白羊座 | horoscope | ram | zodiac | 公羊 | 星座 | 牡羊座
♉	Taurus	金牛座	taurus | 金牛座 | bull | horoscope | ox | zodiac | 公牛 | 星座 | 金牛
♊	Gemini	双子座	gemini | 双子座 | horoscope | twins | zodiac | 双子 | 孪生子 | 星座
♋	Cancer	巨蟹座	cancer | 巨蟹座 | crab | horoscope | zodiac | 巨蟹 | 星座 | 螃蟹
♌	Leo	狮子座	leo | 狮子座 | horoscope | lion | zodiac | 星座 | 雄狮
♍	Virgo	处女座	virgo | 处女座 | horoscope | zodiac | 室女座 | 星座 | 黄道十二宫
♎	Libra	天秤座	libra | 天秤座 | balance | horoscope | justice | scales | zodiac | 平衡 | 星座 | 正义
♏	Scorpio	天蝎座	scorpio | 天蝎座 | horoscope | scorpion | scorpius | zodiac | 天蝎 | 星座 | 蝎子
♐	Sagittarius	射手座	sagittarius | 射手座 | archer | horoscope | zodiac | 人马座 | 射手 | 弓箭手 | 星座
♑	Capricorn	摩羯座	capricorn | 摩羯座 | goat | horoscope | zodiac | 天宫图 | 山羊 | 摩羯 | 星座
♒	Aquarius	水瓶座	aquarius | 水瓶座 | bearer | horoscope | water | zodiac | 星座 | 水
♓	Pisces	双鱼座	pisces | 双鱼座 | fish | horoscope | zodiac | 双鱼 | 星座 | 鱼
⛎	Ophiuchus	蛇夫座	ophiuchus | 蛇夫座 | bearer | serpent | snake | zodiac | 星座 | 蛇 | 蛇夫
🔀	shuffle tracks button	随机播放音轨按钮	shuffle tracks button | 随机播放音轨按钮 | arrow | button | crossed | shuffle | tracks | 交叉 | 打乱 | 随机 | 随机播放
🔁	repeat button	重复按钮	repeat button | 重复按钮 | arrow | button | clockwise | repeat | 循环 | 循环播放 | 箭头 | 顺时针
🔂	repeat single button	重复一次按钮	repeat single button | 重复一次按钮 | arrow | button | clockwise | once | repeat | single | 单曲循环 | 循环 | 箭头 | 顺时针
▶️	play button	播放按钮	play button | 播放按钮 | arrow | button | play | right | triangle | 三角 | 右 | 向右 | 播放 | 箭头
⏩	fast-forward button	快进按钮	fast forward button | 快进按钮 | arrow | button | double | fast | fast forward | forward | 双箭头 | 向前 | 快进 | 快速
⏭️	next track button	下一个音轨按钮	next track button | 下一个音轨按钮 | arrow | button | next | scene | track | triangle | 三角 | 下一个 | 下一曲 | 下一首 | 往后 | 箭头
⏯️	play or pause button	播放或暂停按钮	play or pause button | 播放或暂停按钮 | arrow | button | pause | play | right | triangle | 三角 | 向右 | 播放 | 播放或暂停 | 暂停
◀️	reverse button	倒退按钮	reverse button | 倒退按钮 | arrow | button | left | reverse | triangle | 三角 | 倒转 | 后退 | 向左 | 左
⏪	fast reverse button	快退按钮	fast reverse button | 快退按钮 | arrow | button | double | fast | reverse | rewind | 倒回 | 双箭头 | 快退 | 快速倒带
⏮️	last track button	上一个音轨按钮	last track button | 上一个音轨按钮 | arrow | button | last | previous | scene | track | triangle | 三角 | 上一个 | 上一曲 | 上一首 | 箭头
🔼	upwards button	向上三角形按钮	upwards button | 向上三角形按钮 | arrow | button | red | up | upwards | 上 | 向上 | 向上按钮 | 往上 | 箭头
⏫	fast up button	快速上升按钮	fast up button | 快速上升按钮 | arrow | button | double | fast | up | 上 | 双箭头 | 向上 | 快速向上
🔽	downwards button	向下三角形按钮	downwards button | 向下三角形按钮 | arrow | button | down | downwards | red | 下 | 向下 | 向下按钮 | 往下 | 箭头
⏬	fast down button	快速下降按钮	fast down button | 快速下降按钮 | arrow | button | double | down | fast | 下 | 双箭头 | 向下 | 快速向下
⏸️	pause button	暂停按钮	pause button | 暂停按钮 | bar | button | double | pause | vertical | 停止 | 双条形 | 暂停
⏹️	stop button	停止按钮	stop button | 停止按钮 | button | square | stop | 停止 | 方形 | 正方形 | 终止
⏺️	record button	录制按钮	record button | 录制按钮 | button | circle | record | 制作 | 圆 | 录像 | 录制 | 录音
⏏️	eject button	推出按钮	eject button | 推出按钮 | button | eject | 向上三角 | 弹出
🎦	cinema	电影院	cinema | 电影院 | camera | film | movie | 剧院 | 场所 | 影片 | 摄影机 | 电影
🔅	dim button	低亮度按钮	dim button | 低亮度按钮 | brightness | button | dim | low | 亮度 | 低 | 低亮度 | 昏暗 | 暗
🔆	bright button	高亮度按钮	bright button | 高亮度按钮 | bright | brightness | button | light | 亮 | 亮度 | 太阳 | 明亮 | 高亮度
📶	antenna bars	信号强度条	antenna bars | 信号强度条 | antenna | bar | bars | cell | communication | mobile | phone | signal | telephone | 信号 | 天线 | 强度 | 手机 | 条
🛜	wireless	无线	wireless | 无线 | broadband | computer | connectivity | hotspot | internet | network | router | smartphone | wi fi | wifi | wlan | 互联网 | 宽带 | 智能手机 | 热点 | 电脑 | 网络 | 计算机 | 连接
📳	vibration mode	振动模式	vibration mode | 振动模式 | cell | communication | mobile | mode | phone | telephone | vibration | 手机 | 振动 | 震动
📴	mobile phone off	手机关机	mobile phone off | 手机关机 | cell | mobile | off | phone | telephone | 关机 | 关闭 | 关闭手机 | 手机
♀️	female sign	女性符号	female sign | 女性符号 | female | sign | woman | 符号 | 雌性
♂️	male sign	男性符号	male sign | 男性符号 | male | man | sign | 符号 | 雄性
⚧️	transgender symbol	跨性别符号	transgender symbol | 跨性别符号 | symbol | transgender | 跨性别
✖️	multiply	乘	multiply | 乘 | × | cancel | multiplication | sign | x | 乘号 | 取消 | 相乘 | 符号
➕	plus	加	plus | 加 | + | 加号 | 十字 | 数学 | 相加 | 符号
➖	minus	减	minus | 减 |  | − | heavy | math | sign | 减号 | 数学 | 横线 | 符号
➗	divide	除	divide | 除 | ÷ | division | heavy | math | sign | 数学 | 相除 | 符号 | 除号
🟰	heavy equals sign	粗等号	heavy equals sign | 粗等号 | answer | equal | equality | equals | heavy | math | sign | 回答 | 平等 | 数学 | 相等 | 等于 | 等号 | 答案
♾️	infinity	无穷大	infinity | 无穷大 | forever | unbounded | universal | 宇宙 | 无尽 | 极大
‼️	double exclamation mark	双感叹号	double exclamation mark | 双感叹号 | ! | !! | bangbang | double | exclamation | mark | punctuation | ！ | ！！ | 两个 | 双叹号 | 叹号 | 吃惊 | 标点符号
⁉️	exclamation question mark	感叹疑问号	exclamation question mark | 感叹疑问号 | ! | !? | ? | exclamation | interrobang | mark | punctuation | question | ！ | ！？ | ？ | 叹号 | 叹号加问号 | 吃惊 | 标点符号 | 疑问惊叹号 | 问号
❓	red question mark	红色问号	red question mark | 红色问号 | ? | mark | punctuation | question | red | 为什么 | 标点 | 标点符号 | 疑问 | 问号
❔	white question mark	白色问号	white question mark | 白色问号 | ? | mark | outlined | punctuation | question | white | ？ | 为什么 | 标点符号 | 空心 | 空心问号 | 问号 | 问题
❕	white exclamation mark	白色感叹号	white exclamation mark | 白色感叹号 | ! | exclamation | mark | outlined | punctuation | white | ！ | 叹号 | 吃惊 | 标点符号 | 白色叹号 | 空心 | 空心叹号
❗	red exclamation mark	红色感叹号	red exclamation mark | 红色感叹号 | ! | exclamation | mark | punctuation | red | ！ | 叹号 | 吃惊 | 惊讶 | 感叹 | 感叹号 | 标点符号
〰️	wavy dash	波浪型破折号	wavy dash | 波浪型破折号 | dash | punctuation | wavy | 标点符号 | 波浪线 | 浪花 | 象声号
💱	currency exchange	货币兑换	currency exchange | 货币兑换 | bank | currency | exchange | money | 兑换 | 外汇 | 换汇 | 汇率 | 流通 | 银行
💲	heavy dollar sign	粗美元符号	heavy dollar sign | 粗美元符号 | billion | cash | charge | currency | dollar | heavy | million | money | pay | sign | 现金 | 美元 | 美元符号 | 美刀 | 货币 | 金钱
⚕️	medical symbol	医疗标志	medical symbol | 医疗标志 | aesculapius | medical | medicine | staff | symbol | 医学 | 医疗 | 蛇杖 | 阿斯克勒庇俄斯 | 阿斯克勒庇俄斯蛇杖
♻️	recycling symbol	回收标志	recycling symbol | 回收标志 | recycle | recycling | symbol | 再利用 | 再生 | 回收 | 循环
⚜️	fleur-de-lis	百合花饰	fleur de lis | 百合花饰 | knights | 鸢尾花
🔱	trident emblem	三叉戟徽章	trident emblem | 三叉戟徽章 | anchor | emblem | poseidon | ship | tool | trident | 三叉戟 | 工具 | 波塞冬 | 船 | 锚
📛	name badge	姓名牌	name badge | 姓名牌 | badge | name | 名牌 | 徽章 | 胸牌 | 证章
🔰	Japanese symbol for beginner	日本新手驾驶标志	japanese symbol for beginner | 日本新手驾驶标志 | beginner | chevron | green | japanese | leaf | symbol | tool | yellow | v 型臂章 | v形图案 | 人字形图记 | 军警 | 叶状 | 实习 | 新手 | 箭尾
⭕	hollow red circle	红色空心圆圈	hollow red circle | 红色空心圆圈 | circle | heavy | hollow | large | o | red | 0 | o形 | 圆圈 | 大 | 大圆圈 | 红 | 零
✅	check mark button	勾号按钮	check mark button | 勾号按钮 | ✓ | button | check | checked | checkmark | complete | completed | done | fixed | mark | tick | 勾 | 勾号 | 完成 | 打勾 | 按钮 | 绿色打勾
☑️	check box with check	勾选框	check box with check | 勾选框 | ✓ | ballot | box | check | checked | done | off | tick | 做好 | 勾号 | 勾选 | 复选框 | 带勾方格 | 打勾 | 搞定 | 选票
✔️	check mark	勾号	check mark | 勾号 | ✓ | check | checked | checkmark | done | heavy | mark | tick | 对勾 | 打勾 | 正确 | 符号
❌	cross mark	叉号	cross mark | 叉号 | × | cancel | cross | mark | multiplication | multiply | x | 乘 | 交叉 | 取消 | 相乘 | 符号
❎	cross mark button	叉号按钮	cross mark button | 叉号按钮 | × | button | cross | mark | multiplication | multiply | square | x | 乘 | 乘号 | 叉 | 取消 | 方形
➰	curly loop	卷曲环	curly loop | 卷曲环 | curl | curly | loop | 单环 | 日本单环标志 | 标志
➿	double curly loop	双卷曲环	double curly loop | 双卷曲环 | curl | curly | double | loop | 免费电话 | 双环 | 日本免费电话标志 | 标志
〽️	part alternation mark	庵点	part alternation mark | 庵点 | alternation | mark | part | 开始歌唱 | 歌记号 | 符号
✳️	eight-spoked asterisk	八轮辐星号	eight spoked asterisk | 八轮辐星号 | * | asterisk | eight spoked | 八芒星 | 星号
✴️	eight-pointed star	八角星	eight pointed star | 八角星 | * | eight pointed | star | 星 | 符号
❇️	sparkle	火花	sparkle | 火花 | * | 烟火 | 闪光 | 闪耀
©️	copyright	版权	copyright | 版权 | c
®️	registered	注册	registered | 注册 | r | 注册标记
™️	trade mark	商标	trade mark | 商标 | mark | tm | trade | trademark | 产品 | 标志
🫟	splatter	泼溅	splatter | 泼溅 | drip | holi | ink | liquid | mess | paint | spill | stain | 喷洒 | 污渍 | 油漆 | 溢出
#️⃣	keycap: #	按键: #	keycap # | 按键 # | keycap | 按键
*️⃣	keycap: *	按键: *	keycap * | 按键 * | keycap | 按键
0️⃣	keycap: 0	按键: 0	keycap 0 | 按键 0 | keycap | 按键
1️⃣	keycap: 1	按键: 1	keycap 1 | 按键 1 | keycap | 按键
2️⃣	keycap: 2	按键: 2	keycap 2 | 按键 2 | keycap | 按键
3️⃣	keycap: 3	按键: 3	keycap 3 | 按键 3 | keycap | 按键
4️⃣	keycap: 4	按键: 4	keycap 4 | 按键 4 | keycap | 按键
5️⃣	keycap: 5	按键: 5	keycap 5 | 按键 5 | keycap | 按键
6️⃣	keycap: 6	按键: 6	keycap 6 | 按键 6 | keycap | 按键
7️⃣	keycap: 7	按键: 7	keycap 7 | 按键 7 | keycap | 按键
8️⃣	keycap: 8	按键: 8	keycap 8 | 按键 8 | keycap | 按键
9️⃣	keycap: 9	按键: 9	keycap 9 | 按键 9 | keycap | 按键
🔟	keycap: 10	按键: 10	keycap 10 | 按键 10 | keycap | 按键
🔠	input latin uppercase	输入大写拉丁字母	input latin uppercase | 输入大写拉丁字母 | abcd | input | latin | letters | uppercase | 大写字母 | 大写字母键 | 字母 | 打字 | 拉丁文 | 输入法
🔡	input latin lowercase	输入小写拉丁字母	input latin lowercase | 输入小写拉丁字母 | abcd | input | latin | letters | lowercase | 小写字母 | 小写字母键 | 打字 | 拉丁文 | 输入小写字母 | 输入法
🔢	input numbers	输入数字	input numbers | 输入数字 | 1234 | input | numbers | 打字 | 数字
🔣	input symbols	输入符号	input symbols | 输入符号 | & | % | ♪ | 〒 | input | symbols | 字符 | 打字 | 符号
🔤	input latin letters	输入拉丁字母	input latin letters | 输入拉丁字母 | abc | alphabet | input | latin | letters | 字母 | 打字 | 拉丁字母 | 拉丁字母键 | 拉丁文 | 输入字母
🅰️	A button (blood type)	A型血	a button (blood type) | a型血 | blood | button | type | a | 字母a | 按钮 | 血型 | 血液
🆎	AB button (blood type)	AB型血	ab button (blood type) | ab型血 | ab | blood | button | type | 字母ab | 按钮 | 血型 | 血液
🅱️	B button (blood type)	B型血	b button (blood type) | b型血 | b | blood | button | type | 按钮 | 血型 | 血液
🆑	CL button	CL按钮	cl button | cl按钮 | button | cl | 手机 | 清理 | 清除
🆒	COOL button	cool按钮	cool button | cool按钮 | button | cool | 按键 | 酷
🆓	FREE button	免费按钮	free button | 免费按钮 | button | free | 不收费 | 免费 | 按钮 | 自由
ℹ️	information	信息	information | 信息 | i | 信息中心 | 查询 | 资料
🆔	ID button	ID按钮	id button | id按钮 | button | id | identity | 按键 | 识别 | 身份
Ⓜ️	circled M	圆圈包围的M	circled m | 圆圈包围的m | circle | circled | m | 圈 | 字母 | 米
🆕	NEW button	new按钮	new button | new按钮 | button | new | 按键 | 新 | 新的
🆖	NG button	NG按钮	ng button | ng按钮 | button | ng | 按钮 | 按键 | 花絮
🅾️	O button (blood type)	O 型血	o button (blood type) | o 型血 | blood | button | o | type | o型血 | 字母o | 按钮 | 血型 | 血液
🆗	OK button	OK按钮	ok button | ok按钮 | button | ok | okay | 同意 | 按键
🅿️	P button	停车按钮	p button | 停车按钮 | button | p | parking | 停车 | 按键 | 泊车
🆘	SOS button	SOS按钮	sos button | sos按钮 | button | help | sos | 按键 | 救命 | 求救 | 求救钮
🆙	UP! button	up按钮	up! button | up按钮 | button | mark | up | up! | 向上 | 按键
🆚	VS button	VS按钮	vs button | vs按钮 | button | versus | vs | 对 | 对决 | 按键
🈁	Japanese “here” button	日文的“这里”按钮	japanese “here” button | 日文的“这里”按钮 | button | here | japanese | katakana | koko | 按键 | 日文 | 日语 | 此处 | 片假名 | 这里
🈂️	Japanese “service charge” button	日文的“服务费”按钮	japanese “service charge” button | 日文的“服务费”按钮 | button | charge | japanese | katakana | service | sa | 按键 | 收费 | 日文 | 日文sa | 日语 | 服务 | 服务费 | 片假名
🈷️	Japanese “monthly amount” button	日文的“月总量”按钮	japanese “monthly amount” button | 日文的“月总量”按钮 | amount | button | ideograph | japanese | monthly | 按键 | 日文 | 日本 | 月 | 月度 | 统计 | 表意文字
🈶	Japanese “not free of charge” button	日文的“收费”按钮	japanese “not free of charge” button | 日文的“收费”按钮 | button | charge | free | ideograph | japanese | not | 按键 | 日文 | 日本 | 有 | 有料 | 表意文字 | 要收费 | 费用
🈯	Japanese “reserved” button	日文的“预留”按钮	japanese “reserved” button | 日文的“预留”按钮 | button | ideograph | japanese | reserved | 保留 | 指 | 按键 | 日文 | 日本 | 表意文字 | 预定 | 预订
🉐	Japanese “bargain” button	日文的“议价”按钮	japanese “bargain” button | 日文的“议价”按钮 | bargain | button | ideograph | japanese | 得 | 按键 | 日文 | 日本 | 表意文字 | 讨价还价
🈹	Japanese “discount” button	日文的“打折”按钮	japanese “discount” button | 日文的“打折”按钮 | button | discount | ideograph | japanese | 割 | 打折 | 折扣 | 按键 | 日文 | 日本 | 表意文字
🈚	Japanese “free of charge” button	日文的“免费”按钮	japanese “free of charge” button | 日文的“免费”按钮 | button | charge | free | ideograph | japanese | 免费 | 免钱 | 按键 | 无 | 日文 | 日本 | 表意文字
🈲	Japanese “prohibited” button	日文的“禁止”按钮	japanese “prohibited” button | 日文的“禁止”按钮 | button | ideograph | japanese | prohibited | 严禁 | 按键 | 日文 | 日本 | 禁 | 表意文字
🉑	Japanese “acceptable” button	日文的“可接受”按钮	japanese “acceptable” button | 日文的“可接受”按钮 | acceptable | button | ideograph | japanese | 可 | 可接受 | 按键 | 日文 | 日本 | 表意文字 | 许可
🈸	Japanese “application” button	日文的“申请”按钮	japanese “application” button | 日文的“申请”按钮 | application | button | ideograph | japanese | 日文 | 日本 | 日语 | 申 | 申请 | 申请书 | 申请表 | 表意文字
🈴	Japanese “passing grade” button	日文的“合格”按钮	japanese “passing grade” button | 日文的“合格”按钮 | button | grade | ideograph | japanese | passing | 及格 | 合 | 按键 | 日文 | 日本 | 表意文字 | 过关 | 通过
🈳	Japanese “vacancy” button	日文的“有空位”按钮	japanese “vacancy” button | 日文的“有空位”按钮 | button | ideograph | japanese | vacancy | 日文 | 日本 | 日语 | 有空位 | 空 | 空位 | 空闲 | 表意文字
㊗️	Japanese “congratulations” button	日文的“祝贺”按钮	japanese “congratulations” button | 日文的“祝贺”按钮 | button | congratulations | ideograph | japanese | 庆贺 | 按键 | 日文 | 日本 | 祝 | 祝福 | 祝贺 | 表意文字
㊙️	Japanese “secret” button	日文的“秘密”按钮	japanese “secret” button | 日文的“秘密”按钮 | button | ideograph | japanese | secret | 保密 | 按键 | 日文 | 日本 | 秘 | 秘密 | 表意文字
🈺	Japanese “open for business” button	日文的“开始营业”按钮	japanese “open for business” button | 日文的“开始营业”按钮 | business | button | ideograph | japanese | open | 开门 | 按键 | 日文 | 日本 | 营 | 营业 | 营业中 | 表意文字
🈵	Japanese “no vacancy” button	日文的“没有空位”按钮	japanese “no vacancy” button | 日文的“没有空位”按钮 | button | ideograph | japanese | no | vacancy | 座位 | 按键 | 日文 | 日本 | 满 | 表意文字
🔴	red circle	红色圆	red circle | 红色圆 | circle | geometric | red | 几何 | 圆 | 圈 | 红 | 红圈 | 红色
🟠	orange circle	橙色圆	orange circle | 橙色圆 | circle | orange | 圆 | 圆圈 | 圈 | 橙
🟡	yellow circle	黄色圆	yellow circle | 黄色圆 | circle | yellow | 圆 | 圈 | 黄 | 黄色 | 黄色圆圈
🟢	green circle	绿色圆	green circle | 绿色圆 | circle | green | 圆 | 圆圈 | 圈 | 绿
🔵	blue circle	蓝色圆	blue circle | 蓝色圆 | blue | circle | geometric | 圆 | 圈 | 蓝 | 蓝圈
🟣	purple circle	紫色圆	purple circle | 紫色圆 | circle | purple | 圆 | 圆圈 | 圈 | 紫 | 紫色 | 紫色圆圈
🟤	brown circle	棕色圆	brown circle | 棕色圆 | brown | circle | 圆 | 圆圈 | 圈 | 棕
⚫	black circle	黑色圆	black circle | 黑色圆 | black | circle | geometric | 圆 | 圈 | 黑
⚪	white circle	白色圆	white circle | 白色圆 | circle | geometric | white | 圆 | 圈 | 白 | 白圈
🟥	red square	红色方块	red square | 红色方块 | card | penalty | red | square | 方块 | 方框 | 正方形 | 红 | 红色
🟧	orange square	橙色方块	orange square | 橙色方块 | orange | square | 方块 | 方框 | 橙 | 橙色 | 正方形
🟨	yellow square	黄色方块	yellow square | 黄色方块 | card | penalty | square | yellow | 方块 | 方框 | 正方形 | 黄 | 黄色
🟩	green square	绿色方块	green square | 绿色方块 | green | square | 方块 | 方框 | 正方形 | 绿 | 绿色
🟦	blue square	蓝色方块	blue square | 蓝色方块 | blue | square | 方块 | 方框 | 正方形 | 蓝 | 蓝色
🟪	purple square	紫色方块	purple square | 紫色方块 | purple | square | 方块 | 方框 | 正方形 | 紫 | 紫色
🟫	brown square	棕色方块	brown square | 棕色方块 | brown | square | 方块 | 方框 | 棕 | 棕色 | 正方形
⬛	black large square	黑线大方框	black large square | 黑线大方框 | black | geometric | large | square | 大 | 方形 | 正方形 | 黑色 | 黑色大方形
⬜	white large square	白线大方框	white large square | 白线大方框 | geometric | large | square | white | 大 | 方形 | 正方形 | 白色 | 白色方块
◼️	black medium square	黑色中方块	black medium square | 黑色中方块 | black | geometric | medium | square | 中等 | 几何 | 方形 | 正方形 | 黑色
◻️	white medium square	白色中方块	white medium square | 白色中方块 | geometric | medium | square | white | 中等 | 方形 | 正方形 | 白色
◾	black medium-small square	黑色中小方块	black medium small square | 黑色中小方块 | black | geometric | medium small | square | 中小 | 方形 | 正方形 | 黑色
◽	white medium-small square	白色中小方块	white medium small square | 白色中小方块 | geometric | medium small | square | white | 中小 正方形 | 几何 | 方形 | 白色
▪️	black small square	黑色小方块	black small square | 黑色小方块 | black | geometric | small | square | 几何 | 几何图形 | 小 | 方形 | 正方形 | 黑色
▫️	white small square	白色小方块	white small square | 白色小方块 | geometric | small | square | white | 小 | 方形 | 正方形 | 白色
🔶	large orange diamond	橙色大菱形	large orange diamond | 橙色大菱形 | diamond | geometric | large | orange | 大 | 方块 | 方片 | 橘色方块 | 橘黄色 | 橙色方块 | 菱形 | 钻石
🔷	large blue diamond	蓝色大菱形	large blue diamond | 蓝色大菱形 | blue | diamond | geometric | large | 大 | 方块 | 方片 | 菱形 | 蓝色 | 钻石
🔸	small orange diamond	橙色小菱形	small orange diamond | 橙色小菱形 | diamond | geometric | orange | small | 小 | 方块 | 方片 | 橘色方块 | 橘黄色 | 菱形
🔹	small blue diamond	蓝色小菱形	small blue diamond | 蓝色小菱形 | blue | diamond | geometric | small | 小 | 方片 | 菱形 | 蓝色 | 蓝色方块 | 钻石
🔺	red triangle pointed up	红色正三角	red triangle pointed up | 红色正三角 | geometric | pointed | red | triangle | up | 三角形 | 向上 | 正三角 | 红色
🔻	red triangle pointed down	红色倒三角	red triangle pointed down | 红色倒三角 | down | geometric | pointed | red | triangle | 三角形 | 下 | 倒三角 | 向下 | 红色
💠	diamond with a dot	带圆点的菱形	diamond with a dot | 带圆点的菱形 | comic | diamond | dot | geometric | 中心 | 内部 | 圆 | 方块 | 方块内有点 | 梅花形 | 菱形
🔘	radio button	单选按钮	radio button | 单选按钮 | button | geometric | radio | 单独 | 单选钮 | 圆心 | 按钮 | 按键 | 选中
🔳	white square button	白色方形按钮	white square button | 白色方形按钮 | button | geometric | outlined | square | white | 按钮 | 方形 | 白线方形按钮 | 白线正方形按钮 | 白色正方形按钮 | 白边线方形按钮 | 白边线正方形按钮
🔲	black square button	黑色方形按钮	black square button | 黑色方形按钮 | black | button | geometric | square | 几何 | 几何图形 | 按钮 | 方形 | 黑线方形按钮 | 黑线正方形按钮 | 黑色正方形按钮 | 黑边线方形按钮 | 黑边线正方形按钮
🏁	chequered flag	黑白方格旗	chequered flag | 黑白方格旗 | checkered | chequered | finish | flag | flags | game | race | racing | sport | win | 方格 | 格子旗 | 竞赛 | 终点 | 终点旗 | 黑白方格
🚩	triangular flag	三角旗	triangular flag | 三角旗 | construction | flag | golf | post | triangular | 升旗 | 旗 | 旗杆上的三角旗 | 旗杆上的旗帜 | 红色旗帜 | 高尔夫
🎌	crossed flags	交叉旗	crossed flags | 交叉旗 | celebration | cross | crossed | flags | japanese | 对叉 | 旗 | 旗帜 | 日本
🏴	black flag	黑旗	black flag | 黑旗 | black | flag | waving | 举黑旗 | 摇黑棋 | 黑色旗 | 黑色旗子 | 黑色旗帜
🏳️	white flag	白旗	white flag | 白旗 | flag | waving | white | 举白旗 | 摇白旗 | 白色旗子 | 白色旗帜
🏳️‍🌈	rainbow flag	彩虹旗	rainbow flag | 彩虹旗 | bisexual | flag | gay | genderqueer | glbt | glbtq | lesbian | lgbt | lgbtq | lgbtqia | pride | queer | rainbow | trans | transgender | 双性 | 同性 | 多色 | 彩虹 | 旗 | 旗帜 | 跨性别
🏳️‍⚧️	transgender flag	跨性别旗	transgender flag | 跨性别旗 | blue | flag | light | pink | transgender | white | 旗帜 | 浅蓝色 | 白色 | 粉红色 | 跨性别
🏴‍☠️	pirate flag	海盗旗	pirate flag | 海盗旗 | flag | jolly | pirate | plunder | roger | treasure | 掠夺 | 海上 | 财宝 | 骷髅
🇦🇨	flag: Ascension Island	旗: 阿森松岛	flag ascension island | 旗 阿森松岛 | flag | 旗
🇦🇩	flag: Andorra	旗: 安道尔	flag andorra | 旗 安道尔 | flag | 旗
🇦🇪	flag: United Arab Emirates	旗: 阿拉伯联合酋长国	flag united arab emirates | 旗 阿拉伯联合酋长国 | flag | 旗
🇦🇫	flag: Afghanistan	旗: 阿富汗	flag afghanistan | 旗 阿富汗 | flag | 旗
🇦🇬	flag: Antigua & Barbuda	旗: 安提瓜和巴布达	flag antigua & barbuda | 旗 安提瓜和巴布达 | flag | 旗
🇦🇮	flag: Anguilla	旗: 安圭拉	flag anguilla | 旗 安圭拉 | flag | 旗
🇦🇱	flag: Albania	旗: 阿尔巴尼亚	flag albania | 旗 阿尔巴尼亚 | flag | 旗
🇦🇲	flag: Armenia	旗: 亚美尼亚	flag armenia | 旗 亚美尼亚 | flag | 旗
🇦🇴	flag: Angola	旗: 安哥拉	flag angola | 旗 安哥拉 | flag | 旗
🇦🇶	flag: Antarctica	旗: 南极洲	flag antarctica | 旗 南极洲 | flag | 旗
🇦🇷	flag: Argentina	旗: 阿根廷	flag argentina | 旗 阿根廷 | flag | 旗
🇦🇸	flag: American Samoa	旗: 美属萨摩亚	flag american samoa | 旗 美属萨摩亚 | flag | 旗
🇦🇹	flag: Austria	旗: 奥地利	flag austria | 旗 奥地利 | flag | 旗
🇦🇺	flag: Australia	旗: 澳大利亚	flag australia | 旗 澳大利亚 | flag | 旗
🇦🇼	flag: Aruba	旗: 阿鲁巴	flag aruba | 旗 阿鲁巴 | flag | 旗
🇦🇽	flag: Åland Islands	旗: 奥兰群岛	flag åland islands | 旗 奥兰群岛 | flag | 旗
🇦🇿	flag: Azerbaijan	旗: 阿塞拜疆	flag azerbaijan | 旗 阿塞拜疆 | flag | 旗
🇧🇦	flag: Bosnia & Herzegovina	旗: 波斯尼亚和黑塞哥维那	flag bosnia & herzegovina | 旗 波斯尼亚和黑塞哥维那 | flag | 旗
🇧🇧	flag: Barbados	旗: 巴巴多斯	flag barbados | 旗 巴巴多斯 | flag | 旗
🇧🇩	flag: Bangladesh	旗: 孟加拉国	flag bangladesh | 旗 孟加拉国 | flag | 旗
🇧🇪	flag: Belgium	旗: 比利时	flag belgium | 旗 比利时 | flag | 旗
🇧🇫	flag: Burkina Faso	旗: 布基纳法索	flag burkina faso | 旗 布基纳法索 | flag | 旗
🇧🇬	flag: Bulgaria	旗: 保加利亚	flag bulgaria | 旗 保加利亚 | flag | 旗
🇧🇭	flag: Bahrain	旗: 巴林	flag bahrain | 旗 巴林 | flag | 旗
🇧🇮	flag: Burundi	旗: 布隆迪	flag burundi | 旗 布隆迪 | flag | 旗
🇧🇯	flag: Benin	旗: 贝宁	flag benin | 旗 贝宁 | flag | 旗
🇧🇱	flag: St. Barthélemy	旗: 圣巴泰勒米	flag st. barthélemy | 旗 圣巴泰勒米 | flag | 旗
🇧🇲	flag: Bermuda	旗: 百慕大	flag bermuda | 旗 百慕大 | flag | 旗
🇧🇳	flag: Brunei	旗: 文莱	flag brunei | 旗 文莱 | flag | 旗
🇧🇴	flag: Bolivia	旗: 玻利维亚	flag bolivia | 旗 玻利维亚 | flag | 旗
🇧🇶	flag: Caribbean Netherlands	旗: 荷属加勒比区	flag caribbean netherlands | 旗 荷属加勒比区 | flag | 旗
🇧🇷	flag: Brazil	旗: 巴西	flag brazil | 旗 巴西 | flag | 旗
🇧🇸	flag: Bahamas	旗: 巴哈马	flag bahamas | 旗 巴哈马 | flag | 旗
🇧🇹	flag: Bhutan	旗: 不丹	flag bhutan | 旗 不丹 | flag | 旗
🇧🇻	flag: Bouvet Island	旗: 布韦岛	flag bouvet island | 旗 布韦岛 | flag | 旗
🇧🇼	flag: Botswana	旗: 博茨瓦纳	flag botswana | 旗 博茨瓦纳 | flag | 旗
🇧🇾	flag: Belarus	旗: 白俄罗斯	flag belarus | 旗 白俄罗斯 | flag | 旗
🇧🇿	flag: Belize	旗: 伯利兹	flag belize | 旗 伯利兹 | flag | 旗
🇨🇦	flag: Canada	旗: 加拿大	flag canada | 旗 加拿大 | flag | 旗
🇨🇨	flag: Cocos (Keeling) Islands	旗: 科科斯（基林）群岛	flag cocos (keeling) islands | 旗 科科斯（基林）群岛 | flag | 旗
🇨🇩	flag: Congo - Kinshasa	旗: 刚果（金）	flag congo kinshasa | 旗 刚果（金） | flag | 旗
🇨🇫	flag: Central African Republic	旗: 中非共和国	flag central african republic | 旗 中非共和国 | flag | 旗
🇨🇬	flag: Congo - Brazzaville	旗: 刚果（布）	flag congo brazzaville | 旗 刚果（布） | flag | 旗
🇨🇭	flag: Switzerland	旗: 瑞士	flag switzerland | 旗 瑞士 | flag | 旗
🇨🇮	flag: Côte d’Ivoire	旗: 科特迪瓦	flag côte d’ivoire | 旗 科特迪瓦 | flag | 旗
🇨🇰	flag: Cook Islands	旗: 库克群岛	flag cook islands | 旗 库克群岛 | flag | 旗
🇨🇱	flag: Chile	旗: 智利	flag chile | 旗 智利 | flag | 旗
🇨🇲	flag: Cameroon	旗: 喀麦隆	flag cameroon | 旗 喀麦隆 | flag | 旗
🇨🇳	flag: China	旗: 中国	flag china | 旗 中国 | flag | 旗
🇨🇴	flag: Colombia	旗: 哥伦比亚	flag colombia | 旗 哥伦比亚 | flag | 旗
🇨🇵	flag: Clipperton Island	旗: 克利珀顿岛	flag clipperton island | 旗 克利珀顿岛 | flag | 旗
🇨🇶	flag: Sark	flag: Sark	flag sark | flag
🇨🇷	flag: Costa Rica	旗: 哥斯达黎加	flag costa rica | 旗 哥斯达黎加 | flag | 旗
🇨🇺	flag: Cuba	旗: 古巴	flag cuba | 旗 古巴 | flag | 旗
🇨🇻	flag: Cape Verde	旗: 佛得角	flag cape verde | 旗 佛得角 | flag | 旗
🇨🇼	flag: Curaçao	旗: 库拉索	flag curaçao | 旗 库拉索 | flag | 旗
🇨🇽	flag: Christmas Island	旗: 圣诞岛	flag christmas island | 旗 圣诞岛 | flag | 旗
🇨🇾	flag: Cyprus	旗: 塞浦路斯	flag cyprus | 旗 塞浦路斯 | flag | 旗
🇨🇿	flag: Czechia	旗: 捷克	flag czechia | 旗 捷克 | flag | 旗
🇩🇪	flag: Germany	旗: 德国	flag germany | 旗 德国 | flag | 旗
🇩🇬	flag: Diego Garcia	旗: 迪戈加西亚岛	flag diego garcia | 旗 迪戈加西亚岛 | flag | 旗
🇩🇯	flag: Djibouti	旗: 吉布提	flag djibouti | 旗 吉布提 | flag | 旗
🇩🇰	flag: Denmark	旗: 丹麦	flag denmark | 旗 丹麦 | flag | 旗
🇩🇲	flag: Dominica	旗: 多米尼克	flag dominica | 旗 多米尼克 | flag | 旗
🇩🇴	flag: Dominican Republic	旗: 多米尼加共和国	flag dominican republic | 旗 多米尼加共和国 | flag | 旗
🇩🇿	flag: Algeria	旗: 阿尔及利亚	flag algeria | 旗 阿尔及利亚 | flag | 旗
🇪🇦	flag: Ceuta & Melilla	旗: 休达及梅利利亚	flag ceuta & melilla | 旗 休达及梅利利亚 | flag | 旗
🇪🇨	flag: Ecuador	旗: 厄瓜多尔	flag ecuador | 旗 厄瓜多尔 | flag | 旗
🇪🇪	flag: Estonia	旗: 爱沙尼亚	flag estonia | 旗 爱沙尼亚 | flag | 旗
🇪🇬	flag: Egypt	旗: 埃及	flag egypt | 旗 埃及 | flag | 旗
🇪🇭	flag: Western Sahara	旗: 西撒哈拉	flag western sahara | 旗 西撒哈拉 | flag | 旗
🇪🇷	flag: Eritrea	旗: 厄立特里亚	flag eritrea | 旗 厄立特里亚 | flag | 旗
🇪🇸	flag: Spain	旗: 西班牙	flag spain | 旗 西班牙 | flag | 旗
🇪🇹	flag: Ethiopia	旗: 埃塞俄比亚	flag ethiopia | 旗 埃塞俄比亚 | flag | 旗
🇪🇺	flag: European Union	旗: 欧盟	flag european union | 旗 欧盟 | flag | 旗
🇫🇮	flag: Finland	旗: 芬兰	flag finland | 旗 芬兰 | flag | 旗
🇫🇯	flag: Fiji	旗: 斐济	flag fiji | 旗 斐济 | flag | 旗
🇫🇰	flag: Falkland Islands	旗: 福克兰群岛	flag falkland islands | 旗 福克兰群岛 | flag | 旗
🇫🇲	flag: Micronesia	旗: 密克罗尼西亚	flag micronesia | 旗 密克罗尼西亚 | flag | 旗
🇫🇴	flag: Faroe Islands	旗: 法罗群岛	flag faroe islands | 旗 法罗群岛 | flag | 旗
🇫🇷	flag: France	旗: 法国	flag france | 旗 法国 | flag | 旗
🇬🇦	flag: Gabon	旗: 加蓬	flag gabon | 旗 加蓬 | flag | 旗
🇬🇧	flag: United Kingdom	旗: 英国	flag united kingdom | 旗 英国 | flag | 旗
🇬🇩	flag: Grenada	旗: 格林纳达	flag grenada | 旗 格林纳达 | flag | 旗
🇬🇪	flag: Georgia	旗: 格鲁吉亚	flag georgia | 旗 格鲁吉亚 | flag | 旗
🇬🇫	flag: French Guiana	旗: 法属圭亚那	flag french guiana | 旗 法属圭亚那 | flag | 旗
🇬🇬	flag: Guernsey	旗: 根西岛	flag guernsey | 旗 根西岛 | flag | 旗
🇬🇭	flag: Ghana	旗: 加纳	flag ghana | 旗 加纳 | flag | 旗
🇬🇮	flag: Gibraltar	旗: 直布罗陀	flag gibraltar | 旗 直布罗陀 | flag | 旗
🇬🇱	flag: Greenland	旗: 格陵兰	flag greenland | 旗 格陵兰 | flag | 旗
🇬🇲	flag: Gambia	旗: 冈比亚	flag gambia | 旗 冈比亚 | flag | 旗
🇬🇳	flag: Guinea	旗: 几内亚	flag guinea | 旗 几内亚 | flag | 旗
🇬🇵	flag: Guadeloupe	旗: 瓜德罗普	flag guadeloupe | 旗 瓜德罗普 | flag | 旗
🇬🇶	flag: Equatorial Guinea	旗: 赤道几内亚	flag equatorial guinea | 旗 赤道几内亚 | flag | 旗
🇬🇷	flag: Greece	旗: 希腊	flag greece | 旗 希腊 | flag | 旗
🇬🇸	flag: South Georgia & South Sandwich Islands	旗: 南乔治亚和南桑威奇群岛	flag south georgia & south sandwich islands | 旗 南乔治亚和南桑威奇群岛 | flag | 旗
🇬🇹	flag: Guatemala	旗: 危地马拉	flag guatemala | 旗 危地马拉 | flag | 旗
🇬🇺	flag: Guam	旗: 关岛	flag guam | 旗 关岛 | flag | 旗
🇬🇼	flag: Guinea-Bissau	旗: 几内亚比绍	flag guinea bissau | 旗 几内亚比绍 | flag | 旗
🇬🇾	flag: Guyana	旗: 圭亚那	flag guyana | 旗 圭亚那 | flag | 旗
🇭🇰	flag: Hong Kong SAR China	旗: 中国香港特别行政区	flag hong kong sar china | 旗 中国香港特别行政区 | flag | 旗
🇭🇲	flag: Heard & McDonald Islands	旗: 赫德岛和麦克唐纳群岛	flag heard & mcdonald islands | 旗 赫德岛和麦克唐纳群岛 | flag | 旗
🇭🇳	flag: Honduras	旗: 洪都拉斯	flag honduras | 旗 洪都拉斯 | flag | 旗
🇭🇷	flag: Croatia	旗: 克罗地亚	flag croatia | 旗 克罗地亚 | flag | 旗
🇭🇹	flag: Haiti	旗: 海地	flag haiti | 旗 海地 | flag | 旗
🇭🇺	flag: Hungary	旗: 匈牙利	flag hungary | 旗 匈牙利 | flag | 旗
🇮🇨	flag: Canary Islands	旗: 加纳利群岛	flag canary islands | 旗 加纳利群岛 | flag | 旗
🇮🇩	flag: Indonesia	旗: 印度尼西亚	flag indonesia | 旗 印度尼西亚 | flag | 旗
🇮🇪	flag: Ireland	旗: 爱尔兰	flag ireland | 旗 爱尔兰 | flag | 旗
🇮🇱	flag: Israel	旗: 以色列	flag israel | 旗 以色列 | flag | 旗
🇮🇲	flag: Isle of Man	旗: 马恩岛	flag isle of man | 旗 马恩岛 | flag | 旗
🇮🇳	flag: India	旗: 印度	flag india | 旗 印度 | flag | 旗
🇮🇴	flag: British Indian Ocean Territory	旗: 英属印度洋领地	flag british indian ocean territory | 旗 英属印度洋领地 | flag | 旗
🇮🇶	flag: Iraq	旗: 伊拉克	flag iraq | 旗 伊拉克 | flag | 旗
🇮🇷	flag: Iran	旗: 伊朗	flag iran | 旗 伊朗 | flag | 旗
🇮🇸	flag: Iceland	旗: 冰岛	flag iceland | 旗 冰岛 | flag | 旗
🇮🇹	flag: Italy	旗: 意大利	flag italy | 旗 意大利 | flag | 旗
🇯🇪	flag: Jersey	旗: 泽西岛	flag jersey | 旗 泽西岛 | flag | 旗
🇯🇲	flag: Jamaica	旗: 牙买加	flag jamaica | 旗 牙买加 | flag | 旗
🇯🇴	flag: Jordan	旗: 约旦	flag jordan | 旗 约旦 | flag | 旗
🇯🇵	flag: Japan	旗: 日本	flag japan | 旗 日本 | flag | 旗
🇰🇪	flag: Kenya	旗: 肯尼亚	flag kenya | 旗 肯尼亚 | flag | 旗
🇰🇬	flag: Kyrgyzstan	旗: 吉尔吉斯斯坦	flag kyrgyzstan | 旗 吉尔吉斯斯坦 | flag | 旗
🇰🇭	flag: Cambodia	旗: 柬埔寨	flag cambodia | 旗 柬埔寨 | flag | 旗
🇰🇮	flag: Kiribati	旗: 基里巴斯	flag kiribati | 旗 基里巴斯 | flag | 旗
🇰🇲	flag: Comoros	旗: 科摩罗	flag comoros | 旗 科摩罗 | flag | 旗
🇰🇳	flag: St. Kitts & Nevis	旗: 圣基茨和尼维斯	flag st. kitts & nevis | 旗 圣基茨和尼维斯 | flag | 旗
🇰🇵	flag: North Korea	旗: 朝鲜	flag north korea | 旗 朝鲜 | flag | 旗
🇰🇷	flag: South Korea	旗: 韩国	flag south korea | 旗 韩国 | flag | 旗
🇰🇼	flag: Kuwait	旗: 科威特	flag kuwait | 旗 科威特 | flag | 旗
🇰🇾	flag: Cayman Islands	旗: 开曼群岛	flag cayman islands | 旗 开曼群岛 | flag | 旗
🇰🇿	flag: Kazakhstan	旗: 哈萨克斯坦	flag kazakhstan | 旗 哈萨克斯坦 | flag | 旗
🇱🇦	flag: Laos	旗: 老挝	flag laos | 旗 老挝 | flag | 旗
🇱🇧	flag: Lebanon	旗: 黎巴嫩	flag lebanon | 旗 黎巴嫩 | flag | 旗
🇱🇨	flag: St. Lucia	旗: 圣卢西亚	flag st. lucia | 旗 圣卢西亚 | flag | 旗
🇱🇮	flag: Liechtenstein	旗: 列支敦士登	flag liechtenstein | 旗 列支敦士登 | flag | 旗
🇱🇰	flag: Sri Lanka	旗: 斯里兰卡	flag sri lanka | 旗 斯里兰卡 | flag | 旗
🇱🇷	flag: Liberia	旗: 利比里亚	flag liberia | 旗 利比里亚 | flag | 旗
🇱🇸	flag: Lesotho	旗: 莱索托	flag lesotho | 旗 莱索托 | flag | 旗
🇱🇹	flag: Lithuania	旗: 立陶宛	flag lithuania | 旗 立陶宛 | flag | 旗
🇱🇺	flag: Luxembourg	旗: 卢森堡	flag luxembourg | 旗 卢森堡 | flag | 旗
🇱🇻	flag: Latvia	旗: 拉脱维亚	flag latvia | 旗 拉脱维亚 | flag | 旗
🇱🇾	flag: Libya	旗: 利比亚	flag libya | 旗 利比亚 | flag | 旗
🇲🇦	flag: Morocco	旗: 摩洛哥	flag morocco | 旗 摩洛哥 | flag | 旗
🇲🇨	flag: Monaco	旗: 摩纳哥	flag monaco | 旗 摩纳哥 | flag | 旗
🇲🇩	flag: Moldova	旗: 摩尔多瓦	flag moldova | 旗 摩尔多瓦 | flag | 旗
🇲🇪	flag: Montenegro	旗: 黑山	flag montenegro | 旗 黑山 | flag | 旗
🇲🇫	flag: St. Martin	旗: 法属圣马丁	flag st. martin | 旗 法属圣马丁 | flag | 旗
🇲🇬	flag: Madagascar	旗: 马达加斯加	flag madagascar | 旗 马达加斯加 | flag | 旗
🇲🇭	flag: Marshall Islands	旗: 马绍尔群岛	flag marshall islands | 旗 马绍尔群岛 | flag | 旗
🇲🇰	flag: North Macedonia	旗: 北马其顿	flag north macedonia | 旗 北马其顿 | flag | 旗
🇲🇱	flag: Mali	旗: 马里	flag mali | 旗 马里 | flag | 旗
🇲🇲	flag: Myanmar (Burma)	旗: 缅甸	flag myanmar (burma) | 旗 缅甸 | flag | 旗
🇲🇳	flag: Mongolia	旗: 蒙古	flag mongolia | 旗 蒙古 | flag | 旗
🇲🇴	flag: Macao SAR China	旗: 中国澳门特别行政区	flag macao sar china | 旗 中国澳门特别行政区 | flag | 旗
🇲🇵	flag: Northern Mariana Islands	旗: 北马里亚纳群岛	flag northern mariana islands | 旗 北马里亚纳群岛 | flag | 旗
🇲🇶	flag: Martinique	旗: 马提尼克	flag martinique | 旗 马提尼克 | flag | 旗
🇲🇷	flag: Mauritania	旗: 毛里塔尼亚	flag mauritania | 旗 毛里塔尼亚 | flag | 旗
🇲🇸	flag: Montserrat	旗: 蒙特塞拉特	flag montserrat | 旗 蒙特塞拉特 | flag | 旗
🇲🇹	flag: Malta	旗: 马耳他	flag malta | 旗 马耳他 | flag | 旗
🇲🇺	flag: Mauritius	旗: 毛里求斯	flag mauritius | 旗 毛里求斯 | flag | 旗
🇲🇻	flag: Maldives	旗: 马尔代夫	flag maldives | 旗 马尔代夫 | flag | 旗
🇲🇼	flag: Malawi	旗: 马拉维	flag malawi | 旗 马拉维 | flag | 旗
🇲🇽	flag: Mexico	旗: 墨西哥	flag mexico | 旗 墨西哥 | flag | 旗
🇲🇾	flag: Malaysia	旗: 马来西亚	flag malaysia | 旗 马来西亚 | flag | 旗
🇲🇿	flag: Mozambique	旗: 莫桑比克	flag mozambique | 旗 莫桑比克 | flag | 旗
🇳🇦	flag: Namibia	旗: 纳米比亚	flag namibia | 旗 纳米比亚 | flag | 旗
🇳🇨	flag: New Caledonia	旗: 新喀里多尼亚	flag new caledonia | 旗 新喀里多尼亚 | flag | 旗
🇳🇪	flag: Niger	旗: 尼日尔	flag niger | 旗 尼日尔 | flag | 旗
🇳🇫	flag: Norfolk Island	旗: 诺福克岛	flag norfolk island | 旗 诺福克岛 | flag | 旗
🇳🇬	flag: Nigeria	旗: 尼日利亚	flag nigeria | 旗 尼日利亚 | flag | 旗
🇳🇮	flag: Nicaragua	旗: 尼加拉瓜	flag nicaragua | 旗 尼加拉瓜 | flag | 旗
🇳🇱	flag: Netherlands	旗: 荷兰	flag netherlands | 旗 荷兰 | flag | 旗
🇳🇴	flag: Norway	旗: 挪威	flag norway | 旗 挪威 | flag | 旗
🇳🇵	flag: Nepal	旗: 尼泊尔	flag nepal | 旗 尼泊尔 | flag | 旗
🇳🇷	flag: Nauru	旗: 瑙鲁	flag nauru | 旗 瑙鲁 | flag | 旗
🇳🇺	flag: Niue	旗: 纽埃	flag niue | 旗 纽埃 | flag | 旗
🇳🇿	flag: New Zealand	旗: 新西兰	flag new zealand | 旗 新西兰 | flag | 旗
🇴🇲	flag: Oman	旗: 阿曼	flag oman | 旗 阿曼 | flag | 旗
🇵🇦	flag: Panama	旗: 巴拿马	flag panama | 旗 巴拿马 | flag | 旗
🇵🇪	flag: Peru	旗: 秘鲁	flag peru | 旗 秘鲁 | flag | 旗
🇵🇫	flag: French Polynesia	旗: 法属波利尼西亚	flag french polynesia | 旗 法属波利尼西亚 | flag | 旗
🇵🇬	flag: Papua New Guinea	旗: 巴布亚新几内亚	flag papua new guinea | 旗 巴布亚新几内亚 | flag | 旗
🇵🇭	flag: Philippines	旗: 菲律宾	flag philippines | 旗 菲律宾 | flag | 旗
🇵🇰	flag: Pakistan	旗: 巴基斯坦	flag pakistan | 旗 巴基斯坦 | flag | 旗
🇵🇱	flag: Poland	旗: 波兰	flag poland | 旗 波兰 | flag | 旗
🇵🇲	flag: St. Pierre & Miquelon	旗: 圣皮埃尔和密克隆群岛	flag st. pierre & miquelon | 旗 圣皮埃尔和密克隆群岛 | flag | 旗
🇵🇳	flag: Pitcairn Islands	旗: 皮特凯恩群岛	flag pitcairn islands | 旗 皮特凯恩群岛 | flag | 旗
🇵🇷	flag: Puerto Rico	旗: 波多黎各	flag puerto rico | 旗 波多黎各 | flag | 旗
🇵🇸	flag: Palestinian Territories	旗: 巴勒斯坦领土	flag palestinian territories | 旗 巴勒斯坦领土 | flag | 旗
🇵🇹	flag: Portugal	旗: 葡萄牙	flag portugal | 旗 葡萄牙 | flag | 旗
🇵🇼	flag: Palau	旗: 帕劳	flag palau | 旗 帕劳 | flag | 旗
🇵🇾	flag: Paraguay	旗: 巴拉圭	flag paraguay | 旗 巴拉圭 | flag | 旗
🇶🇦	flag: Qatar	旗: 卡塔尔	flag qatar | 旗 卡塔尔 | flag | 旗
🇷🇪	flag: Réunion	旗: 留尼汪	flag réunion | 旗 留尼汪 | flag | 旗
🇷🇴	flag: Romania	旗: 罗马尼亚	flag romania | 旗 罗马尼亚 | flag | 旗
🇷🇸	flag: Serbia	旗: 塞尔维亚	flag serbia | 旗 塞尔维亚 | flag | 旗
🇷🇺	flag: Russia	旗: 俄罗斯	flag russia | 旗 俄罗斯 | flag | 旗
🇷🇼	flag: Rwanda	旗: 卢旺达	flag rwanda | 旗 卢旺达 | flag | 旗
🇸🇦	flag: Saudi Arabia	旗: 沙特阿拉伯	flag saudi arabia | 旗 沙特阿拉伯 | flag | 旗
🇸🇧	flag: Solomon Islands	旗: 所罗门群岛	flag solomon islands | 旗 所罗门群岛 | flag | 旗
🇸🇨	flag: Seychelles	旗: 塞舌尔	flag seychelles | 旗 塞舌尔 | flag | 旗
🇸🇩	flag: Sudan	旗: 苏丹	flag sudan | 旗 苏丹 | flag | 旗
🇸🇪	flag: Sweden	旗: 瑞典	flag sweden | 旗 瑞典 | flag | 旗
🇸🇬	flag: Singapore	旗: 新加坡	flag singapore | 旗 新加坡 | flag | 旗
🇸🇭	flag: St. Helena	旗: 圣赫勒拿	flag st. helena | 旗 圣赫勒拿 | flag | 旗
🇸🇮	flag: Slovenia	旗: 斯洛文尼亚	flag slovenia | 旗 斯洛文尼亚 | flag | 旗
🇸🇯	flag: Svalbard & Jan Mayen	旗: 斯瓦尔巴和扬马延	flag svalbard & jan mayen | 旗 斯瓦尔巴和扬马延 | flag | 旗
🇸🇰	flag: Slovakia	旗: 斯洛伐克	flag slovakia | 旗 斯洛伐克 | flag | 旗
🇸🇱	flag: Sierra Leone	旗: 塞拉利昂	flag sierra leone | 旗 塞拉利昂 | flag | 旗
🇸🇲	flag: San Marino	旗: 圣马力诺	flag san marino | 旗 圣马力诺 | flag | 旗
🇸🇳	flag: Senegal	旗: 塞内加尔	flag senegal | 旗 塞内加尔 | flag | 旗
🇸🇴	flag: Somalia	旗: 索马里	flag somalia | 旗 索马里 | flag | 旗
🇸🇷	flag: Suriname	旗: 苏里南	flag suriname | 旗 苏里南 | flag | 旗
🇸🇸	flag: South Sudan	旗: 南苏丹	flag south sudan | 旗 南苏丹 | flag | 旗
🇸🇹	flag: São Tomé & Príncipe	旗: 圣多美和普林西比	flag são tomé & príncipe | 旗 圣多美和普林西比 | flag | 旗
🇸🇻	flag: El Salvador	旗: 萨尔瓦多	flag el salvador | 旗 萨尔瓦多 | flag | 旗
🇸🇽	flag: Sint Maarten	旗: 荷属圣马丁	flag sint maarten | 旗 荷属圣马丁 | flag | 旗
🇸🇾	flag: Syria	旗: 叙利亚	flag syria | 旗 叙利亚 | flag | 旗
🇸🇿	flag: Eswatini	旗: 斯威士兰	flag eswatini | 旗 斯威士兰 | flag | 旗
🇹🇦	flag: Tristan da Cunha	旗: 特里斯坦-达库尼亚群岛	flag tristan da cunha | 旗 特里斯坦 达库尼亚群岛 | flag | 旗
🇹🇨	flag: Turks & Caicos Islands	旗: 特克斯和凯科斯群岛	flag turks & caicos islands | 旗 特克斯和凯科斯群岛 | flag | 旗
🇹🇩	flag: Chad	旗: 乍得	flag chad | 旗 乍得 | flag | 旗
🇹🇫	flag: French Southern Territories	旗: 法属南部领地	flag french southern territories | 旗 法属南部领地 | flag | 旗
🇹🇬	flag: Togo	旗: 多哥	flag togo | 旗 多哥 | flag | 旗
🇹🇭	flag: Thailand	旗: 泰国	flag thailand | 旗 泰国 | flag | 旗
🇹🇯	flag: Tajikistan	旗: 塔吉克斯坦	flag tajikistan | 旗 塔吉克斯坦 | flag | 旗
🇹🇰	flag: Tokelau	旗: 托克劳	flag tokelau | 旗 托克劳 | flag | 旗
🇹🇱	flag: Timor-Leste	旗: 东帝汶	flag timor leste | 旗 东帝汶 | flag | 旗
🇹🇲	flag: Turkmenistan	旗: 土库曼斯坦	flag turkmenistan | 旗 土库曼斯坦 | flag | 旗
🇹🇳	flag: Tunisia	旗: 突尼斯	flag tunisia | 旗 突尼斯 | flag | 旗
🇹🇴	flag: Tonga	旗: 汤加	flag tonga | 旗 汤加 | flag | 旗
🇹🇷	flag: Türkiye	旗: 土耳其	flag türkiye | 旗 土耳其 | flag | 旗
🇹🇹	flag: Trinidad & Tobago	旗: 特立尼达和多巴哥	flag trinidad & tobago | 旗 特立尼达和多巴哥 | flag | 旗
🇹🇻	flag: Tuvalu	旗: 图瓦卢	flag tuvalu | 旗 图瓦卢 | flag | 旗
🇹🇼	flag: Taiwan	旗: 台湾	flag taiwan | 旗 台湾 | flag | 旗
🇹🇿	flag: Tanzania	旗: 坦桑尼亚	flag tanzania | 旗 坦桑尼亚 | flag | 旗
🇺🇦	flag: Ukraine	旗: 乌克兰	flag ukraine | 旗 乌克兰 | flag | 旗
🇺🇬	flag: Uganda	旗: 乌干达	flag uganda | 旗 乌干达 | flag | 旗
🇺🇲	flag: U.S. Outlying Islands	旗: 美国本土外小岛屿	flag u.s. outlying islands | 旗 美国本土外小岛屿 | flag | 旗
🇺🇳	flag: United Nations	旗: 联合国	flag united nations | 旗 联合国 | flag | 旗
🇺🇸	flag: United States	旗: 美国	flag united states | 旗 美国 | flag | 旗
🇺🇾	flag: Uruguay	旗: 乌拉圭	flag uruguay | 旗 乌拉圭 | flag | 旗
🇺🇿	flag: Uzbekistan	旗: 乌兹别克斯坦	flag uzbekistan | 旗 乌兹别克斯坦 | flag | 旗
🇻🇦	flag: Vatican City	旗: 梵蒂冈	flag vatican city | 旗 梵蒂冈 | flag | 旗
🇻🇨	flag: St. Vincent & Grenadines	旗: 圣文森特和格林纳丁斯	flag st. vincent & grenadines | 旗 圣文森特和格林纳丁斯 | flag | 旗
🇻🇪	flag: Venezuela	旗: 委内瑞拉	flag venezuela | 旗 委内瑞拉 | flag | 旗
🇻🇬	flag: British Virgin Islands	旗: 英属维尔京群岛	flag british virgin islands | 旗 英属维尔京群岛 | flag | 旗
🇻🇮	flag: U.S. Virgin Islands	旗: 美属维尔京群岛	flag u.s. virgin islands | 旗 美属维尔京群岛 | flag | 旗
🇻🇳	flag: Vietnam	旗: 越南	flag vietnam | 旗 越南 | flag | 旗
🇻🇺	flag: Vanuatu	旗: 瓦努阿图	flag vanuatu | 旗 瓦努阿图 | flag | 旗
🇼🇫	flag: Wallis & Futuna	旗: 瓦利斯和富图纳	flag wallis & futuna | 旗 瓦利斯和富图纳 | flag | 旗
🇼🇸	flag: Samoa	旗: 萨摩亚	flag samoa | 旗 萨摩亚 | flag | 旗
🇽🇰	flag: Kosovo	旗: 科索沃	flag kosovo | 旗 科索沃 | flag | 旗
🇾🇪	flag: Yemen	旗: 也门	flag yemen | 旗 也门 | flag | 旗
🇾🇹	flag: Mayotte	旗: 马约特	flag mayotte | 旗 马约特 | flag | 旗
🇿🇦	flag: South Africa	旗: 南非	flag south africa | 旗 南非 | flag | 旗
🇿🇲	flag: Zambia	旗: 赞比亚	flag zambia | 旗 赞比亚 | flag | 旗
🇿🇼	flag: Zimbabwe	旗: 津巴布韦	flag zimbabwe | 旗 津巴布韦 | flag | 旗
🏴󠁧󠁢󠁥󠁮󠁧󠁿	flag: England	旗: 英格兰	flag england | 旗 英格兰 | flag | 旗
🏴󠁧󠁢󠁳󠁣󠁴󠁿	flag: Scotland	旗: 苏格兰	flag scotland | 旗 苏格兰 | flag | 旗
🏴󠁧󠁢󠁷󠁬󠁳󠁿	flag: Wales	旗: 威尔士	flag wales | 旗 威尔士 | flag | 旗
